[debug] [2026-02-16T01:00:15.389Z] ----------------------------------------------------------------------
[debug] [2026-02-16T01:00:15.390Z] Command:       /Users/edmondmbadu/.nvm/versions/node/v22.20.0/bin/node /Users/edmondmbadu/.nvm/versions/node/v22.20.0/bin/firebase deploy --only functions
[debug] [2026-02-16T01:00:15.390Z] CLI Version:   14.17.0
[debug] [2026-02-16T01:00:15.390Z] Platform:      darwin
[debug] [2026-02-16T01:00:15.390Z] Node Version:  v22.20.0
[debug] [2026-02-16T01:00:15.390Z] Time:          Sun Feb 15 2026 17:00:15 GMT-0800 (Pacific Standard Time)
[debug] [2026-02-16T01:00:15.390Z] ----------------------------------------------------------------------
[debug] 
[debug] [2026-02-16T01:00:15.465Z] > command requires scopes: ["email","openid","https://www.googleapis.com/auth/cloudplatformprojects.readonly","https://www.googleapis.com/auth/firebase","https://www.googleapis.com/auth/cloud-platform"]
[debug] [2026-02-16T01:00:15.465Z] > authorizing via signed-in user (mbadungoma@gmail.com)
[debug] [2026-02-16T01:00:15.465Z] [iam] checking project rocket-prompt for permissions ["cloudfunctions.functions.create","cloudfunctions.functions.delete","cloudfunctions.functions.get","cloudfunctions.functions.list","cloudfunctions.functions.update","cloudfunctions.operations.get","firebase.projects.get"]
[debug] [2026-02-16T01:00:15.465Z] Checked if tokens are valid: true, expires at: 1771207149356
[debug] [2026-02-16T01:00:15.465Z] Checked if tokens are valid: true, expires at: 1771207149356
[debug] [2026-02-16T01:00:15.465Z] >>> [apiv2][query] POST https://cloudresourcemanager.googleapis.com/v1/projects/rocket-prompt:testIamPermissions [none]
[debug] [2026-02-16T01:00:15.465Z] >>> [apiv2][(partial)header] POST https://cloudresourcemanager.googleapis.com/v1/projects/rocket-prompt:testIamPermissions x-goog-quota-user=projects/rocket-prompt
[debug] [2026-02-16T01:00:15.466Z] >>> [apiv2][body] POST https://cloudresourcemanager.googleapis.com/v1/projects/rocket-prompt:testIamPermissions {"permissions":["cloudfunctions.functions.create","cloudfunctions.functions.delete","cloudfunctions.functions.get","cloudfunctions.functions.list","cloudfunctions.functions.update","cloudfunctions.operations.get","firebase.projects.get"]}
[debug] [2026-02-16T01:00:15.731Z] <<< [apiv2][status] POST https://cloudresourcemanager.googleapis.com/v1/projects/rocket-prompt:testIamPermissions 200
[debug] [2026-02-16T01:00:15.732Z] <<< [apiv2][body] POST https://cloudresourcemanager.googleapis.com/v1/projects/rocket-prompt:testIamPermissions {"permissions":["cloudfunctions.functions.create","cloudfunctions.functions.delete","cloudfunctions.functions.get","cloudfunctions.functions.list","cloudfunctions.functions.update","cloudfunctions.operations.get","firebase.projects.get"]}
[debug] [2026-02-16T01:00:15.732Z] Checked if tokens are valid: true, expires at: 1771207149356
[debug] [2026-02-16T01:00:15.732Z] Checked if tokens are valid: true, expires at: 1771207149356
[debug] [2026-02-16T01:00:15.732Z] >>> [apiv2][query] POST https://iam.googleapis.com/v1/projects/rocket-prompt/serviceAccounts/rocket-prompt@appspot.gserviceaccount.com:testIamPermissions [none]
[debug] [2026-02-16T01:00:15.732Z] >>> [apiv2][body] POST https://iam.googleapis.com/v1/projects/rocket-prompt/serviceAccounts/rocket-prompt@appspot.gserviceaccount.com:testIamPermissions {"permissions":["iam.serviceAccounts.actAs"]}
[debug] [2026-02-16T01:00:15.969Z] <<< [apiv2][status] POST https://iam.googleapis.com/v1/projects/rocket-prompt/serviceAccounts/rocket-prompt@appspot.gserviceaccount.com:testIamPermissions 200
[debug] [2026-02-16T01:00:15.969Z] <<< [apiv2][body] POST https://iam.googleapis.com/v1/projects/rocket-prompt/serviceAccounts/rocket-prompt@appspot.gserviceaccount.com:testIamPermissions {"permissions":["iam.serviceAccounts.actAs"]}
[info] 
[info] === Deploying to 'rocket-prompt'...
[info] 
[info] i  deploying functions 
[info] Running command: npm --prefix "$RESOURCE_DIR" run lint
[info] Running command: npm --prefix "$RESOURCE_DIR" run build
[info] ✔  functions: Finished running predeploy script. 
[debug] [2026-02-16T01:00:37.764Z] Checked if tokens are valid: true, expires at: 1771207149356
[debug] [2026-02-16T01:00:37.764Z] Checked if tokens are valid: true, expires at: 1771207149356
[debug] [2026-02-16T01:00:37.764Z] >>> [apiv2][query] GET https://cloudresourcemanager.googleapis.com/v1/projects/rocket-prompt [none]
[debug] [2026-02-16T01:00:37.930Z] <<< [apiv2][status] GET https://cloudresourcemanager.googleapis.com/v1/projects/rocket-prompt 200
[debug] [2026-02-16T01:00:37.930Z] <<< [apiv2][body] GET https://cloudresourcemanager.googleapis.com/v1/projects/rocket-prompt {"projectNumber":"169050684401","projectId":"rocket-prompt","lifecycleState":"ACTIVE","name":"rocket-prompt","labels":{"firebase":"enabled","firebase-core":"disabled"},"createTime":"2025-10-23T19:13:09.454747Z"}
[info] i  functions: preparing codebase default for deployment 
[info] i  functions: ensuring required API cloudfunctions.googleapis.com is enabled... 
[info] i  functions: ensuring required API cloudbuild.googleapis.com is enabled... 
[info] i  artifactregistry: ensuring required API artifactregistry.googleapis.com is enabled... 
[debug] [2026-02-16T01:00:37.932Z] Checked if tokens are valid: true, expires at: 1771207149356
[debug] [2026-02-16T01:00:37.932Z] Checked if tokens are valid: true, expires at: 1771207149356
[debug] [2026-02-16T01:00:37.932Z] >>> [apiv2][query] GET https://firebase.googleapis.com/v1beta1/projects/rocket-prompt/adminSdkConfig [none]
[debug] [2026-02-16T01:00:38.175Z] <<< [apiv2][status] GET https://firebase.googleapis.com/v1beta1/projects/rocket-prompt/adminSdkConfig 200
[debug] [2026-02-16T01:00:38.175Z] <<< [apiv2][body] GET https://firebase.googleapis.com/v1beta1/projects/rocket-prompt/adminSdkConfig {"projectId":"rocket-prompt","storageBucket":"rocket-prompt.firebasestorage.app"}
[debug] [2026-02-16T01:00:38.176Z] Checked if tokens are valid: true, expires at: 1771207149356
[debug] [2026-02-16T01:00:38.176Z] Checked if tokens are valid: true, expires at: 1771207149356
[debug] [2026-02-16T01:00:38.176Z] >>> [apiv2][query] GET https://runtimeconfig.googleapis.com/v1beta1/projects/rocket-prompt/configs [none]
[debug] [2026-02-16T01:00:38.460Z] <<< [apiv2][status] GET https://runtimeconfig.googleapis.com/v1beta1/projects/rocket-prompt/configs 200
[debug] [2026-02-16T01:00:38.460Z] <<< [apiv2][body] GET https://runtimeconfig.googleapis.com/v1beta1/projects/rocket-prompt/configs {"configs":[{"name":"projects/rocket-prompt/configs/google_ai"}]}
[debug] [2026-02-16T01:00:38.460Z] Checked if tokens are valid: true, expires at: 1771207149356
[debug] [2026-02-16T01:00:38.460Z] Checked if tokens are valid: true, expires at: 1771207149356
[debug] [2026-02-16T01:00:38.460Z] >>> [apiv2][query] GET https://runtimeconfig.googleapis.com/v1beta1/projects/rocket-prompt/configs/google_ai/variables [none]
[debug] [2026-02-16T01:00:38.608Z] <<< [apiv2][status] GET https://runtimeconfig.googleapis.com/v1beta1/projects/rocket-prompt/configs/google_ai/variables 200
[debug] [2026-02-16T01:00:38.608Z] <<< [apiv2][body] GET https://runtimeconfig.googleapis.com/v1beta1/projects/rocket-prompt/configs/google_ai/variables {"variables":[{"name":"projects/rocket-prompt/configs/google_ai/variables/api_key","updateTime":"2025-11-16T04:37:16.312353513Z"}]}
[debug] [2026-02-16T01:00:38.609Z] Checked if tokens are valid: true, expires at: 1771207149356
[debug] [2026-02-16T01:00:38.609Z] Checked if tokens are valid: true, expires at: 1771207149356
[debug] [2026-02-16T01:00:38.609Z] >>> [apiv2][query] GET https://runtimeconfig.googleapis.com/v1beta1/projects/rocket-prompt/configs/google_ai/variables/api_key [none]
[debug] [2026-02-16T01:00:38.768Z] <<< [apiv2][status] GET https://runtimeconfig.googleapis.com/v1beta1/projects/rocket-prompt/configs/google_ai/variables/api_key 200
[debug] [2026-02-16T01:00:38.769Z] <<< [apiv2][body] GET https://runtimeconfig.googleapis.com/v1beta1/projects/rocket-prompt/configs/google_ai/variables/api_key {"name":"projects/rocket-prompt/configs/google_ai/variables/api_key","updateTime":"2025-11-16T04:37:16.312353513Z","text":"AIzaSyDQMyaGmv1Qw6jBx-P6ihr62mauQ-YOKbE"}
[debug] [2026-02-16T01:00:38.771Z] Validating nodejs source
[warn] ⚠  functions: package.json indicates an outdated version of firebase-functions. Please upgrade using npm install --save firebase-functions@latest in your functions directory. 
[warn] ⚠  functions: Please note that there will be breaking changes when you upgrade. 
[debug] [2026-02-16T01:00:46.242Z] > [functions] package.json contents: {
  "name": "functions",
  "scripts": {
    "lint": "eslint --ext .js,.ts .",
    "build": "tsc",
    "build:watch": "tsc --watch",
    "serve": "npm run build && firebase emulators:start --only functions",
    "shell": "npm run build && firebase functions:shell",
    "start": "npm run shell",
    "deploy": "firebase deploy --only functions",
    "logs": "firebase functions:log"
  },
  "engines": {
    "node": "22"
  },
  "main": "lib/index.js",
  "dependencies": {
    "@google-analytics/data": "^5.2.1",
    "@google/generative-ai": "^0.21.0",
    "@sendgrid/mail": "^8.1.6",
    "mammoth": "^1.8.0",
    "pdf-parse": "^1.1.1",
    "firebase-admin": "^12.6.0",
    "firebase-functions": "^6.0.1",
    "stripe": "^20.1.0",
    "twilio": "^5.3.5"
  },
  "devDependencies": {
    "@typescript-eslint/eslint-plugin": "^5.12.0",
    "@typescript-eslint/parser": "^5.12.0",
    "eslint": "^8.9.0",
    "eslint-config-google": "^0.14.0",
    "eslint-plugin-import": "^2.25.4",
    "firebase-functions-test": "^3.1.0",
    "typescript": "^5.7.3"
  },
  "private": true
}
[debug] [2026-02-16T01:00:46.242Z] Building nodejs source
[info] i  functions: Loading and analyzing source code for codebase default to determine what to deploy 
[debug] [2026-02-16T01:00:46.243Z] Could not find functions.yaml. Must use http discovery
[debug] [2026-02-16T01:00:46.247Z] Found firebase-functions binary at '/Users/edmondmbadu/repo/rocket-goals/functions/node_modules/.bin/firebase-functions'
[info] Serving at port 8555

[debug] [2026-02-16T01:00:46.765Z] Got response from /__/functions.yaml {"endpoints":{"initiateHeyGenVideo":{"availableMemoryMb":null,"timeoutSeconds":60,"minInstances":null,"maxInstances":null,"ingressSettings":null,"concurrency":null,"serviceAccountEmail":null,"vpc":null,"platform":"gcfv2","region":["us-central1"],"secretEnvironmentVariables":[{"key":"HEYGEN_API_KEY"}],"labels":{},"callableTrigger":{},"entryPoint":"initiateHeyGenVideo"},"checkHeyGenVideoStatus":{"availableMemoryMb":null,"timeoutSeconds":30,"minInstances":null,"maxInstances":null,"ingressSettings":null,"concurrency":null,"serviceAccountEmail":null,"vpc":null,"platform":"gcfv2","region":["us-central1"],"secretEnvironmentVariables":[{"key":"HEYGEN_API_KEY"}],"labels":{},"callableTrigger":{},"entryPoint":"checkHeyGenVideoStatus"},"listHeyGenAvatars":{"availableMemoryMb":null,"timeoutSeconds":30,"minInstances":null,"maxInstances":null,"ingressSettings":null,"concurrency":null,"serviceAccountEmail":null,"vpc":null,"platform":"gcfv2","region":["us-central1"],"secretEnvironmentVariables":[{"key":"HEYGEN_API_KEY"}],"labels":{},"callableTrigger":{},"entryPoint":"listHeyGenAvatars"},"telegramWebhook":{"availableMemoryMb":null,"timeoutSeconds":null,"minInstances":null,"maxInstances":null,"ingressSettings":null,"concurrency":null,"serviceAccountEmail":null,"vpc":null,"platform":"gcfv2","region":["us-central1"],"secretEnvironmentVariables":[{"key":"TELEGRAM_BOT_TOKEN"},{"key":"GEMINI_API_KEY"}],"labels":{},"httpsTrigger":{},"entryPoint":"telegramWebhook"},"linkTelegramAccount":{"availableMemoryMb":null,"timeoutSeconds":null,"minInstances":null,"maxInstances":null,"ingressSettings":null,"concurrency":null,"serviceAccountEmail":null,"vpc":null,"platform":"gcfv2","region":["us-central1"],"secretEnvironmentVariables":[{"key":"TELEGRAM_BOT_TOKEN"}],"labels":{},"callableTrigger":{},"entryPoint":"linkTelegramAccount"},"unlinkTelegramAccount":{"availableMemoryMb":null,"timeoutSeconds":null,"minInstances":null,"maxInstances":null,"ingressSettings":null,"concurrency":null,"serviceAccountEmail":null,"vpc":null,"platform":"gcfv2","region":["us-central1"],"secretEnvironmentVariables":[{"key":"TELEGRAM_BOT_TOKEN"}],"labels":{},"callableTrigger":{},"entryPoint":"unlinkTelegramAccount"},"getTelegramLinkStatus":{"availableMemoryMb":null,"timeoutSeconds":null,"minInstances":null,"maxInstances":null,"ingressSettings":null,"concurrency":null,"serviceAccountEmail":null,"vpc":null,"platform":"gcfv2","region":["us-central1"],"labels":{},"callableTrigger":{},"entryPoint":"getTelegramLinkStatus"},"generateTelegramDeepLink":{"availableMemoryMb":null,"timeoutSeconds":null,"minInstances":null,"maxInstances":null,"ingressSettings":null,"concurrency":null,"serviceAccountEmail":null,"vpc":null,"platform":"gcfv2","region":["us-central1"],"labels":{},"callableTrigger":{},"entryPoint":"generateTelegramDeepLink"},"sendTelegramDailyCheckins":{"availableMemoryMb":null,"timeoutSeconds":null,"minInstances":null,"maxInstances":null,"ingressSettings":null,"concurrency":null,"serviceAccountEmail":null,"vpc":null,"platform":"gcfv2","region":["us-central1"],"secretEnvironmentVariables":[{"key":"TELEGRAM_BOT_TOKEN"}],"labels":{},"scheduleTrigger":{"schedule":"every 1 hours","retryConfig":{},"timeZone":"America/New_York"},"entryPoint":"sendTelegramDailyCheckins"},"sendTelegramMissionLogReminders":{"availableMemoryMb":null,"timeoutSeconds":null,"minInstances":null,"maxInstances":null,"ingressSettings":null,"concurrency":null,"serviceAccountEmail":null,"vpc":null,"platform":"gcfv2","region":["us-central1"],"secretEnvironmentVariables":[{"key":"TELEGRAM_BOT_TOKEN"}],"labels":{},"scheduleTrigger":{"schedule":"every 1 hours","retryConfig":{},"timeZone":"America/New_York"},"entryPoint":"sendTelegramMissionLogReminders"},"sendTelegramGoalNudge":{"platform":"gcfv1","labels":{},"availableMemoryMb":null,"timeoutSeconds":null,"minInstances":null,"maxInstances":null,"ingressSettings":null,"serviceAccountEmail":null,"vpc":null,"secretEnvironmentVariables":[{"key":"TELEGRAM_BOT_TOKEN"}],"callableTrigger":{},"entryPoint":"sendTelegramGoalNudge"},"stripeWebhookRocketGoals":{"platform":"gcfv1","availableMemoryMb":null,"timeoutSeconds":null,"minInstances":null,"maxInstances":null,"ingressSettings":null,"serviceAccountEmail":null,"vpc":null,"secretEnvironmentVariables":[{"key":"STRIPE_WEBHOOK_SECRET_GOALS"}],"httpsTrigger":{},"entryPoint":"stripeWebhookRocketGoals"},"processAIPrompt":{"platform":"gcfv1","availableMemoryMb":null,"timeoutSeconds":null,"minInstances":null,"maxInstances":null,"ingressSettings":null,"serviceAccountEmail":null,"vpc":null,"secretEnvironmentVariables":[{"key":"GEMINI_API_KEY"}],"eventTrigger":{"eventType":"providers/cloud.firestore/eventTypes/document.create","eventFilters":{"resource":"projects/rocket-prompt/databases/(default)/documents/public/{documentId}"},"retry":false},"labels":{},"entryPoint":"processAIPrompt"},"rocketGoalsAI":{"availableMemoryMb":null,"timeoutSeconds":null,"minInstances":null,"maxInstances":null,"ingressSettings":null,"concurrency":null,"serviceAccountEmail":null,"vpc":null,"platform":"gcfv2","region":["us-central1"],"secretEnvironmentVariables":[{"key":"GEMINI_API_KEY"}],"labels":{},"callableTrigger":{},"entryPoint":"rocketGoalsAI"},"runSyntheticMarketSimulation":{"availableMemoryMb":null,"timeoutSeconds":null,"minInstances":null,"maxInstances":null,"ingressSettings":null,"concurrency":null,"serviceAccountEmail":null,"vpc":null,"platform":"gcfv2","region":["us-central1"],"secretEnvironmentVariables":[{"key":"GEMINI_API_KEY"}],"labels":{},"callableTrigger":{},"entryPoint":"runSyntheticMarketSimulation"},"getAiAnalytics":{"platform":"gcfv1","labels":{},"availableMemoryMb":256,"timeoutSeconds":30,"minInstances":null,"maxInstances":null,"ingressSettings":null,"serviceAccountEmail":null,"vpc":null,"secretEnvironmentVariables":[{"key":"GA_PROPERTY_ID"}],"callableTrigger":{},"entryPoint":"getAiAnalytics"},"sendTestEmail":{"platform":"gcfv1","labels":{},"availableMemoryMb":null,"timeoutSeconds":null,"minInstances":null,"maxInstances":null,"ingressSettings":null,"serviceAccountEmail":null,"vpc":null,"secretEnvironmentVariables":[{"key":"SENDGRID_API_KEY"}],"callableTrigger":{},"entryPoint":"sendTestEmail"},"sendTestSMS":{"platform":"gcfv1","labels":{},"availableMemoryMb":null,"timeoutSeconds":null,"minInstances":null,"maxInstances":null,"ingressSettings":null,"serviceAccountEmail":null,"vpc":null,"secretEnvironmentVariables":[{"key":"TWILIO_ACCOUNT_SID"},{"key":"TWILIO_AUTH_TOKEN"},{"key":"TWILIO_PHONE_NUMBER"}],"callableTrigger":{},"entryPoint":"sendTestSMS"},"previewGoalReminder":{"platform":"gcfv1","labels":{},"availableMemoryMb":null,"timeoutSeconds":null,"minInstances":null,"maxInstances":null,"ingressSettings":null,"serviceAccountEmail":null,"vpc":null,"secretEnvironmentVariables":[{"key":"SENDGRID_API_KEY"}],"callableTrigger":{},"entryPoint":"previewGoalReminder"},"sendTestGoalReminder":{"platform":"gcfv1","labels":{},"availableMemoryMb":null,"timeoutSeconds":null,"minInstances":null,"maxInstances":null,"ingressSettings":null,"serviceAccountEmail":null,"vpc":null,"secretEnvironmentVariables":[{"key":"SENDGRID_API_KEY"}],"callableTrigger":{},"entryPoint":"sendTestGoalReminder"},"sendTestDailyReminder":{"platform":"gcfv1","labels":{},"availableMemoryMb":null,"timeoutSeconds":null,"minInstances":null,"maxInstances":null,"ingressSettings":null,"serviceAccountEmail":null,"vpc":null,"secretEnvironmentVariables":[{"key":"SENDGRID_API_KEY"}],"callableTrigger":{},"entryPoint":"sendTestDailyReminder"},"sendBulkGoalReminders":{"platform":"gcfv1","labels":{},"availableMemoryMb":512,"timeoutSeconds":540,"minInstances":null,"maxInstances":null,"ingressSettings":null,"serviceAccountEmail":null,"vpc":null,"secretEnvironmentVariables":[{"key":"SENDGRID_API_KEY"}],"callableTrigger":{},"entryPoint":"sendBulkGoalReminders"},"sendVerificationEmail":{"platform":"gcfv1","labels":{},"availableMemoryMb":null,"timeoutSeconds":null,"minInstances":null,"maxInstances":null,"ingressSettings":null,"serviceAccountEmail":null,"vpc":null,"secretEnvironmentVariables":[{"key":"SENDGRID_API_KEY"}],"callableTrigger":{},"entryPoint":"sendVerificationEmail"},"sendWelcomeEmail":{"platform":"gcfv1","labels":{},"availableMemoryMb":null,"timeoutSeconds":null,"minInstances":null,"maxInstances":null,"ingressSettings":null,"serviceAccountEmail":null,"vpc":null,"secretEnvironmentVariables":[{"key":"SENDGRID_API_KEY"}],"callableTrigger":{},"entryPoint":"sendWelcomeEmail"},"sendGoalCreatedEmail":{"platform":"gcfv1","labels":{},"availableMemoryMb":null,"timeoutSeconds":null,"minInstances":null,"maxInstances":null,"ingressSettings":null,"serviceAccountEmail":null,"vpc":null,"secretEnvironmentVariables":[{"key":"SENDGRID_API_KEY"}],"callableTrigger":{},"entryPoint":"sendGoalCreatedEmail"},"sendFanInviteEmail":{"platform":"gcfv1","labels":{},"availableMemoryMb":null,"timeoutSeconds":null,"minInstances":null,"maxInstances":null,"ingressSettings":null,"serviceAccountEmail":null,"vpc":null,"secretEnvironmentVariables":[{"key":"SENDGRID_API_KEY"}],"callableTrigger":{},"entryPoint":"sendFanInviteEmail"},"generateGoalVisualization":{"availableMemoryMb":null,"timeoutSeconds":120,"minInstances":null,"maxInstances":null,"ingressSettings":null,"concurrency":null,"serviceAccountEmail":null,"vpc":null,"platform":"gcfv2","region":["us-central1"],"secretEnvironmentVariables":[{"key":"GEMINI_API_KEY"}],"labels":{},"callableTrigger":{},"entryPoint":"generateGoalVisualization"},"extractAttachmentContent":{"availableMemoryMb":null,"timeoutSeconds":60,"minInstances":null,"maxInstances":null,"ingressSettings":null,"concurrency":null,"serviceAccountEmail":null,"vpc":null,"platform":"gcfv2","region":["us-central1"],"secretEnvironmentVariables":[{"key":"GEMINI_API_KEY"}],"labels":{},"callableTrigger":{},"entryPoint":"extractAttachmentContent"},"createCheckoutSession":{"platform":"gcfv1","labels":{},"availableMemoryMb":null,"timeoutSeconds":null,"minInstances":null,"maxInstances":null,"ingressSettings":null,"serviceAccountEmail":null,"vpc":null,"secretEnvironmentVariables":[{"key":"STRIPE_SECRET_KEY"}],"callableTrigger":{},"entryPoint":"createCheckoutSession"},"createBillingPortalSession":{"platform":"gcfv1","labels":{},"availableMemoryMb":null,"timeoutSeconds":null,"minInstances":null,"maxInstances":null,"ingressSettings":null,"serviceAccountEmail":null,"vpc":null,"secretEnvironmentVariables":[{"key":"STRIPE_SECRET_KEY"}],"callableTrigger":{},"entryPoint":"createBillingPortalSession"},"cancelSubscription":{"platform":"gcfv1","labels":{},"availableMemoryMb":null,"timeoutSeconds":null,"minInstances":null,"maxInstances":null,"ingressSettings":null,"serviceAccountEmail":null,"vpc":null,"secretEnvironmentVariables":[{"key":"STRIPE_SECRET_KEY"}],"callableTrigger":{},"entryPoint":"cancelSubscription"},"reactivateSubscription":{"platform":"gcfv1","labels":{},"availableMemoryMb":null,"timeoutSeconds":null,"minInstances":null,"maxInstances":null,"ingressSettings":null,"serviceAccountEmail":null,"vpc":null,"secretEnvironmentVariables":[{"key":"STRIPE_SECRET_KEY"}],"callableTrigger":{},"entryPoint":"reactivateSubscription"},"redeemPromoCode":{"platform":"gcfv1","labels":{},"availableMemoryMb":null,"timeoutSeconds":null,"minInstances":null,"maxInstances":null,"ingressSettings":null,"serviceAccountEmail":null,"vpc":null,"callableTrigger":{},"entryPoint":"redeemPromoCode"},"getAuthMetadata":{"availableMemoryMb":null,"timeoutSeconds":null,"minInstances":null,"maxInstances":null,"ingressSettings":null,"concurrency":null,"serviceAccountEmail":null,"vpc":null,"platform":"gcfv2","labels":{},"callableTrigger":{},"entryPoint":"getAuthMetadata"},"scheduleDemoEmail":{"platform":"gcfv1","labels":{},"availableMemoryMb":null,"timeoutSeconds":null,"minInstances":null,"maxInstances":null,"ingressSettings":null,"serviceAccountEmail":null,"vpc":null,"secretEnvironmentVariables":[{"key":"SENDGRID_API_KEY"}],"callableTrigger":{},"entryPoint":"scheduleDemoEmail"},"getScheduledReminders":{"platform":"gcfv1","labels":{},"availableMemoryMb":null,"timeoutSeconds":null,"minInstances":null,"maxInstances":null,"ingressSettings":null,"serviceAccountEmail":null,"vpc":null,"secretEnvironmentVariables":[],"callableTrigger":{},"entryPoint":"getScheduledReminders"},"addScheduledReminder":{"platform":"gcfv1","labels":{},"availableMemoryMb":null,"timeoutSeconds":null,"minInstances":null,"maxInstances":null,"ingressSettings":null,"serviceAccountEmail":null,"vpc":null,"secretEnvironmentVariables":[],"callableTrigger":{},"entryPoint":"addScheduledReminder"},"updateScheduledReminder":{"platform":"gcfv1","labels":{},"availableMemoryMb":null,"timeoutSeconds":null,"minInstances":null,"maxInstances":null,"ingressSettings":null,"serviceAccountEmail":null,"vpc":null,"secretEnvironmentVariables":[],"callableTrigger":{},"entryPoint":"updateScheduledReminder"},"deleteScheduledReminder":{"platform":"gcfv1","labels":{},"availableMemoryMb":null,"timeoutSeconds":null,"minInstances":null,"maxInstances":null,"ingressSettings":null,"serviceAccountEmail":null,"vpc":null,"secretEnvironmentVariables":[],"callableTrigger":{},"entryPoint":"deleteScheduledReminder"},"getDefaultEmailTemplate":{"platform":"gcfv1","labels":{},"availableMemoryMb":null,"timeoutSeconds":null,"minInstances":null,"maxInstances":null,"ingressSettings":null,"serviceAccountEmail":null,"vpc":null,"secretEnvironmentVariables":[],"callableTrigger":{},"entryPoint":"getDefaultEmailTemplate"},"processScheduledReminders":{"platform":"gcfv1","availableMemoryMb":512,"timeoutSeconds":540,"minInstances":null,"maxInstances":null,"ingressSettings":null,"serviceAccountEmail":null,"vpc":null,"secretEnvironmentVariables":[{"key":"SENDGRID_API_KEY"}],"scheduleTrigger":{"schedule":"every 1 hours","retryConfig":{"retryCount":null,"maxDoublings":null,"maxRetryDuration":null,"maxBackoffDuration":null,"minBackoffDuration":null},"timeZone":"America/New_York"},"labels":{},"entryPoint":"processScheduledReminders"},"processWeeklyResets":{"platform":"gcfv1","availableMemoryMb":512,"timeoutSeconds":540,"minInstances":null,"maxInstances":null,"ingressSettings":null,"serviceAccountEmail":null,"vpc":null,"secretEnvironmentVariables":[{"key":"SENDGRID_API_KEY"}],"scheduleTrigger":{"schedule":"0 20 * * 0","retryConfig":{"retryCount":null,"maxDoublings":null,"maxRetryDuration":null,"maxBackoffDuration":null,"minBackoffDuration":null},"timeZone":"America/New_York"},"labels":{},"entryPoint":"processWeeklyResets"},"runWeeklyResetTest":{"platform":"gcfv1","labels":{},"availableMemoryMb":512,"timeoutSeconds":540,"minInstances":null,"maxInstances":null,"ingressSettings":null,"serviceAccountEmail":null,"vpc":null,"secretEnvironmentVariables":[{"key":"SENDGRID_API_KEY"}],"callableTrigger":{},"entryPoint":"runWeeklyResetTest"}},"specVersion":"v1alpha1","requiredAPIs":[{"api":"cloudscheduler.googleapis.com","reason":"Needed for scheduled functions."}],"extensions":{},"params":[{"type":"secret","name":"HEYGEN_API_KEY"},{"type":"secret","name":"TELEGRAM_BOT_TOKEN"},{"type":"secret","name":"GEMINI_API_KEY"},{"type":"secret","name":"SENDGRID_API_KEY"},{"type":"secret","name":"GA_PROPERTY_ID"},{"type":"secret","name":"STRIPE_WEBHOOK_SECRET_GOALS"},{"type":"secret","name":"STRIPE_SECRET_KEY"},{"type":"secret","name":"TWILIO_ACCOUNT_SID"},{"type":"secret","name":"TWILIO_AUTH_TOKEN"},{"type":"secret","name":"TWILIO_PHONE_NUMBER"}]}
[info] i  extensions: ensuring required API firebaseextensions.googleapis.com is enabled... 
[debug] [2026-02-16T01:00:50.797Z] > command requires scopes: ["email","openid","https://www.googleapis.com/auth/cloudplatformprojects.readonly","https://www.googleapis.com/auth/firebase","https://www.googleapis.com/auth/cloud-platform"]
[debug] [2026-02-16T01:00:50.797Z] > authorizing via signed-in user (mbadungoma@gmail.com)
[debug] [2026-02-16T01:00:50.797Z] [iam] checking project rocket-prompt for permissions ["firebase.projects.get","firebaseextensions.instances.list"]
[debug] [2026-02-16T01:00:50.797Z] Checked if tokens are valid: true, expires at: 1771207149356
[debug] [2026-02-16T01:00:50.797Z] Checked if tokens are valid: true, expires at: 1771207149356
[debug] [2026-02-16T01:00:50.797Z] >>> [apiv2][query] POST https://cloudresourcemanager.googleapis.com/v1/projects/rocket-prompt:testIamPermissions [none]
[debug] [2026-02-16T01:00:50.797Z] >>> [apiv2][(partial)header] POST https://cloudresourcemanager.googleapis.com/v1/projects/rocket-prompt:testIamPermissions x-goog-quota-user=projects/rocket-prompt
[debug] [2026-02-16T01:00:50.797Z] >>> [apiv2][body] POST https://cloudresourcemanager.googleapis.com/v1/projects/rocket-prompt:testIamPermissions {"permissions":["firebase.projects.get","firebaseextensions.instances.list"]}
[debug] [2026-02-16T01:00:50.917Z] <<< [apiv2][status] POST https://cloudresourcemanager.googleapis.com/v1/projects/rocket-prompt:testIamPermissions 200
[debug] [2026-02-16T01:00:50.917Z] <<< [apiv2][body] POST https://cloudresourcemanager.googleapis.com/v1/projects/rocket-prompt:testIamPermissions {"permissions":["firebase.projects.get","firebaseextensions.instances.list"]}
[debug] [2026-02-16T01:00:50.918Z] Checked if tokens are valid: true, expires at: 1771207149356
[debug] [2026-02-16T01:00:50.918Z] Checked if tokens are valid: true, expires at: 1771207149356
[debug] [2026-02-16T01:00:50.918Z] >>> [apiv2][query] GET https://firebaseextensions.googleapis.com/v1beta/projects/rocket-prompt/instances pageSize=100&pageToken=
[debug] [2026-02-16T01:00:51.533Z] <<< [apiv2][status] GET https://firebaseextensions.googleapis.com/v1beta/projects/rocket-prompt/instances 200
[debug] [2026-02-16T01:00:51.533Z] <<< [apiv2][body] GET https://firebaseextensions.googleapis.com/v1beta/projects/rocket-prompt/instances {}
[info] i  functions: Loaded environment variables from .env.rocket-prompt. 
[debug] [2026-02-16T01:00:51.537Z] Checked if tokens are valid: true, expires at: 1771207149356
[debug] [2026-02-16T01:00:51.537Z] Checked if tokens are valid: true, expires at: 1771207149356
[debug] [2026-02-16T01:00:51.538Z] >>> [apiv2][query] GET https://secretmanager.googleapis.com/v1/projects/rocket-prompt/secrets/HEYGEN_API_KEY [none]
[debug] [2026-02-16T01:00:51.727Z] <<< [apiv2][status] GET https://secretmanager.googleapis.com/v1/projects/rocket-prompt/secrets/HEYGEN_API_KEY 200
[debug] [2026-02-16T01:00:51.727Z] <<< [apiv2][body] GET https://secretmanager.googleapis.com/v1/projects/rocket-prompt/secrets/HEYGEN_API_KEY {"name":"projects/169050684401/secrets/HEYGEN_API_KEY","replication":{"automatic":{}},"createTime":"2026-01-14T03:36:29.815371Z","labels":{"firebase-managed":"functions"},"etag":"\"164850d0580de8\""}
[debug] [2026-02-16T01:00:51.727Z] Checked if tokens are valid: true, expires at: 1771207149356
[debug] [2026-02-16T01:00:51.727Z] Checked if tokens are valid: true, expires at: 1771207149356
[debug] [2026-02-16T01:00:51.728Z] >>> [apiv2][query] GET https://secretmanager.googleapis.com/v1/projects/rocket-prompt/secrets/HEYGEN_API_KEY/versions/latest [none]
[debug] [2026-02-16T01:00:51.850Z] <<< [apiv2][status] GET https://secretmanager.googleapis.com/v1/projects/rocket-prompt/secrets/HEYGEN_API_KEY/versions/latest 200
[debug] [2026-02-16T01:00:51.850Z] <<< [apiv2][body] GET https://secretmanager.googleapis.com/v1/projects/rocket-prompt/secrets/HEYGEN_API_KEY/versions/latest {"name":"projects/169050684401/secrets/HEYGEN_API_KEY/versions/1","createTime":"2026-01-14T03:36:33.023543Z","state":"ENABLED","replicationStatus":{"automatic":{}},"etag":"\"164850d081ee37\""}
[debug] [2026-02-16T01:00:51.850Z] Checked if tokens are valid: true, expires at: 1771207149356
[debug] [2026-02-16T01:00:51.850Z] Checked if tokens are valid: true, expires at: 1771207149356
[debug] [2026-02-16T01:00:51.851Z] >>> [apiv2][query] GET https://secretmanager.googleapis.com/v1/projects/rocket-prompt/secrets/TELEGRAM_BOT_TOKEN [none]
[debug] [2026-02-16T01:00:51.965Z] <<< [apiv2][status] GET https://secretmanager.googleapis.com/v1/projects/rocket-prompt/secrets/TELEGRAM_BOT_TOKEN 200
[debug] [2026-02-16T01:00:51.965Z] <<< [apiv2][body] GET https://secretmanager.googleapis.com/v1/projects/rocket-prompt/secrets/TELEGRAM_BOT_TOKEN {"name":"projects/169050684401/secrets/TELEGRAM_BOT_TOKEN","replication":{"automatic":{}},"createTime":"2026-01-29T21:53:37.692874Z","labels":{"firebase-managed":"functions"},"etag":"\"16498de39d0235\""}
[debug] [2026-02-16T01:00:51.966Z] Checked if tokens are valid: true, expires at: 1771207149356
[debug] [2026-02-16T01:00:51.966Z] Checked if tokens are valid: true, expires at: 1771207149356
[debug] [2026-02-16T01:00:51.966Z] >>> [apiv2][query] GET https://secretmanager.googleapis.com/v1/projects/rocket-prompt/secrets/TELEGRAM_BOT_TOKEN/versions/latest [none]
[debug] [2026-02-16T01:00:52.069Z] <<< [apiv2][status] GET https://secretmanager.googleapis.com/v1/projects/rocket-prompt/secrets/TELEGRAM_BOT_TOKEN/versions/latest 200
[debug] [2026-02-16T01:00:52.069Z] <<< [apiv2][body] GET https://secretmanager.googleapis.com/v1/projects/rocket-prompt/secrets/TELEGRAM_BOT_TOKEN/versions/latest {"name":"projects/169050684401/secrets/TELEGRAM_BOT_TOKEN/versions/1","createTime":"2026-01-29T21:53:48.126283Z","state":"ENABLED","replicationStatus":{"automatic":{}},"etag":"\"16498de434804b\""}
[debug] [2026-02-16T01:00:52.069Z] Checked if tokens are valid: true, expires at: 1771207149356
[debug] [2026-02-16T01:00:52.070Z] Checked if tokens are valid: true, expires at: 1771207149356
[debug] [2026-02-16T01:00:52.070Z] >>> [apiv2][query] GET https://secretmanager.googleapis.com/v1/projects/rocket-prompt/secrets/GEMINI_API_KEY [none]
[debug] [2026-02-16T01:00:52.187Z] <<< [apiv2][status] GET https://secretmanager.googleapis.com/v1/projects/rocket-prompt/secrets/GEMINI_API_KEY 200
[debug] [2026-02-16T01:00:52.187Z] <<< [apiv2][body] GET https://secretmanager.googleapis.com/v1/projects/rocket-prompt/secrets/GEMINI_API_KEY {"name":"projects/169050684401/secrets/GEMINI_API_KEY","replication":{"automatic":{}},"createTime":"2025-11-25T01:34:26.903516Z","labels":{"firebase-managed":"functions"},"etag":"\"16446147cc8617\""}
[debug] [2026-02-16T01:00:52.187Z] Checked if tokens are valid: true, expires at: 1771207149356
[debug] [2026-02-16T01:00:52.187Z] Checked if tokens are valid: true, expires at: 1771207149356
[debug] [2026-02-16T01:00:52.187Z] >>> [apiv2][query] GET https://secretmanager.googleapis.com/v1/projects/rocket-prompt/secrets/GEMINI_API_KEY/versions/latest [none]
[debug] [2026-02-16T01:00:52.283Z] <<< [apiv2][status] GET https://secretmanager.googleapis.com/v1/projects/rocket-prompt/secrets/GEMINI_API_KEY/versions/latest 200
[debug] [2026-02-16T01:00:52.283Z] <<< [apiv2][body] GET https://secretmanager.googleapis.com/v1/projects/rocket-prompt/secrets/GEMINI_API_KEY/versions/latest {"name":"projects/169050684401/secrets/GEMINI_API_KEY/versions/3","createTime":"2025-11-27T22:24:04.391038Z","state":"ENABLED","replicationStatus":{"automatic":{}},"etag":"\"16449af875e07e\""}
[debug] [2026-02-16T01:00:52.283Z] Checked if tokens are valid: true, expires at: 1771207149356
[debug] [2026-02-16T01:00:52.283Z] Checked if tokens are valid: true, expires at: 1771207149356
[debug] [2026-02-16T01:00:52.283Z] >>> [apiv2][query] GET https://secretmanager.googleapis.com/v1/projects/rocket-prompt/secrets/SENDGRID_API_KEY [none]
[debug] [2026-02-16T01:00:52.401Z] <<< [apiv2][status] GET https://secretmanager.googleapis.com/v1/projects/rocket-prompt/secrets/SENDGRID_API_KEY 200
[debug] [2026-02-16T01:00:52.401Z] <<< [apiv2][body] GET https://secretmanager.googleapis.com/v1/projects/rocket-prompt/secrets/SENDGRID_API_KEY {"name":"projects/169050684401/secrets/SENDGRID_API_KEY","replication":{"automatic":{}},"createTime":"2025-12-04T05:16:16.378629Z","labels":{"firebase-managed":"functions"},"etag":"\"1645196dab21ec\""}
[debug] [2026-02-16T01:00:52.401Z] Checked if tokens are valid: true, expires at: 1771207149356
[debug] [2026-02-16T01:00:52.401Z] Checked if tokens are valid: true, expires at: 1771207149356
[debug] [2026-02-16T01:00:52.401Z] >>> [apiv2][query] GET https://secretmanager.googleapis.com/v1/projects/rocket-prompt/secrets/SENDGRID_API_KEY/versions/latest [none]
[debug] [2026-02-16T01:00:52.516Z] <<< [apiv2][status] GET https://secretmanager.googleapis.com/v1/projects/rocket-prompt/secrets/SENDGRID_API_KEY/versions/latest 200
[debug] [2026-02-16T01:00:52.516Z] <<< [apiv2][body] GET https://secretmanager.googleapis.com/v1/projects/rocket-prompt/secrets/SENDGRID_API_KEY/versions/latest {"name":"projects/169050684401/secrets/SENDGRID_API_KEY/versions/3","createTime":"2025-12-10T01:43:22.623852Z","state":"ENABLED","replicationStatus":{"automatic":{}},"etag":"\"16458f2752876c\""}
[debug] [2026-02-16T01:00:52.516Z] Checked if tokens are valid: true, expires at: 1771207149356
[debug] [2026-02-16T01:00:52.516Z] Checked if tokens are valid: true, expires at: 1771207149356
[debug] [2026-02-16T01:00:52.516Z] >>> [apiv2][query] GET https://secretmanager.googleapis.com/v1/projects/rocket-prompt/secrets/STRIPE_WEBHOOK_SECRET_GOALS [none]
[debug] [2026-02-16T01:00:52.611Z] <<< [apiv2][status] GET https://secretmanager.googleapis.com/v1/projects/rocket-prompt/secrets/STRIPE_WEBHOOK_SECRET_GOALS 200
[debug] [2026-02-16T01:00:52.611Z] <<< [apiv2][body] GET https://secretmanager.googleapis.com/v1/projects/rocket-prompt/secrets/STRIPE_WEBHOOK_SECRET_GOALS {"name":"projects/169050684401/secrets/STRIPE_WEBHOOK_SECRET_GOALS","replication":{"automatic":{}},"createTime":"2025-12-22T19:38:50.608725Z","labels":{"firebase-managed":"functions"},"etag":"\"16468f939f108d\""}
[debug] [2026-02-16T01:00:52.612Z] Checked if tokens are valid: true, expires at: 1771207149356
[debug] [2026-02-16T01:00:52.612Z] Checked if tokens are valid: true, expires at: 1771207149356
[debug] [2026-02-16T01:00:52.612Z] >>> [apiv2][query] GET https://secretmanager.googleapis.com/v1/projects/rocket-prompt/secrets/STRIPE_WEBHOOK_SECRET_GOALS/versions/latest [none]
[debug] [2026-02-16T01:00:52.687Z] <<< [apiv2][status] GET https://secretmanager.googleapis.com/v1/projects/rocket-prompt/secrets/STRIPE_WEBHOOK_SECRET_GOALS/versions/latest 200
[debug] [2026-02-16T01:00:52.687Z] <<< [apiv2][body] GET https://secretmanager.googleapis.com/v1/projects/rocket-prompt/secrets/STRIPE_WEBHOOK_SECRET_GOALS/versions/latest {"name":"projects/169050684401/secrets/STRIPE_WEBHOOK_SECRET_GOALS/versions/1","createTime":"2025-12-22T19:39:04.087191Z","state":"ENABLED","replicationStatus":{"automatic":{}},"etag":"\"16468f94639a97\""}
[debug] [2026-02-16T01:00:52.687Z] Checked if tokens are valid: true, expires at: 1771207149356
[debug] [2026-02-16T01:00:52.687Z] Checked if tokens are valid: true, expires at: 1771207149356
[debug] [2026-02-16T01:00:52.687Z] >>> [apiv2][query] GET https://secretmanager.googleapis.com/v1/projects/rocket-prompt/secrets/STRIPE_SECRET_KEY [none]
[debug] [2026-02-16T01:00:52.785Z] <<< [apiv2][status] GET https://secretmanager.googleapis.com/v1/projects/rocket-prompt/secrets/STRIPE_SECRET_KEY 200
[debug] [2026-02-16T01:00:52.785Z] <<< [apiv2][body] GET https://secretmanager.googleapis.com/v1/projects/rocket-prompt/secrets/STRIPE_SECRET_KEY {"name":"projects/169050684401/secrets/STRIPE_SECRET_KEY","replication":{"automatic":{}},"createTime":"2025-11-19T21:38:51.110048Z","labels":{"firebase-managed":"functions"},"etag":"\"1643f968087c39\""}
[debug] [2026-02-16T01:00:52.785Z] Checked if tokens are valid: true, expires at: 1771207149356
[debug] [2026-02-16T01:00:52.785Z] Checked if tokens are valid: true, expires at: 1771207149356
[debug] [2026-02-16T01:00:52.786Z] >>> [apiv2][query] GET https://secretmanager.googleapis.com/v1/projects/rocket-prompt/secrets/STRIPE_SECRET_KEY/versions/latest [none]
[debug] [2026-02-16T01:00:52.858Z] <<< [apiv2][status] GET https://secretmanager.googleapis.com/v1/projects/rocket-prompt/secrets/STRIPE_SECRET_KEY/versions/latest 200
[debug] [2026-02-16T01:00:52.859Z] <<< [apiv2][body] GET https://secretmanager.googleapis.com/v1/projects/rocket-prompt/secrets/STRIPE_SECRET_KEY/versions/latest {"name":"projects/169050684401/secrets/STRIPE_SECRET_KEY/versions/2","createTime":"2025-12-22T19:54:30.189557Z","state":"ENABLED","replicationStatus":{"automatic":{}},"etag":"\"16468fcb96cdf5\""}
[debug] [2026-02-16T01:00:52.859Z] Checked if tokens are valid: true, expires at: 1771207149356
[debug] [2026-02-16T01:00:52.859Z] Checked if tokens are valid: true, expires at: 1771207149356
[debug] [2026-02-16T01:00:52.859Z] >>> [apiv2][query] GET https://secretmanager.googleapis.com/v1/projects/rocket-prompt/secrets/TWILIO_ACCOUNT_SID [none]
[debug] [2026-02-16T01:00:52.934Z] <<< [apiv2][status] GET https://secretmanager.googleapis.com/v1/projects/rocket-prompt/secrets/TWILIO_ACCOUNT_SID 200
[debug] [2026-02-16T01:00:52.934Z] <<< [apiv2][body] GET https://secretmanager.googleapis.com/v1/projects/rocket-prompt/secrets/TWILIO_ACCOUNT_SID {"name":"projects/169050684401/secrets/TWILIO_ACCOUNT_SID","replication":{"automatic":{}},"createTime":"2025-12-23T19:21:03.949267Z","labels":{"firebase-managed":"functions"},"etag":"\"1646a371df0a1b\""}
[debug] [2026-02-16T01:00:52.934Z] Checked if tokens are valid: true, expires at: 1771207149356
[debug] [2026-02-16T01:00:52.934Z] Checked if tokens are valid: true, expires at: 1771207149356
[debug] [2026-02-16T01:00:52.935Z] >>> [apiv2][query] GET https://secretmanager.googleapis.com/v1/projects/rocket-prompt/secrets/TWILIO_ACCOUNT_SID/versions/latest [none]
[debug] [2026-02-16T01:00:53.023Z] <<< [apiv2][status] GET https://secretmanager.googleapis.com/v1/projects/rocket-prompt/secrets/TWILIO_ACCOUNT_SID/versions/latest 200
[debug] [2026-02-16T01:00:53.023Z] <<< [apiv2][body] GET https://secretmanager.googleapis.com/v1/projects/rocket-prompt/secrets/TWILIO_ACCOUNT_SID/versions/latest {"name":"projects/169050684401/secrets/TWILIO_ACCOUNT_SID/versions/2","createTime":"2025-12-29T00:46:03.498841Z","state":"ENABLED","replicationStatus":{"automatic":{}},"etag":"\"16470c9151c559\""}
[debug] [2026-02-16T01:00:53.023Z] Checked if tokens are valid: true, expires at: 1771207149356
[debug] [2026-02-16T01:00:53.024Z] Checked if tokens are valid: true, expires at: 1771207149356
[debug] [2026-02-16T01:00:53.024Z] >>> [apiv2][query] GET https://secretmanager.googleapis.com/v1/projects/rocket-prompt/secrets/TWILIO_AUTH_TOKEN [none]
[debug] [2026-02-16T01:00:53.095Z] <<< [apiv2][status] GET https://secretmanager.googleapis.com/v1/projects/rocket-prompt/secrets/TWILIO_AUTH_TOKEN 200
[debug] [2026-02-16T01:00:53.095Z] <<< [apiv2][body] GET https://secretmanager.googleapis.com/v1/projects/rocket-prompt/secrets/TWILIO_AUTH_TOKEN {"name":"projects/169050684401/secrets/TWILIO_AUTH_TOKEN","replication":{"automatic":{}},"createTime":"2025-12-23T19:21:15.180391Z","labels":{"firebase-managed":"functions"},"etag":"\"1646a3728afe99\""}
[debug] [2026-02-16T01:00:53.096Z] Checked if tokens are valid: true, expires at: 1771207149356
[debug] [2026-02-16T01:00:53.096Z] Checked if tokens are valid: true, expires at: 1771207149356
[debug] [2026-02-16T01:00:53.096Z] >>> [apiv2][query] GET https://secretmanager.googleapis.com/v1/projects/rocket-prompt/secrets/TWILIO_AUTH_TOKEN/versions/latest [none]
[debug] [2026-02-16T01:00:53.190Z] <<< [apiv2][status] GET https://secretmanager.googleapis.com/v1/projects/rocket-prompt/secrets/TWILIO_AUTH_TOKEN/versions/latest 200
[debug] [2026-02-16T01:00:53.190Z] <<< [apiv2][body] GET https://secretmanager.googleapis.com/v1/projects/rocket-prompt/secrets/TWILIO_AUTH_TOKEN/versions/latest {"name":"projects/169050684401/secrets/TWILIO_AUTH_TOKEN/versions/2","createTime":"2025-12-29T00:46:06.717228Z","state":"ENABLED","replicationStatus":{"automatic":{}},"etag":"\"16470c9182e12c\""}
[debug] [2026-02-16T01:00:53.190Z] Checked if tokens are valid: true, expires at: 1771207149356
[debug] [2026-02-16T01:00:53.190Z] Checked if tokens are valid: true, expires at: 1771207149356
[debug] [2026-02-16T01:00:53.190Z] >>> [apiv2][query] GET https://secretmanager.googleapis.com/v1/projects/rocket-prompt/secrets/TWILIO_PHONE_NUMBER [none]
[debug] [2026-02-16T01:00:53.294Z] <<< [apiv2][status] GET https://secretmanager.googleapis.com/v1/projects/rocket-prompt/secrets/TWILIO_PHONE_NUMBER 200
[debug] [2026-02-16T01:00:53.294Z] <<< [apiv2][body] GET https://secretmanager.googleapis.com/v1/projects/rocket-prompt/secrets/TWILIO_PHONE_NUMBER {"name":"projects/169050684401/secrets/TWILIO_PHONE_NUMBER","replication":{"automatic":{}},"createTime":"2025-12-23T19:21:29.586483Z","labels":{"firebase-managed":"functions"},"etag":"\"1646a3736572c0\""}
[debug] [2026-02-16T01:00:53.295Z] Checked if tokens are valid: true, expires at: 1771207149356
[debug] [2026-02-16T01:00:53.295Z] Checked if tokens are valid: true, expires at: 1771207149356
[debug] [2026-02-16T01:00:53.295Z] >>> [apiv2][query] GET https://secretmanager.googleapis.com/v1/projects/rocket-prompt/secrets/TWILIO_PHONE_NUMBER/versions/latest [none]
[debug] [2026-02-16T01:00:53.368Z] <<< [apiv2][status] GET https://secretmanager.googleapis.com/v1/projects/rocket-prompt/secrets/TWILIO_PHONE_NUMBER/versions/latest 200
[debug] [2026-02-16T01:00:53.368Z] <<< [apiv2][body] GET https://secretmanager.googleapis.com/v1/projects/rocket-prompt/secrets/TWILIO_PHONE_NUMBER/versions/latest {"name":"projects/169050684401/secrets/TWILIO_PHONE_NUMBER/versions/2","createTime":"2025-12-29T00:46:09.698885Z","state":"ENABLED","replicationStatus":{"automatic":{}},"etag":"\"16470c91b06045\""}
[info] i  functions: preparing functions directory for uploading... 
[info] i  functions: packaged /Users/edmondmbadu/repo/rocket-goals/functions (320.65 KB) for uploading 
[info] i  functions: packaged /Users/edmondmbadu/repo/rocket-goals/functions (320.92 KB) for uploading 
[debug] [2026-02-16T01:00:53.455Z] Checked if tokens are valid: true, expires at: 1771207149356
[debug] [2026-02-16T01:00:53.455Z] Checked if tokens are valid: true, expires at: 1771207149356
[debug] [2026-02-16T01:00:53.455Z] >>> [apiv2][query] GET https://cloudfunctions.googleapis.com/v1/projects/rocket-prompt/locations/-/functions [none]
[debug] [2026-02-16T01:00:54.211Z] <<< [apiv2][status] GET https://cloudfunctions.googleapis.com/v1/projects/rocket-prompt/locations/-/functions 200
[debug] [2026-02-16T01:00:54.211Z] <<< [apiv2][body] GET https://cloudfunctions.googleapis.com/v1/projects/rocket-prompt/locations/-/functions {"functions":[{"name":"projects/rocket-prompt/locations/us-central1/functions/deleteScheduledReminder","httpsTrigger":{"url":"https://us-central1-rocket-prompt.cloudfunctions.net/deleteScheduledReminder","securityLevel":"SECURE_ALWAYS"},"status":"ACTIVE","entryPoint":"deleteScheduledReminder","timeout":"60s","availableMemoryMb":256,"serviceAccountEmail":"rocket-prompt@appspot.gserviceaccount.com","updateTime":"2026-02-12T16:31:00.941Z","versionId":"28","labels":{"deployment-tool":"cli-firebase","deployment-callable":"true","firebase-functions-hash":"71d389428c0933f5ecae71bba0e3d36bded86372"},"sourceUploadUrl":"https://storage.googleapis.com/uploads-17286520875.us-central1.cloudfunctions.appspot.com/5f3ca78c-1ed1-4796-b9a1-924e53827815.zip","environmentVariables":{"GA_PROPERTY_ID":"G-6HCB340LRG","FIREBASE_CONFIG":"{\"projectId\":\"rocket-prompt\",\"storageBucket\":\"rocket-prompt.firebasestorage.app\"}","GCLOUD_PROJECT":"rocket-prompt","EVENTARC_CLOUD_EVENT_SOURCE":"projects/rocket-prompt/locations/us-central1/functions/deleteScheduledReminder"},"runtime":"nodejs22","ingressSettings":"ALLOW_ALL","buildId":"db98ec2a-9c20-4155-bb86-0dcb1f2da107","buildEnvironmentVariables":{"GOOGLE_NODE_RUN_SCRIPTS":""},"buildName":"projects/169050684401/locations/us-central1/builds/db98ec2a-9c20-4155-bb86-0dcb1f2da107","dockerRegistry":"ARTIFACT_REGISTRY","automaticUpdatePolicy":{},"buildServiceAccount":"projects/rocket-prompt/serviceAccounts/169050684401-compute@developer.gserviceaccount.com","satisfiesPzi":true},{"name":"projects/rocket-prompt/locations/us-central1/functions/sendGoalCreatedEmail","httpsTrigger":{"url":"https://us-central1-rocket-prompt.cloudfunctions.net/sendGoalCreatedEmail","securityLevel":"SECURE_ALWAYS"},"status":"ACTIVE","entryPoint":"sendGoalCreatedEmail","timeout":"60s","availableMemoryMb":256,"serviceAccountEmail":"rocket-prompt@appspot.gserviceaccount.com","updateTime":"2026-02-12T16:31:01.533Z","versionId":"53","labels":{"deployment-tool":"cli-firebase","deployment-callable":"true","firebase-functions-hash":"e9c01cce70d23704fe368d3830fcaae1151bc5ef"},"sourceUploadUrl":"https://storage.googleapis.com/uploads-17286520875.us-central1.cloudfunctions.appspot.com/5f3ca78c-1ed1-4796-b9a1-924e53827815.zip","environmentVariables":{"GA_PROPERTY_ID":"G-6HCB340LRG","FIREBASE_CONFIG":"{\"projectId\":\"rocket-prompt\",\"storageBucket\":\"rocket-prompt.firebasestorage.app\"}","GCLOUD_PROJECT":"rocket-prompt","EVENTARC_CLOUD_EVENT_SOURCE":"projects/rocket-prompt/locations/us-central1/functions/sendGoalCreatedEmail"},"runtime":"nodejs22","ingressSettings":"ALLOW_ALL","buildId":"db98ec2a-9c20-4155-bb86-0dcb1f2da107","buildEnvironmentVariables":{"GOOGLE_NODE_RUN_SCRIPTS":""},"secretEnvironmentVariables":[{"key":"SENDGRID_API_KEY","projectId":"169050684401","secret":"SENDGRID_API_KEY","version":"3"}],"buildName":"projects/169050684401/locations/us-central1/builds/db98ec2a-9c20-4155-bb86-0dcb1f2da107","dockerRegistry":"ARTIFACT_REGISTRY","automaticUpdatePolicy":{},"buildServiceAccount":"projects/rocket-prompt/serviceAccounts/169050684401-compute@developer.gserviceaccount.com","satisfiesPzi":true},{"name":"projects/rocket-prompt/locations/us-central1/functions/stripeWebhook","httpsTrigger":{"url":"https://us-central1-rocket-prompt.cloudfunctions.net/stripeWebhook","securityLevel":"SECURE_ALWAYS"},"status":"ACTIVE","entryPoint":"stripeWebhook","timeout":"60s","availableMemoryMb":256,"serviceAccountEmail":"rocket-prompt@appspot.gserviceaccount.com","updateTime":"2026-01-06T04:19:00.559145008Z","versionId":"1","labels":{"deployment-tool":"cli-firebase","firebase-functions-hash":"760f06bd0fcdc84bef13e0f33f41b7b24da441d8"},"sourceUploadUrl":"https://storage.googleapis.com/uploads-17286520875.us-central1.cloudfunctions.appspot.com/7d6abb83-36fa-4b37-93fb-7a1ab3f95325.zip","environmentVariables":{"FIREBASE_CONFIG":"{\"projectId\":\"rocket-prompt\",\"storageBucket\":\"rocket-prompt.firebasestorage.app\"}","GCLOUD_PROJECT":"rocket-prompt","EVENTARC_CLOUD_EVENT_SOURCE":"projects/rocket-prompt/locations/us-central1/functions/stripeWebhook"},"runtime":"nodejs22","ingressSettings":"ALLOW_ALL","buildId":"d7c249ea-d3b4-4b5d-a92e-ec65721aaf4d","buildEnvironmentVariables":{"GOOGLE_NODE_RUN_SCRIPTS":""},"secretEnvironmentVariables":[{"key":"STRIPE_SECRET_KEY","projectId":"169050684401","secret":"STRIPE_SECRET_KEY","version":"2"},{"key":"STRIPE_WEBHOOK_SECRET","projectId":"169050684401","secret":"STRIPE_WEBHOOK_SECRET","version":"1"}],"buildName":"projects/169050684401/locations/us-central1/builds/d7c249ea-d3b4-4b5d-a92e-ec65721aaf4d","dockerRegistry":"ARTIFACT_REGISTRY","automaticUpdatePolicy":{},"buildServiceAccount":"projects/rocket-prompt/serviceAccounts/169050684401-compute@developer.gserviceaccount.com","satisfiesPzi":true},{"name":"projects/rocket-prompt/locations/us-central1/functions/sendBulkGoalReminders","httpsTrigger":{"url":"https://us-central1-rocket-prompt.cloudfunctions.net/sendBulkGoalReminders","securityLevel":"SECURE_ALWAYS"},"status":"ACTIVE","entryPoint":"sendBulkGoalReminders","timeout":"540s","availableMemoryMb":512,"serviceAccountEmail":"rocket-prompt@appspot.gserviceaccount.com","updateTime":"2026-02-12T16:30:54.262Z","versionId":"30","labels":{"deployment-tool":"cli-firebase","deployment-callable":"true","firebase-functions-hash":"e9c01cce70d23704fe368d3830fcaae1151bc5ef"},"sourceUploadUrl":"https://storage.googleapis.com/uploads-17286520875.us-central1.cloudfunctions.appspot.com/5f3ca78c-1ed1-4796-b9a1-924e53827815.zip","environmentVariables":{"GA_PROPERTY_ID":"G-6HCB340LRG","FIREBASE_CONFIG":"{\"projectId\":\"rocket-prompt\",\"storageBucket\":\"rocket-prompt.firebasestorage.app\"}","GCLOUD_PROJECT":"rocket-prompt","EVENTARC_CLOUD_EVENT_SOURCE":"projects/rocket-prompt/locations/us-central1/functions/sendBulkGoalReminders"},"runtime":"nodejs22","ingressSettings":"ALLOW_ALL","buildId":"143cbe67-682a-4ca1-85c0-3897bd88aa23","buildEnvironmentVariables":{"GOOGLE_NODE_RUN_SCRIPTS":""},"secretEnvironmentVariables":[{"key":"SENDGRID_API_KEY","projectId":"169050684401","secret":"SENDGRID_API_KEY","version":"3"}],"buildName":"projects/169050684401/locations/us-central1/builds/143cbe67-682a-4ca1-85c0-3897bd88aa23","dockerRegistry":"ARTIFACT_REGISTRY","automaticUpdatePolicy":{},"buildServiceAccount":"projects/rocket-prompt/serviceAccounts/169050684401-compute@developer.gserviceaccount.com","satisfiesPzi":true},{"name":"projects/rocket-prompt/locations/us-central1/functions/sendFanInviteEmail","httpsTrigger":{"url":"https://us-central1-rocket-prompt.cloudfunctions.net/sendFanInviteEmail","securityLevel":"SECURE_ALWAYS"},"status":"ACTIVE","entryPoint":"sendFanInviteEmail","timeout":"60s","availableMemoryMb":256,"serviceAccountEmail":"rocket-prompt@appspot.gserviceaccount.com","updateTime":"2026-02-12T16:30:53.303Z","versionId":"29","labels":{"deployment-tool":"cli-firebase","deployment-callable":"true","firebase-functions-hash":"e9c01cce70d23704fe368d3830fcaae1151bc5ef"},"sourceUploadUrl":"https://storage.googleapis.com/uploads-17286520875.us-central1.cloudfunctions.appspot.com/5f3ca78c-1ed1-4796-b9a1-924e53827815.zip","environmentVariables":{"GA_PROPERTY_ID":"G-6HCB340LRG","FIREBASE_CONFIG":"{\"projectId\":\"rocket-prompt\",\"storageBucket\":\"rocket-prompt.firebasestorage.app\"}","GCLOUD_PROJECT":"rocket-prompt","EVENTARC_CLOUD_EVENT_SOURCE":"projects/rocket-prompt/locations/us-central1/functions/sendFanInviteEmail"},"runtime":"nodejs22","ingressSettings":"ALLOW_ALL","buildId":"db98ec2a-9c20-4155-bb86-0dcb1f2da107","buildEnvironmentVariables":{"GOOGLE_NODE_RUN_SCRIPTS":""},"secretEnvironmentVariables":[{"key":"SENDGRID_API_KEY","projectId":"169050684401","secret":"SENDGRID_API_KEY","version":"3"}],"buildName":"projects/169050684401/locations/us-central1/builds/db98ec2a-9c20-4155-bb86-0dcb1f2da107","dockerRegistry":"ARTIFACT_REGISTRY","automaticUpdatePolicy":{},"buildServiceAccount":"projects/rocket-prompt/serviceAccounts/169050684401-compute@developer.gserviceaccount.com","satisfiesPzi":true},{"name":"projects/rocket-prompt/locations/us-central1/functions/createBillingPortalSession","httpsTrigger":{"url":"https://us-central1-rocket-prompt.cloudfunctions.net/createBillingPortalSession","securityLevel":"SECURE_ALWAYS"},"status":"ACTIVE","entryPoint":"createBillingPortalSession","timeout":"60s","availableMemoryMb":256,"serviceAccountEmail":"rocket-prompt@appspot.gserviceaccount.com","updateTime":"2026-02-12T16:30:55.684Z","versionId":"37","labels":{"firebase-functions-hash":"ceb6b89eb4e149c1d79837b7b053f2a5bc08861c","deployment-tool":"cli-firebase","deployment-callable":"true"},"sourceUploadUrl":"https://storage.googleapis.com/uploads-17286520875.us-central1.cloudfunctions.appspot.com/5f3ca78c-1ed1-4796-b9a1-924e53827815.zip","environmentVariables":{"GA_PROPERTY_ID":"G-6HCB340LRG","FIREBASE_CONFIG":"{\"projectId\":\"rocket-prompt\",\"storageBucket\":\"rocket-prompt.firebasestorage.app\"}","GCLOUD_PROJECT":"rocket-prompt","EVENTARC_CLOUD_EVENT_SOURCE":"projects/rocket-prompt/locations/us-central1/functions/createBillingPortalSession"},"runtime":"nodejs22","ingressSettings":"ALLOW_ALL","buildId":"db98ec2a-9c20-4155-bb86-0dcb1f2da107","buildEnvironmentVariables":{"GOOGLE_NODE_RUN_SCRIPTS":""},"secretEnvironmentVariables":[{"key":"STRIPE_SECRET_KEY","projectId":"169050684401","secret":"STRIPE_SECRET_KEY","version":"2"}],"buildName":"projects/169050684401/locations/us-central1/builds/db98ec2a-9c20-4155-bb86-0dcb1f2da107","dockerRegistry":"ARTIFACT_REGISTRY","automaticUpdatePolicy":{},"buildServiceAccount":"projects/rocket-prompt/serviceAccounts/169050684401-compute@developer.gserviceaccount.com","satisfiesPzi":true},{"name":"projects/rocket-prompt/locations/us-central1/functions/processScheduledReminders","eventTrigger":{"eventType":"google.pubsub.topic.publish","resource":"projects/rocket-prompt/topics/firebase-schedule-processScheduledReminders-us-central1","service":"pubsub.googleapis.com","failurePolicy":{}},"status":"ACTIVE","entryPoint":"processScheduledReminders","timeout":"540s","availableMemoryMb":512,"serviceAccountEmail":"rocket-prompt@appspot.gserviceaccount.com","updateTime":"2026-02-12T16:31:12.513Z","versionId":"29","labels":{"deployment-tool":"cli-firebase","deployment-scheduled":"true","firebase-functions-hash":"e9c01cce70d23704fe368d3830fcaae1151bc5ef"},"sourceUploadUrl":"https://storage.googleapis.com/uploads-17286520875.us-central1.cloudfunctions.appspot.com/5f3ca78c-1ed1-4796-b9a1-924e53827815.zip","environmentVariables":{"GA_PROPERTY_ID":"G-6HCB340LRG","FIREBASE_CONFIG":"{\"projectId\":\"rocket-prompt\",\"storageBucket\":\"rocket-prompt.firebasestorage.app\"}","GCLOUD_PROJECT":"rocket-prompt","EVENTARC_CLOUD_EVENT_SOURCE":"projects/rocket-prompt/locations/us-central1/functions/processScheduledReminders"},"runtime":"nodejs22","maxInstances":3000,"ingressSettings":"ALLOW_ALL","buildId":"143cbe67-682a-4ca1-85c0-3897bd88aa23","buildEnvironmentVariables":{"GOOGLE_NODE_RUN_SCRIPTS":""},"secretEnvironmentVariables":[{"key":"SENDGRID_API_KEY","projectId":"169050684401","secret":"SENDGRID_API_KEY","version":"3"}],"buildName":"projects/169050684401/locations/us-central1/builds/143cbe67-682a-4ca1-85c0-3897bd88aa23","dockerRegistry":"ARTIFACT_REGISTRY","automaticUpdatePolicy":{},"buildServiceAccount":"projects/rocket-prompt/serviceAccounts/169050684401-compute@developer.gserviceaccount.com","satisfiesPzi":true},{"name":"projects/rocket-prompt/locations/us-central1/functions/getScheduledReminders","httpsTrigger":{"url":"https://us-central1-rocket-prompt.cloudfunctions.net/getScheduledReminders","securityLevel":"SECURE_ALWAYS"},"status":"ACTIVE","entryPoint":"getScheduledReminders","timeout":"60s","availableMemoryMb":256,"serviceAccountEmail":"rocket-prompt@appspot.gserviceaccount.com","updateTime":"2026-02-12T16:30:58.486Z","versionId":"28","labels":{"deployment-callable":"true","firebase-functions-hash":"71d389428c0933f5ecae71bba0e3d36bded86372","deployment-tool":"cli-firebase"},"sourceUploadUrl":"https://storage.googleapis.com/uploads-17286520875.us-central1.cloudfunctions.appspot.com/5f3ca78c-1ed1-4796-b9a1-924e53827815.zip","environmentVariables":{"GA_PROPERTY_ID":"G-6HCB340LRG","FIREBASE_CONFIG":"{\"projectId\":\"rocket-prompt\",\"storageBucket\":\"rocket-prompt.firebasestorage.app\"}","GCLOUD_PROJECT":"rocket-prompt","EVENTARC_CLOUD_EVENT_SOURCE":"projects/rocket-prompt/locations/us-central1/functions/getScheduledReminders"},"runtime":"nodejs22","ingressSettings":"ALLOW_ALL","buildId":"db98ec2a-9c20-4155-bb86-0dcb1f2da107","buildEnvironmentVariables":{"GOOGLE_NODE_RUN_SCRIPTS":""},"buildName":"projects/169050684401/locations/us-central1/builds/db98ec2a-9c20-4155-bb86-0dcb1f2da107","dockerRegistry":"ARTIFACT_REGISTRY","automaticUpdatePolicy":{},"buildServiceAccount":"projects/rocket-prompt/serviceAccounts/169050684401-compute@developer.gserviceaccount.com","satisfiesPzi":true},{"name":"projects/rocket-prompt/locations/us-central1/functions/processAIPrompt","eventTrigger":{"eventType":"providers/cloud.firestore/eventTypes/document.create","resource":"projects/rocket-prompt/databases/(default)/documents/public/{documentId}","service":"firestore.googleapis.com","failurePolicy":{}},"status":"ACTIVE","entryPoint":"processAIPrompt","timeout":"60s","availableMemoryMb":256,"serviceAccountEmail":"rocket-prompt@appspot.gserviceaccount.com","updateTime":"2026-02-12T16:31:01.309Z","versionId":"70","labels":{"deployment-tool":"cli-firebase","firebase-functions-hash":"8e63828a756878848ff529b0548ff302be0376a6"},"sourceUploadUrl":"https://storage.googleapis.com/uploads-17286520875.us-central1.cloudfunctions.appspot.com/5f3ca78c-1ed1-4796-b9a1-924e53827815.zip","environmentVariables":{"GA_PROPERTY_ID":"G-6HCB340LRG","FIREBASE_CONFIG":"{\"projectId\":\"rocket-prompt\",\"storageBucket\":\"rocket-prompt.firebasestorage.app\"}","GCLOUD_PROJECT":"rocket-prompt","EVENTARC_CLOUD_EVENT_SOURCE":"projects/rocket-prompt/locations/us-central1/functions/processAIPrompt"},"runtime":"nodejs22","maxInstances":3000,"ingressSettings":"ALLOW_ALL","buildId":"db98ec2a-9c20-4155-bb86-0dcb1f2da107","buildEnvironmentVariables":{"GOOGLE_NODE_RUN_SCRIPTS":""},"secretEnvironmentVariables":[{"key":"GEMINI_API_KEY","projectId":"169050684401","secret":"GEMINI_API_KEY","version":"3"}],"buildName":"projects/169050684401/locations/us-central1/builds/db98ec2a-9c20-4155-bb86-0dcb1f2da107","dockerRegistry":"ARTIFACT_REGISTRY","automaticUpdatePolicy":{},"buildServiceAccount":"projects/rocket-prompt/serviceAccounts/169050684401-compute@developer.gserviceaccount.com","satisfiesPzi":true},{"name":"projects/rocket-prompt/locations/us-central1/functions/reactivateSubscription","httpsTrigger":{"url":"https://us-central1-rocket-prompt.cloudfunctions.net/reactivateSubscription","securityLevel":"SECURE_ALWAYS"},"status":"ACTIVE","entryPoint":"reactivateSubscription","timeout":"60s","availableMemoryMb":256,"serviceAccountEmail":"rocket-prompt@appspot.gserviceaccount.com","updateTime":"2026-02-12T16:30:55.269Z","versionId":"37","labels":{"deployment-tool":"cli-firebase","deployment-callable":"true","firebase-functions-hash":"ceb6b89eb4e149c1d79837b7b053f2a5bc08861c"},"sourceUploadUrl":"https://storage.googleapis.com/uploads-17286520875.us-central1.cloudfunctions.appspot.com/5f3ca78c-1ed1-4796-b9a1-924e53827815.zip","environmentVariables":{"GA_PROPERTY_ID":"G-6HCB340LRG","FIREBASE_CONFIG":"{\"projectId\":\"rocket-prompt\",\"storageBucket\":\"rocket-prompt.firebasestorage.app\"}","GCLOUD_PROJECT":"rocket-prompt","EVENTARC_CLOUD_EVENT_SOURCE":"projects/rocket-prompt/locations/us-central1/functions/reactivateSubscription"},"runtime":"nodejs22","ingressSettings":"ALLOW_ALL","buildId":"db98ec2a-9c20-4155-bb86-0dcb1f2da107","buildEnvironmentVariables":{"GOOGLE_NODE_RUN_SCRIPTS":""},"secretEnvironmentVariables":[{"key":"STRIPE_SECRET_KEY","projectId":"169050684401","secret":"STRIPE_SECRET_KEY","version":"2"}],"buildName":"projects/169050684401/locations/us-central1/builds/db98ec2a-9c20-4155-bb86-0dcb1f2da107","dockerRegistry":"ARTIFACT_REGISTRY","automaticUpdatePolicy":{},"buildServiceAccount":"projects/rocket-prompt/serviceAccounts/169050684401-compute@developer.gserviceaccount.com","satisfiesPzi":true},{"name":"projects/rocket-prompt/locations/us-central1/functions/processWeeklyResets","eventTrigger":{"eventType":"google.pubsub.topic.publish","resource":"projects/rocket-prompt/topics/firebase-schedule-processWeeklyResets-us-central1","service":"pubsub.googleapis.com","failurePolicy":{}},"status":"ACTIVE","entryPoint":"processWeeklyResets","timeout":"540s","availableMemoryMb":512,"serviceAccountEmail":"rocket-prompt@appspot.gserviceaccount.com","updateTime":"2026-02-12T16:31:20.023Z","versionId":"15","labels":{"deployment-tool":"cli-firebase","deployment-scheduled":"true","firebase-functions-hash":"e9c01cce70d23704fe368d3830fcaae1151bc5ef"},"sourceUploadUrl":"https://storage.googleapis.com/uploads-17286520875.us-central1.cloudfunctions.appspot.com/5f3ca78c-1ed1-4796-b9a1-924e53827815.zip","environmentVariables":{"GA_PROPERTY_ID":"G-6HCB340LRG","FIREBASE_CONFIG":"{\"projectId\":\"rocket-prompt\",\"storageBucket\":\"rocket-prompt.firebasestorage.app\"}","GCLOUD_PROJECT":"rocket-prompt","EVENTARC_CLOUD_EVENT_SOURCE":"projects/rocket-prompt/locations/us-central1/functions/processWeeklyResets"},"runtime":"nodejs22","maxInstances":3000,"ingressSettings":"ALLOW_ALL","buildId":"143cbe67-682a-4ca1-85c0-3897bd88aa23","buildEnvironmentVariables":{"GOOGLE_NODE_RUN_SCRIPTS":""},"secretEnvironmentVariables":[{"key":"SENDGRID_API_KEY","projectId":"169050684401","secret":"SENDGRID_API_KEY","version":"3"}],"buildName":"projects/169050684401/locations/us-central1/builds/143cbe67-682a-4ca1-85c0-3897bd88aa23","dockerRegistry":"ARTIFACT_REGISTRY","automaticUpdatePolicy":{},"buildServiceAccount":"projects/rocket-prompt/serviceAccounts/169050684401-compute@developer.gserviceaccount.com","satisfiesPzi":true},{"name":"projects/rocket-prompt/locations/us-central1/functions/getAiAnalytics","httpsTrigger":{"url":"https://us-central1-rocket-prompt.cloudfunctions.net/getAiAnalytics","securityLevel":"SECURE_ALWAYS"},"status":"ACTIVE","entryPoint":"getAiAnalytics","timeout":"30s","availableMemoryMb":256,"serviceAccountEmail":"rocket-prompt@appspot.gserviceaccount.com","updateTime":"2026-02-12T16:30:58.001Z","versionId":"57","labels":{"deployment-tool":"cli-firebase","deployment-callable":"true","firebase-functions-hash":"ef44a3513641b34c9c72cce2daf0bd5988ef3661"},"sourceUploadUrl":"https://storage.googleapis.com/uploads-17286520875.us-central1.cloudfunctions.appspot.com/5f3ca78c-1ed1-4796-b9a1-924e53827815.zip","environmentVariables":{"GA_PROPERTY_ID":"G-6HCB340LRG","FIREBASE_CONFIG":"{\"projectId\":\"rocket-prompt\",\"storageBucket\":\"rocket-prompt.firebasestorage.app\"}","GCLOUD_PROJECT":"rocket-prompt","EVENTARC_CLOUD_EVENT_SOURCE":"projects/rocket-prompt/locations/us-central1/functions/getAiAnalytics"},"runtime":"nodejs22","ingressSettings":"ALLOW_ALL","buildId":"baeea3ff-ca62-40de-a4c3-6536a17ef1ba","buildEnvironmentVariables":{"GOOGLE_NODE_RUN_SCRIPTS":""},"secretEnvironmentVariables":[{"key":"GA_PROPERTY_ID","projectId":"169050684401","secret":"GA_PROPERTY_ID","version":"3"}],"buildName":"projects/169050684401/locations/us-central1/builds/baeea3ff-ca62-40de-a4c3-6536a17ef1ba","dockerRegistry":"ARTIFACT_REGISTRY","automaticUpdatePolicy":{},"buildServiceAccount":"projects/rocket-prompt/serviceAccounts/169050684401-compute@developer.gserviceaccount.com","satisfiesPzi":true},{"name":"projects/rocket-prompt/locations/us-central1/functions/previewGoalReminder","httpsTrigger":{"url":"https://us-central1-rocket-prompt.cloudfunctions.net/previewGoalReminder","securityLevel":"SECURE_ALWAYS"},"status":"ACTIVE","entryPoint":"previewGoalReminder","timeout":"60s","availableMemoryMb":256,"serviceAccountEmail":"rocket-prompt@appspot.gserviceaccount.com","updateTime":"2026-02-12T16:31:01.109Z","versionId":"30","labels":{"deployment-tool":"cli-firebase","deployment-callable":"true","firebase-functions-hash":"e9c01cce70d23704fe368d3830fcaae1151bc5ef"},"sourceUploadUrl":"https://storage.googleapis.com/uploads-17286520875.us-central1.cloudfunctions.appspot.com/5f3ca78c-1ed1-4796-b9a1-924e53827815.zip","environmentVariables":{"GA_PROPERTY_ID":"G-6HCB340LRG","FIREBASE_CONFIG":"{\"projectId\":\"rocket-prompt\",\"storageBucket\":\"rocket-prompt.firebasestorage.app\"}","GCLOUD_PROJECT":"rocket-prompt","EVENTARC_CLOUD_EVENT_SOURCE":"projects/rocket-prompt/locations/us-central1/functions/previewGoalReminder"},"runtime":"nodejs22","ingressSettings":"ALLOW_ALL","buildId":"db98ec2a-9c20-4155-bb86-0dcb1f2da107","buildEnvironmentVariables":{"GOOGLE_NODE_RUN_SCRIPTS":""},"secretEnvironmentVariables":[{"key":"SENDGRID_API_KEY","projectId":"169050684401","secret":"SENDGRID_API_KEY","version":"3"}],"buildName":"projects/169050684401/locations/us-central1/builds/db98ec2a-9c20-4155-bb86-0dcb1f2da107","dockerRegistry":"ARTIFACT_REGISTRY","automaticUpdatePolicy":{},"buildServiceAccount":"projects/rocket-prompt/serviceAccounts/169050684401-compute@developer.gserviceaccount.com","satisfiesPzi":true},{"name":"projects/rocket-prompt/locations/us-central1/functions/sendVerificationEmail","httpsTrigger":{"url":"https://us-central1-rocket-prompt.cloudfunctions.net/sendVerificationEmail","securityLevel":"SECURE_ALWAYS"},"status":"ACTIVE","entryPoint":"sendVerificationEmail","timeout":"60s","availableMemoryMb":256,"serviceAccountEmail":"rocket-prompt@appspot.gserviceaccount.com","updateTime":"2026-02-12T16:30:57.969Z","versionId":"54","labels":{"deployment-tool":"cli-firebase","deployment-callable":"true","firebase-functions-hash":"e9c01cce70d23704fe368d3830fcaae1151bc5ef"},"sourceUploadUrl":"https://storage.googleapis.com/uploads-17286520875.us-central1.cloudfunctions.appspot.com/5f3ca78c-1ed1-4796-b9a1-924e53827815.zip","environmentVariables":{"GA_PROPERTY_ID":"G-6HCB340LRG","FIREBASE_CONFIG":"{\"projectId\":\"rocket-prompt\",\"storageBucket\":\"rocket-prompt.firebasestorage.app\"}","GCLOUD_PROJECT":"rocket-prompt","EVENTARC_CLOUD_EVENT_SOURCE":"projects/rocket-prompt/locations/us-central1/functions/sendVerificationEmail"},"runtime":"nodejs22","ingressSettings":"ALLOW_ALL","buildId":"db98ec2a-9c20-4155-bb86-0dcb1f2da107","buildEnvironmentVariables":{"GOOGLE_NODE_RUN_SCRIPTS":""},"secretEnvironmentVariables":[{"key":"SENDGRID_API_KEY","projectId":"169050684401","secret":"SENDGRID_API_KEY","version":"3"}],"buildName":"projects/169050684401/locations/us-central1/builds/db98ec2a-9c20-4155-bb86-0dcb1f2da107","dockerRegistry":"ARTIFACT_REGISTRY","automaticUpdatePolicy":{},"buildServiceAccount":"projects/rocket-prompt/serviceAccounts/169050684401-compute@developer.gserviceaccount.com","satisfiesPzi":true},{"name":"projects/rocket-prompt/locations/us-central1/functions/sendTestDailyReminder","httpsTrigger":{"url":"https://us-central1-rocket-prompt.cloudfunctions.net/sendTestDailyReminder","securityLevel":"SECURE_ALWAYS"},"status":"ACTIVE","entryPoint":"sendTestDailyReminder","timeout":"60s","availableMemoryMb":256,"serviceAccountEmail":"rocket-prompt@appspot.gserviceaccount.com","updateTime":"2026-02-12T16:31:04.868Z","versionId":"7","labels":{"deployment-callable":"true","firebase-functions-hash":"e9c01cce70d23704fe368d3830fcaae1151bc5ef","deployment-tool":"cli-firebase"},"sourceUploadUrl":"https://storage.googleapis.com/uploads-17286520875.us-central1.cloudfunctions.appspot.com/5f3ca78c-1ed1-4796-b9a1-924e53827815.zip","environmentVariables":{"GA_PROPERTY_ID":"G-6HCB340LRG","FIREBASE_CONFIG":"{\"projectId\":\"rocket-prompt\",\"storageBucket\":\"rocket-prompt.firebasestorage.app\"}","GCLOUD_PROJECT":"rocket-prompt","EVENTARC_CLOUD_EVENT_SOURCE":"projects/rocket-prompt/locations/us-central1/functions/sendTestDailyReminder"},"runtime":"nodejs22","ingressSettings":"ALLOW_ALL","buildId":"db98ec2a-9c20-4155-bb86-0dcb1f2da107","buildEnvironmentVariables":{"GOOGLE_NODE_RUN_SCRIPTS":""},"secretEnvironmentVariables":[{"key":"SENDGRID_API_KEY","projectId":"169050684401","secret":"SENDGRID_API_KEY","version":"3"}],"buildName":"projects/169050684401/locations/us-central1/builds/db98ec2a-9c20-4155-bb86-0dcb1f2da107","dockerRegistry":"ARTIFACT_REGISTRY","automaticUpdatePolicy":{},"buildServiceAccount":"projects/rocket-prompt/serviceAccounts/169050684401-compute@developer.gserviceaccount.com","satisfiesPzi":true},{"name":"projects/rocket-prompt/locations/us-central1/functions/sendTestGoalReminder","httpsTrigger":{"url":"https://us-central1-rocket-prompt.cloudfunctions.net/sendTestGoalReminder","securityLevel":"SECURE_ALWAYS"},"status":"ACTIVE","entryPoint":"sendTestGoalReminder","timeout":"60s","availableMemoryMb":256,"serviceAccountEmail":"rocket-prompt@appspot.gserviceaccount.com","updateTime":"2026-02-12T16:31:02.374Z","versionId":"30","labels":{"deployment-tool":"cli-firebase","deployment-callable":"true","firebase-functions-hash":"e9c01cce70d23704fe368d3830fcaae1151bc5ef"},"sourceUploadUrl":"https://storage.googleapis.com/uploads-17286520875.us-central1.cloudfunctions.appspot.com/5f3ca78c-1ed1-4796-b9a1-924e53827815.zip","environmentVariables":{"GA_PROPERTY_ID":"G-6HCB340LRG","FIREBASE_CONFIG":"{\"projectId\":\"rocket-prompt\",\"storageBucket\":\"rocket-prompt.firebasestorage.app\"}","GCLOUD_PROJECT":"rocket-prompt","EVENTARC_CLOUD_EVENT_SOURCE":"projects/rocket-prompt/locations/us-central1/functions/sendTestGoalReminder"},"runtime":"nodejs22","ingressSettings":"ALLOW_ALL","buildId":"db98ec2a-9c20-4155-bb86-0dcb1f2da107","buildEnvironmentVariables":{"GOOGLE_NODE_RUN_SCRIPTS":""},"secretEnvironmentVariables":[{"key":"SENDGRID_API_KEY","projectId":"169050684401","secret":"SENDGRID_API_KEY","version":"3"}],"buildName":"projects/169050684401/locations/us-central1/builds/db98ec2a-9c20-4155-bb86-0dcb1f2da107","dockerRegistry":"ARTIFACT_REGISTRY","automaticUpdatePolicy":{},"buildServiceAccount":"projects/rocket-prompt/serviceAccounts/169050684401-compute@developer.gserviceaccount.com","satisfiesPzi":true},{"name":"projects/rocket-prompt/locations/us-central1/functions/sendTelegramGoalNudge","httpsTrigger":{"url":"https://us-central1-rocket-prompt.cloudfunctions.net/sendTelegramGoalNudge","securityLevel":"SECURE_ALWAYS"},"status":"ACTIVE","entryPoint":"sendTelegramGoalNudge","timeout":"60s","availableMemoryMb":256,"serviceAccountEmail":"rocket-prompt@appspot.gserviceaccount.com","updateTime":"2026-02-12T16:31:02.496Z","versionId":"10","labels":{"deployment-tool":"cli-firebase","deployment-callable":"true","firebase-functions-hash":"f2fc1e1d3993c18b55fc0ca100afe3c712a718b9"},"sourceUploadUrl":"https://storage.googleapis.com/uploads-17286520875.us-central1.cloudfunctions.appspot.com/5f3ca78c-1ed1-4796-b9a1-924e53827815.zip","environmentVariables":{"GA_PROPERTY_ID":"G-6HCB340LRG","FIREBASE_CONFIG":"{\"projectId\":\"rocket-prompt\",\"storageBucket\":\"rocket-prompt.firebasestorage.app\"}","GCLOUD_PROJECT":"rocket-prompt","EVENTARC_CLOUD_EVENT_SOURCE":"projects/rocket-prompt/locations/us-central1/functions/sendTelegramGoalNudge"},"runtime":"nodejs22","ingressSettings":"ALLOW_ALL","buildId":"db98ec2a-9c20-4155-bb86-0dcb1f2da107","buildEnvironmentVariables":{"GOOGLE_NODE_RUN_SCRIPTS":""},"secretEnvironmentVariables":[{"key":"TELEGRAM_BOT_TOKEN","projectId":"169050684401","secret":"TELEGRAM_BOT_TOKEN","version":"1"}],"buildName":"projects/169050684401/locations/us-central1/builds/db98ec2a-9c20-4155-bb86-0dcb1f2da107","dockerRegistry":"ARTIFACT_REGISTRY","automaticUpdatePolicy":{},"buildServiceAccount":"projects/rocket-prompt/serviceAccounts/169050684401-compute@developer.gserviceaccount.com","satisfiesPzi":true},{"name":"projects/rocket-prompt/locations/us-central1/functions/addScheduledReminder","httpsTrigger":{"url":"https://us-central1-rocket-prompt.cloudfunctions.net/addScheduledReminder","securityLevel":"SECURE_ALWAYS"},"status":"ACTIVE","entryPoint":"addScheduledReminder","timeout":"60s","availableMemoryMb":256,"serviceAccountEmail":"rocket-prompt@appspot.gserviceaccount.com","updateTime":"2026-02-12T16:31:05.476Z","versionId":"28","labels":{"deployment-callable":"true","firebase-functions-hash":"71d389428c0933f5ecae71bba0e3d36bded86372","deployment-tool":"cli-firebase"},"sourceUploadUrl":"https://storage.googleapis.com/uploads-17286520875.us-central1.cloudfunctions.appspot.com/5f3ca78c-1ed1-4796-b9a1-924e53827815.zip","environmentVariables":{"GA_PROPERTY_ID":"G-6HCB340LRG","FIREBASE_CONFIG":"{\"projectId\":\"rocket-prompt\",\"storageBucket\":\"rocket-prompt.firebasestorage.app\"}","GCLOUD_PROJECT":"rocket-prompt","EVENTARC_CLOUD_EVENT_SOURCE":"projects/rocket-prompt/locations/us-central1/functions/addScheduledReminder"},"runtime":"nodejs22","ingressSettings":"ALLOW_ALL","buildId":"db98ec2a-9c20-4155-bb86-0dcb1f2da107","buildEnvironmentVariables":{"GOOGLE_NODE_RUN_SCRIPTS":""},"buildName":"projects/169050684401/locations/us-central1/builds/db98ec2a-9c20-4155-bb86-0dcb1f2da107","dockerRegistry":"ARTIFACT_REGISTRY","automaticUpdatePolicy":{},"buildServiceAccount":"projects/rocket-prompt/serviceAccounts/169050684401-compute@developer.gserviceaccount.com","satisfiesPzi":true},{"name":"projects/rocket-prompt/locations/us-central1/functions/runWeeklyResetTest","httpsTrigger":{"url":"https://us-central1-rocket-prompt.cloudfunctions.net/runWeeklyResetTest","securityLevel":"SECURE_ALWAYS"},"status":"ACTIVE","entryPoint":"runWeeklyResetTest","timeout":"540s","availableMemoryMb":512,"serviceAccountEmail":"rocket-prompt@appspot.gserviceaccount.com","updateTime":"2026-02-12T16:31:18.155Z","versionId":"15","labels":{"deployment-tool":"cli-firebase","deployment-callable":"true","firebase-functions-hash":"e9c01cce70d23704fe368d3830fcaae1151bc5ef"},"sourceUploadUrl":"https://storage.googleapis.com/uploads-17286520875.us-central1.cloudfunctions.appspot.com/5f3ca78c-1ed1-4796-b9a1-924e53827815.zip","environmentVariables":{"GA_PROPERTY_ID":"G-6HCB340LRG","FIREBASE_CONFIG":"{\"projectId\":\"rocket-prompt\",\"storageBucket\":\"rocket-prompt.firebasestorage.app\"}","GCLOUD_PROJECT":"rocket-prompt","EVENTARC_CLOUD_EVENT_SOURCE":"projects/rocket-prompt/locations/us-central1/functions/runWeeklyResetTest"},"runtime":"nodejs22","ingressSettings":"ALLOW_ALL","buildId":"143cbe67-682a-4ca1-85c0-3897bd88aa23","buildEnvironmentVariables":{"GOOGLE_NODE_RUN_SCRIPTS":""},"secretEnvironmentVariables":[{"key":"SENDGRID_API_KEY","projectId":"169050684401","secret":"SENDGRID_API_KEY","version":"3"}],"buildName":"projects/169050684401/locations/us-central1/builds/143cbe67-682a-4ca1-85c0-3897bd88aa23","dockerRegistry":"ARTIFACT_REGISTRY","automaticUpdatePolicy":{},"buildServiceAccount":"projects/rocket-prompt/serviceAccounts/169050684401-compute@developer.gserviceaccount.com","satisfiesPzi":true},{"name":"projects/rocket-prompt/locations/us-central1/functions/generateRocketGoalsImage","httpsTrigger":{"url":"https://us-central1-rocket-prompt.cloudfunctions.net/generateRocketGoalsImage","securityLevel":"SECURE_ALWAYS"},"status":"ACTIVE","entryPoint":"generateRocketGoalsImage","timeout":"300s","availableMemoryMb":1024,"serviceAccountEmail":"rocket-prompt@appspot.gserviceaccount.com","updateTime":"2026-01-06T04:19:01.347943399Z","versionId":"1","labels":{"firebase-functions-hash":"1d84aff8433b07326c4e3b33d0d162deb1dc1c8d","deployment-tool":"cli-firebase","deployment-callable":"true"},"sourceUploadUrl":"https://storage.googleapis.com/uploads-17286520875.us-central1.cloudfunctions.appspot.com/7d6abb83-36fa-4b37-93fb-7a1ab3f95325.zip","environmentVariables":{"FIREBASE_CONFIG":"{\"projectId\":\"rocket-prompt\",\"storageBucket\":\"rocket-prompt.firebasestorage.app\"}","GCLOUD_PROJECT":"rocket-prompt","EVENTARC_CLOUD_EVENT_SOURCE":"projects/rocket-prompt/locations/us-central1/functions/generateRocketGoalsImage"},"runtime":"nodejs22","ingressSettings":"ALLOW_ALL","buildId":"a4a38161-60e7-4707-ae5c-5acb8814bf7b","buildEnvironmentVariables":{"GOOGLE_NODE_RUN_SCRIPTS":""},"secretEnvironmentVariables":[{"key":"GEMINI_API_KEY","projectId":"169050684401","secret":"GEMINI_API_KEY","version":"3"}],"buildName":"projects/169050684401/locations/us-central1/builds/a4a38161-60e7-4707-ae5c-5acb8814bf7b","dockerRegistry":"ARTIFACT_REGISTRY","automaticUpdatePolicy":{},"buildServiceAccount":"projects/rocket-prompt/serviceAccounts/169050684401-compute@developer.gserviceaccount.com","satisfiesPzi":true},{"name":"projects/rocket-prompt/locations/us-central1/functions/scheduleDemoEmail","httpsTrigger":{"url":"https://us-central1-rocket-prompt.cloudfunctions.net/scheduleDemoEmail","securityLevel":"SECURE_ALWAYS"},"status":"ACTIVE","entryPoint":"scheduleDemoEmail","timeout":"60s","availableMemoryMb":256,"serviceAccountEmail":"rocket-prompt@appspot.gserviceaccount.com","updateTime":"2026-02-12T16:31:05.637Z","versionId":"29","labels":{"deployment-tool":"cli-firebase","deployment-callable":"true","firebase-functions-hash":"e9c01cce70d23704fe368d3830fcaae1151bc5ef"},"sourceUploadUrl":"https://storage.googleapis.com/uploads-17286520875.us-central1.cloudfunctions.appspot.com/5f3ca78c-1ed1-4796-b9a1-924e53827815.zip","environmentVariables":{"GA_PROPERTY_ID":"G-6HCB340LRG","FIREBASE_CONFIG":"{\"projectId\":\"rocket-prompt\",\"storageBucket\":\"rocket-prompt.firebasestorage.app\"}","GCLOUD_PROJECT":"rocket-prompt","EVENTARC_CLOUD_EVENT_SOURCE":"projects/rocket-prompt/locations/us-central1/functions/scheduleDemoEmail"},"runtime":"nodejs22","ingressSettings":"ALLOW_ALL","buildId":"db98ec2a-9c20-4155-bb86-0dcb1f2da107","buildEnvironmentVariables":{"GOOGLE_NODE_RUN_SCRIPTS":""},"secretEnvironmentVariables":[{"key":"SENDGRID_API_KEY","projectId":"169050684401","secret":"SENDGRID_API_KEY","version":"3"}],"buildName":"projects/169050684401/locations/us-central1/builds/db98ec2a-9c20-4155-bb86-0dcb1f2da107","dockerRegistry":"ARTIFACT_REGISTRY","automaticUpdatePolicy":{},"buildServiceAccount":"projects/rocket-prompt/serviceAccounts/169050684401-compute@developer.gserviceaccount.com","satisfiesPzi":true},{"name":"projects/rocket-prompt/locations/us-central1/functions/generatePromptThumbnail","httpsTrigger":{"url":"https://us-central1-rocket-prompt.cloudfunctions.net/generatePromptThumbnail","securityLevel":"SECURE_ALWAYS"},"status":"ACTIVE","entryPoint":"generatePromptThumbnail","timeout":"120s","availableMemoryMb":512,"serviceAccountEmail":"rocket-prompt@appspot.gserviceaccount.com","updateTime":"2026-01-06T04:18:52.394709868Z","versionId":"1","labels":{"deployment-callable":"true","firebase-functions-hash":"75753d392d345d7fc22417992c2d8a3b094b7bd6","deployment-tool":"cli-firebase"},"sourceUploadUrl":"https://storage.googleapis.com/uploads-17286520875.us-central1.cloudfunctions.appspot.com/7d6abb83-36fa-4b37-93fb-7a1ab3f95325.zip","environmentVariables":{"FIREBASE_CONFIG":"{\"projectId\":\"rocket-prompt\",\"storageBucket\":\"rocket-prompt.firebasestorage.app\"}","GCLOUD_PROJECT":"rocket-prompt","EVENTARC_CLOUD_EVENT_SOURCE":"projects/rocket-prompt/locations/us-central1/functions/generatePromptThumbnail"},"runtime":"nodejs22","ingressSettings":"ALLOW_ALL","buildId":"721f8061-cb01-45c8-befa-739446725bc3","buildEnvironmentVariables":{"GOOGLE_NODE_RUN_SCRIPTS":""},"buildName":"projects/169050684401/locations/us-central1/builds/721f8061-cb01-45c8-befa-739446725bc3","dockerRegistry":"ARTIFACT_REGISTRY","automaticUpdatePolicy":{},"buildServiceAccount":"projects/rocket-prompt/serviceAccounts/169050684401-compute@developer.gserviceaccount.com","satisfiesPzi":true},{"name":"projects/rocket-prompt/locations/us-central1/functions/updateScheduledReminder","httpsTrigger":{"url":"https://us-central1-rocket-prompt.cloudfunctions.net/updateScheduledReminder","securityLevel":"SECURE_ALWAYS"},"status":"ACTIVE","entryPoint":"updateScheduledReminder","timeout":"60s","availableMemoryMb":256,"serviceAccountEmail":"rocket-prompt@appspot.gserviceaccount.com","updateTime":"2026-02-12T16:31:01.698Z","versionId":"28","labels":{"deployment-tool":"cli-firebase","deployment-callable":"true","firebase-functions-hash":"71d389428c0933f5ecae71bba0e3d36bded86372"},"sourceUploadUrl":"https://storage.googleapis.com/uploads-17286520875.us-central1.cloudfunctions.appspot.com/5f3ca78c-1ed1-4796-b9a1-924e53827815.zip","environmentVariables":{"GA_PROPERTY_ID":"G-6HCB340LRG","FIREBASE_CONFIG":"{\"projectId\":\"rocket-prompt\",\"storageBucket\":\"rocket-prompt.firebasestorage.app\"}","GCLOUD_PROJECT":"rocket-prompt","EVENTARC_CLOUD_EVENT_SOURCE":"projects/rocket-prompt/locations/us-central1/functions/updateScheduledReminder"},"runtime":"nodejs22","ingressSettings":"ALLOW_ALL","buildId":"db98ec2a-9c20-4155-bb86-0dcb1f2da107","buildEnvironmentVariables":{"GOOGLE_NODE_RUN_SCRIPTS":""},"buildName":"projects/169050684401/locations/us-central1/builds/db98ec2a-9c20-4155-bb86-0dcb1f2da107","dockerRegistry":"ARTIFACT_REGISTRY","automaticUpdatePolicy":{},"buildServiceAccount":"projects/rocket-prompt/serviceAccounts/169050684401-compute@developer.gserviceaccount.com","satisfiesPzi":true},{"name":"projects/rocket-prompt/locations/us-central1/functions/getDefaultEmailTemplate","httpsTrigger":{"url":"https://us-central1-rocket-prompt.cloudfunctions.net/getDefaultEmailTemplate","securityLevel":"SECURE_ALWAYS"},"status":"ACTIVE","entryPoint":"getDefaultEmailTemplate","timeout":"60s","availableMemoryMb":256,"serviceAccountEmail":"rocket-prompt@appspot.gserviceaccount.com","updateTime":"2026-02-12T16:30:57.994Z","versionId":"28","labels":{"firebase-functions-hash":"71d389428c0933f5ecae71bba0e3d36bded86372","deployment-tool":"cli-firebase","deployment-callable":"true"},"sourceUploadUrl":"https://storage.googleapis.com/uploads-17286520875.us-central1.cloudfunctions.appspot.com/5f3ca78c-1ed1-4796-b9a1-924e53827815.zip","environmentVariables":{"GA_PROPERTY_ID":"G-6HCB340LRG","FIREBASE_CONFIG":"{\"projectId\":\"rocket-prompt\",\"storageBucket\":\"rocket-prompt.firebasestorage.app\"}","GCLOUD_PROJECT":"rocket-prompt","EVENTARC_CLOUD_EVENT_SOURCE":"projects/rocket-prompt/locations/us-central1/functions/getDefaultEmailTemplate"},"runtime":"nodejs22","ingressSettings":"ALLOW_ALL","buildId":"db98ec2a-9c20-4155-bb86-0dcb1f2da107","buildEnvironmentVariables":{"GOOGLE_NODE_RUN_SCRIPTS":""},"buildName":"projects/169050684401/locations/us-central1/builds/db98ec2a-9c20-4155-bb86-0dcb1f2da107","dockerRegistry":"ARTIFACT_REGISTRY","automaticUpdatePolicy":{},"buildServiceAccount":"projects/rocket-prompt/serviceAccounts/169050684401-compute@developer.gserviceaccount.com","satisfiesPzi":true},{"name":"projects/rocket-prompt/locations/us-central1/functions/sendWelcomeEmail","httpsTrigger":{"url":"https://us-central1-rocket-prompt.cloudfunctions.net/sendWelcomeEmail","securityLevel":"SECURE_ALWAYS"},"status":"ACTIVE","entryPoint":"sendWelcomeEmail","timeout":"60s","availableMemoryMb":256,"serviceAccountEmail":"rocket-prompt@appspot.gserviceaccount.com","updateTime":"2026-02-12T16:30:58.551Z","versionId":"12","labels":{"firebase-functions-hash":"e9c01cce70d23704fe368d3830fcaae1151bc5ef","deployment-tool":"cli-firebase","deployment-callable":"true"},"sourceUploadUrl":"https://storage.googleapis.com/uploads-17286520875.us-central1.cloudfunctions.appspot.com/5f3ca78c-1ed1-4796-b9a1-924e53827815.zip","environmentVariables":{"GA_PROPERTY_ID":"G-6HCB340LRG","FIREBASE_CONFIG":"{\"projectId\":\"rocket-prompt\",\"storageBucket\":\"rocket-prompt.firebasestorage.app\"}","GCLOUD_PROJECT":"rocket-prompt","EVENTARC_CLOUD_EVENT_SOURCE":"projects/rocket-prompt/locations/us-central1/functions/sendWelcomeEmail"},"runtime":"nodejs22","ingressSettings":"ALLOW_ALL","buildId":"db98ec2a-9c20-4155-bb86-0dcb1f2da107","buildEnvironmentVariables":{"GOOGLE_NODE_RUN_SCRIPTS":""},"secretEnvironmentVariables":[{"key":"SENDGRID_API_KEY","projectId":"169050684401","secret":"SENDGRID_API_KEY","version":"3"}],"buildName":"projects/169050684401/locations/us-central1/builds/db98ec2a-9c20-4155-bb86-0dcb1f2da107","dockerRegistry":"ARTIFACT_REGISTRY","automaticUpdatePolicy":{},"buildServiceAccount":"projects/rocket-prompt/serviceAccounts/169050684401-compute@developer.gserviceaccount.com","satisfiesPzi":true},{"name":"projects/rocket-prompt/locations/us-central1/functions/stripeWebhookRocketGoals","httpsTrigger":{"url":"https://us-central1-rocket-prompt.cloudfunctions.net/stripeWebhookRocketGoals","securityLevel":"SECURE_ALWAYS"},"status":"ACTIVE","entryPoint":"stripeWebhookRocketGoals","timeout":"60s","availableMemoryMb":256,"serviceAccountEmail":"rocket-prompt@appspot.gserviceaccount.com","updateTime":"2026-02-12T16:30:55.632Z","versionId":"39","labels":{"deployment-tool":"cli-firebase","firebase-functions-hash":"1b17f354e5d0d703d851743ebbd68c8e39b4db12"},"sourceUploadUrl":"https://storage.googleapis.com/uploads-17286520875.us-central1.cloudfunctions.appspot.com/5f3ca78c-1ed1-4796-b9a1-924e53827815.zip","environmentVariables":{"GA_PROPERTY_ID":"G-6HCB340LRG","FIREBASE_CONFIG":"{\"projectId\":\"rocket-prompt\",\"storageBucket\":\"rocket-prompt.firebasestorage.app\"}","GCLOUD_PROJECT":"rocket-prompt","EVENTARC_CLOUD_EVENT_SOURCE":"projects/rocket-prompt/locations/us-central1/functions/stripeWebhookRocketGoals"},"runtime":"nodejs22","ingressSettings":"ALLOW_ALL","buildId":"db98ec2a-9c20-4155-bb86-0dcb1f2da107","buildEnvironmentVariables":{"GOOGLE_NODE_RUN_SCRIPTS":""},"secretEnvironmentVariables":[{"key":"STRIPE_WEBHOOK_SECRET_GOALS","projectId":"169050684401","secret":"STRIPE_WEBHOOK_SECRET_GOALS","version":"1"}],"buildName":"projects/169050684401/locations/us-central1/builds/db98ec2a-9c20-4155-bb86-0dcb1f2da107","dockerRegistry":"ARTIFACT_REGISTRY","automaticUpdatePolicy":{},"buildServiceAccount":"projects/rocket-prompt/serviceAccounts/169050684401-compute@developer.gserviceaccount.com","satisfiesPzi":true},{"name":"projects/rocket-prompt/locations/us-central1/functions/cancelSubscription","httpsTrigger":{"url":"https://us-central1-rocket-prompt.cloudfunctions.net/cancelSubscription","securityLevel":"SECURE_ALWAYS"},"status":"ACTIVE","entryPoint":"cancelSubscription","timeout":"60s","availableMemoryMb":256,"serviceAccountEmail":"rocket-prompt@appspot.gserviceaccount.com","updateTime":"2026-02-12T16:30:54.155Z","versionId":"37","labels":{"firebase-functions-hash":"ceb6b89eb4e149c1d79837b7b053f2a5bc08861c","deployment-tool":"cli-firebase","deployment-callable":"true"},"sourceUploadUrl":"https://storage.googleapis.com/uploads-17286520875.us-central1.cloudfunctions.appspot.com/5f3ca78c-1ed1-4796-b9a1-924e53827815.zip","environmentVariables":{"GA_PROPERTY_ID":"G-6HCB340LRG","FIREBASE_CONFIG":"{\"projectId\":\"rocket-prompt\",\"storageBucket\":\"rocket-prompt.firebasestorage.app\"}","GCLOUD_PROJECT":"rocket-prompt","EVENTARC_CLOUD_EVENT_SOURCE":"projects/rocket-prompt/locations/us-central1/functions/cancelSubscription"},"runtime":"nodejs22","ingressSettings":"ALLOW_ALL","buildId":"db98ec2a-9c20-4155-bb86-0dcb1f2da107","buildEnvironmentVariables":{"GOOGLE_NODE_RUN_SCRIPTS":""},"secretEnvironmentVariables":[{"key":"STRIPE_SECRET_KEY","projectId":"169050684401","secret":"STRIPE_SECRET_KEY","version":"2"}],"buildName":"projects/169050684401/locations/us-central1/builds/db98ec2a-9c20-4155-bb86-0dcb1f2da107","dockerRegistry":"ARTIFACT_REGISTRY","automaticUpdatePolicy":{},"buildServiceAccount":"projects/rocket-prompt/serviceAccounts/169050684401-compute@developer.gserviceaccount.com","satisfiesPzi":true},{"name":"projects/rocket-prompt/locations/us-central1/functions/sendTestSMS","httpsTrigger":{"url":"https://us-central1-rocket-prompt.cloudfunctions.net/sendTestSMS","securityLevel":"SECURE_ALWAYS"},"status":"ACTIVE","entryPoint":"sendTestSMS","timeout":"60s","availableMemoryMb":256,"serviceAccountEmail":"rocket-prompt@appspot.gserviceaccount.com","updateTime":"2026-02-12T16:31:01.407Z","versionId":"34","labels":{"deployment-callable":"true","firebase-functions-hash":"de90b4d3a822fab41714c794d98c5f4f461881b8","deployment-tool":"cli-firebase"},"sourceUploadUrl":"https://storage.googleapis.com/uploads-17286520875.us-central1.cloudfunctions.appspot.com/5f3ca78c-1ed1-4796-b9a1-924e53827815.zip","environmentVariables":{"GA_PROPERTY_ID":"G-6HCB340LRG","FIREBASE_CONFIG":"{\"projectId\":\"rocket-prompt\",\"storageBucket\":\"rocket-prompt.firebasestorage.app\"}","GCLOUD_PROJECT":"rocket-prompt","EVENTARC_CLOUD_EVENT_SOURCE":"projects/rocket-prompt/locations/us-central1/functions/sendTestSMS"},"runtime":"nodejs22","ingressSettings":"ALLOW_ALL","buildId":"db98ec2a-9c20-4155-bb86-0dcb1f2da107","buildEnvironmentVariables":{"GOOGLE_NODE_RUN_SCRIPTS":""},"secretEnvironmentVariables":[{"key":"TWILIO_ACCOUNT_SID","projectId":"169050684401","secret":"TWILIO_ACCOUNT_SID","version":"2"},{"key":"TWILIO_AUTH_TOKEN","projectId":"169050684401","secret":"TWILIO_AUTH_TOKEN","version":"2"},{"key":"TWILIO_PHONE_NUMBER","projectId":"169050684401","secret":"TWILIO_PHONE_NUMBER","version":"2"}],"buildName":"projects/169050684401/locations/us-central1/builds/db98ec2a-9c20-4155-bb86-0dcb1f2da107","dockerRegistry":"ARTIFACT_REGISTRY","automaticUpdatePolicy":{},"buildServiceAccount":"projects/rocket-prompt/serviceAccounts/169050684401-compute@developer.gserviceaccount.com","satisfiesPzi":true},{"name":"projects/rocket-prompt/locations/us-central1/functions/createCheckoutSession","httpsTrigger":{"url":"https://us-central1-rocket-prompt.cloudfunctions.net/createCheckoutSession","securityLevel":"SECURE_ALWAYS"},"status":"ACTIVE","entryPoint":"createCheckoutSession","timeout":"60s","availableMemoryMb":256,"serviceAccountEmail":"rocket-prompt@appspot.gserviceaccount.com","updateTime":"2026-02-12T16:31:01.071Z","versionId":"55","labels":{"deployment-tool":"cli-firebase","deployment-callable":"true","firebase-functions-hash":"ceb6b89eb4e149c1d79837b7b053f2a5bc08861c"},"sourceUploadUrl":"https://storage.googleapis.com/uploads-17286520875.us-central1.cloudfunctions.appspot.com/5f3ca78c-1ed1-4796-b9a1-924e53827815.zip","environmentVariables":{"GA_PROPERTY_ID":"G-6HCB340LRG","FIREBASE_CONFIG":"{\"projectId\":\"rocket-prompt\",\"storageBucket\":\"rocket-prompt.firebasestorage.app\"}","GCLOUD_PROJECT":"rocket-prompt","EVENTARC_CLOUD_EVENT_SOURCE":"projects/rocket-prompt/locations/us-central1/functions/createCheckoutSession"},"runtime":"nodejs22","ingressSettings":"ALLOW_ALL","buildId":"db98ec2a-9c20-4155-bb86-0dcb1f2da107","buildEnvironmentVariables":{"GOOGLE_NODE_RUN_SCRIPTS":""},"secretEnvironmentVariables":[{"key":"STRIPE_SECRET_KEY","projectId":"169050684401","secret":"STRIPE_SECRET_KEY","version":"2"}],"buildName":"projects/169050684401/locations/us-central1/builds/db98ec2a-9c20-4155-bb86-0dcb1f2da107","dockerRegistry":"ARTIFACT_REGISTRY","automaticUpdatePolicy":{},"buildServiceAccount":"projects/rocket-prompt/serviceAccounts/169050684401-compute@developer.gserviceaccount.com","satisfiesPzi":true},{"name":"projects/rocket-prompt/locations/us-central1/functions/sendTestEmail","httpsTrigger":{"url":"https://us-central1-rocket-prompt.cloudfunctions.net/sendTestEmail","securityLevel":"SECURE_ALWAYS"},"status":"ACTIVE","entryPoint":"sendTestEmail","timeout":"60s","availableMemoryMb":256,"serviceAccountEmail":"rocket-prompt@appspot.gserviceaccount.com","updateTime":"2026-02-12T16:31:05.937Z","versionId":"71","labels":{"deployment-tool":"cli-firebase","deployment-callable":"true","firebase-functions-hash":"e9c01cce70d23704fe368d3830fcaae1151bc5ef"},"sourceUploadUrl":"https://storage.googleapis.com/uploads-17286520875.us-central1.cloudfunctions.appspot.com/5f3ca78c-1ed1-4796-b9a1-924e53827815.zip","environmentVariables":{"GA_PROPERTY_ID":"G-6HCB340LRG","FIREBASE_CONFIG":"{\"projectId\":\"rocket-prompt\",\"storageBucket\":\"rocket-prompt.firebasestorage.app\"}","GCLOUD_PROJECT":"rocket-prompt","EVENTARC_CLOUD_EVENT_SOURCE":"projects/rocket-prompt/locations/us-central1/functions/sendTestEmail"},"runtime":"nodejs22","ingressSettings":"ALLOW_ALL","buildId":"db98ec2a-9c20-4155-bb86-0dcb1f2da107","buildEnvironmentVariables":{"GOOGLE_NODE_RUN_SCRIPTS":""},"secretEnvironmentVariables":[{"key":"SENDGRID_API_KEY","projectId":"169050684401","secret":"SENDGRID_API_KEY","version":"3"}],"buildName":"projects/169050684401/locations/us-central1/builds/db98ec2a-9c20-4155-bb86-0dcb1f2da107","dockerRegistry":"ARTIFACT_REGISTRY","automaticUpdatePolicy":{},"buildServiceAccount":"projects/rocket-prompt/serviceAccounts/169050684401-compute@developer.gserviceaccount.com","satisfiesPzi":true},{"name":"projects/rocket-prompt/locations/us-central1/functions/redeemPromoCode","httpsTrigger":{"url":"https://us-central1-rocket-prompt.cloudfunctions.net/redeemPromoCode","securityLevel":"SECURE_ALWAYS"},"status":"ACTIVE","entryPoint":"redeemPromoCode","timeout":"60s","availableMemoryMb":256,"serviceAccountEmail":"rocket-prompt@appspot.gserviceaccount.com","updateTime":"2026-02-12T16:31:01.210Z","versionId":"35","labels":{"deployment-tool":"cli-firebase","deployment-callable":"true","firebase-functions-hash":"71d389428c0933f5ecae71bba0e3d36bded86372"},"sourceUploadUrl":"https://storage.googleapis.com/uploads-17286520875.us-central1.cloudfunctions.appspot.com/5f3ca78c-1ed1-4796-b9a1-924e53827815.zip","environmentVariables":{"GA_PROPERTY_ID":"G-6HCB340LRG","FIREBASE_CONFIG":"{\"projectId\":\"rocket-prompt\",\"storageBucket\":\"rocket-prompt.firebasestorage.app\"}","GCLOUD_PROJECT":"rocket-prompt","EVENTARC_CLOUD_EVENT_SOURCE":"projects/rocket-prompt/locations/us-central1/functions/redeemPromoCode"},"runtime":"nodejs22","ingressSettings":"ALLOW_ALL","buildId":"db98ec2a-9c20-4155-bb86-0dcb1f2da107","buildEnvironmentVariables":{"GOOGLE_NODE_RUN_SCRIPTS":""},"buildName":"projects/169050684401/locations/us-central1/builds/db98ec2a-9c20-4155-bb86-0dcb1f2da107","dockerRegistry":"ARTIFACT_REGISTRY","automaticUpdatePolicy":{},"buildServiceAccount":"projects/rocket-prompt/serviceAccounts/169050684401-compute@developer.gserviceaccount.com","satisfiesPzi":true}]}
[debug] [2026-02-16T01:00:54.213Z] Checked if tokens are valid: true, expires at: 1771207149356
[debug] [2026-02-16T01:00:54.213Z] Checked if tokens are valid: true, expires at: 1771207149356
[debug] [2026-02-16T01:00:54.214Z] >>> [apiv2][query] GET https://cloudfunctions.googleapis.com/v2/projects/rocket-prompt/locations/-/functions filter=environment%3D%22GEN_2%22
[debug] [2026-02-16T01:00:54.699Z] <<< [apiv2][status] GET https://cloudfunctions.googleapis.com/v2/projects/rocket-prompt/locations/-/functions 200
[debug] [2026-02-16T01:00:54.700Z] <<< [apiv2][body] GET https://cloudfunctions.googleapis.com/v2/projects/rocket-prompt/locations/-/functions {"functions":[{"name":"projects/rocket-prompt/locations/us-central1/functions/sendTelegramMissionLogReminders","buildConfig":{"build":"projects/169050684401/locations/us-central1/builds/61b641ea-c3ec-4b4f-bc45-725536e6b592","runtime":"nodejs22","entryPoint":"sendTelegramMissionLogReminders","source":{"storageSource":{"bucket":"gcf-v2-sources-169050684401-us-central1","object":"sendTelegramMissionLogReminders/function-source.zip","generation":"1770913847542659"}},"environmentVariables":{"GOOGLE_NODE_RUN_SCRIPTS":""},"dockerRepository":"projects/rocket-prompt/locations/us-central1/repositories/gcf-artifacts","sourceProvenance":{"resolvedStorageSource":{"bucket":"gcf-v2-sources-169050684401-us-central1","object":"sendTelegramMissionLogReminders/function-source.zip","generation":"1770913847542659"}},"dockerRegistry":"ARTIFACT_REGISTRY","serviceAccount":"projects/rocket-prompt/serviceAccounts/169050684401-compute@developer.gserviceaccount.com","automaticUpdatePolicy":{}},"serviceConfig":{"service":"projects/rocket-prompt/locations/us-central1/services/sendtelegrammissionlogreminders","timeoutSeconds":60,"environmentVariables":{"GA_PROPERTY_ID":"G-6HCB340LRG","FIREBASE_CONFIG":"{\"projectId\":\"rocket-prompt\",\"storageBucket\":\"rocket-prompt.firebasestorage.app\"}","GCLOUD_PROJECT":"rocket-prompt","EVENTARC_CLOUD_EVENT_SOURCE":"projects/rocket-prompt/locations/us-central1/services/sendTelegramMissionLogReminders","FUNCTION_TARGET":"sendTelegramMissionLogReminders","LOG_EXECUTION_ID":"true","FUNCTION_SIGNATURE_TYPE":"http"},"maxInstanceCount":20,"ingressSettings":"ALLOW_ALL","uri":"https://sendtelegrammissionlogreminders-dqcmto3fqa-uc.a.run.app","serviceAccountEmail":"169050684401-compute@developer.gserviceaccount.com","availableMemory":"256Mi","allTrafficOnLatestRevision":true,"secretEnvironmentVariables":[{"key":"TELEGRAM_BOT_TOKEN","projectId":"rocket-prompt","secret":"TELEGRAM_BOT_TOKEN","version":"1"}],"revision":"sendtelegrammissionlogreminders-00010-dih","maxInstanceRequestConcurrency":80,"availableCpu":"1"},"state":"ACTIVE","updateTime":"2026-02-12T16:31:03.723760243Z","labels":{"deployment-tool":"cli-firebase","deployment-scheduled":"true","firebase-functions-hash":"c3307d5f916230d63e82f632c8cbcaa8363f10cb"},"environment":"GEN_2","url":"https://us-central1-rocket-prompt.cloudfunctions.net/sendTelegramMissionLogReminders","createTime":"2026-01-29T22:12:08.633091381Z","satisfiesPzi":true},{"name":"projects/rocket-prompt/locations/us-central1/functions/checkHeyGenVideoStatus","buildConfig":{"build":"projects/169050684401/locations/us-central1/builds/61b641ea-c3ec-4b4f-bc45-725536e6b592","runtime":"nodejs22","entryPoint":"checkHeyGenVideoStatus","source":{"storageSource":{"bucket":"gcf-v2-sources-169050684401-us-central1","object":"checkHeyGenVideoStatus/function-source.zip","generation":"1770913847417910"}},"environmentVariables":{"GOOGLE_NODE_RUN_SCRIPTS":""},"dockerRepository":"projects/rocket-prompt/locations/us-central1/repositories/gcf-artifacts","sourceProvenance":{"resolvedStorageSource":{"bucket":"gcf-v2-sources-169050684401-us-central1","object":"checkHeyGenVideoStatus/function-source.zip","generation":"1770913847417910"}},"dockerRegistry":"ARTIFACT_REGISTRY","serviceAccount":"projects/rocket-prompt/serviceAccounts/169050684401-compute@developer.gserviceaccount.com","automaticUpdatePolicy":{}},"serviceConfig":{"service":"projects/rocket-prompt/locations/us-central1/services/checkheygenvideostatus","timeoutSeconds":30,"environmentVariables":{"GA_PROPERTY_ID":"G-6HCB340LRG","FIREBASE_CONFIG":"{\"projectId\":\"rocket-prompt\",\"storageBucket\":\"rocket-prompt.firebasestorage.app\"}","GCLOUD_PROJECT":"rocket-prompt","EVENTARC_CLOUD_EVENT_SOURCE":"projects/rocket-prompt/locations/us-central1/services/checkHeyGenVideoStatus","FUNCTION_TARGET":"checkHeyGenVideoStatus","LOG_EXECUTION_ID":"true","FUNCTION_SIGNATURE_TYPE":"http"},"maxInstanceCount":20,"ingressSettings":"ALLOW_ALL","uri":"https://checkheygenvideostatus-dqcmto3fqa-uc.a.run.app","serviceAccountEmail":"169050684401-compute@developer.gserviceaccount.com","availableMemory":"256Mi","allTrafficOnLatestRevision":true,"secretEnvironmentVariables":[{"key":"HEYGEN_API_KEY","projectId":"rocket-prompt","secret":"HEYGEN_API_KEY","version":"1"}],"revision":"checkheygenvideostatus-00017-tow","maxInstanceRequestConcurrency":80,"availableCpu":"1"},"state":"ACTIVE","updateTime":"2026-02-12T16:31:06.166617853Z","labels":{"firebase-functions-hash":"c6a4f3766b888a587485ba896dd6da725c87daa7","deployment-tool":"cli-firebase","deployment-callable":"true"},"environment":"GEN_2","url":"https://us-central1-rocket-prompt.cloudfunctions.net/checkHeyGenVideoStatus","createTime":"2026-01-14T03:40:44.480713444Z","satisfiesPzi":true},{"name":"projects/rocket-prompt/locations/us-central1/functions/generateTelegramDeepLink","buildConfig":{"build":"projects/169050684401/locations/us-central1/builds/61b641ea-c3ec-4b4f-bc45-725536e6b592","runtime":"nodejs22","entryPoint":"generateTelegramDeepLink","source":{"storageSource":{"bucket":"gcf-v2-sources-169050684401-us-central1","object":"generateTelegramDeepLink/function-source.zip","generation":"1770913847501565"}},"environmentVariables":{"GOOGLE_NODE_RUN_SCRIPTS":""},"dockerRepository":"projects/rocket-prompt/locations/us-central1/repositories/gcf-artifacts","sourceProvenance":{"resolvedStorageSource":{"bucket":"gcf-v2-sources-169050684401-us-central1","object":"generateTelegramDeepLink/function-source.zip","generation":"1770913847501565"}},"dockerRegistry":"ARTIFACT_REGISTRY","serviceAccount":"projects/rocket-prompt/serviceAccounts/169050684401-compute@developer.gserviceaccount.com","automaticUpdatePolicy":{}},"serviceConfig":{"service":"projects/rocket-prompt/locations/us-central1/services/generatetelegramdeeplink","timeoutSeconds":60,"environmentVariables":{"GA_PROPERTY_ID":"G-6HCB340LRG","FIREBASE_CONFIG":"{\"projectId\":\"rocket-prompt\",\"storageBucket\":\"rocket-prompt.firebasestorage.app\"}","GCLOUD_PROJECT":"rocket-prompt","EVENTARC_CLOUD_EVENT_SOURCE":"projects/rocket-prompt/locations/us-central1/services/generateTelegramDeepLink","FUNCTION_TARGET":"generateTelegramDeepLink","LOG_EXECUTION_ID":"true","FUNCTION_SIGNATURE_TYPE":"http"},"maxInstanceCount":20,"ingressSettings":"ALLOW_ALL","uri":"https://generatetelegramdeeplink-dqcmto3fqa-uc.a.run.app","serviceAccountEmail":"169050684401-compute@developer.gserviceaccount.com","availableMemory":"256Mi","allTrafficOnLatestRevision":true,"revision":"generatetelegramdeeplink-00010-pib","maxInstanceRequestConcurrency":80,"availableCpu":"1"},"state":"ACTIVE","updateTime":"2026-02-12T16:31:04.762741213Z","labels":{"firebase-functions-hash":"1404980459fa0cac594f71d6023c87c9d68ed120","deployment-tool":"cli-firebase","deployment-callable":"true"},"environment":"GEN_2","url":"https://us-central1-rocket-prompt.cloudfunctions.net/generateTelegramDeepLink","createTime":"2026-01-30T01:54:20.575823424Z","satisfiesPzi":true},{"name":"projects/rocket-prompt/locations/us-central1/functions/bulkCreatePromptsWithThumbnails","buildConfig":{"build":"projects/169050684401/locations/us-central1/builds/27f45251-8a7f-4a42-8860-f13a13895e7b","runtime":"nodejs22","entryPoint":"bulkCreatePromptsWithThumbnails","source":{"storageSource":{"bucket":"gcf-v2-sources-169050684401-us-central1","object":"bulkCreatePromptsWithThumbnails/function-source.zip","generation":"1767673065348911"}},"environmentVariables":{"GOOGLE_NODE_RUN_SCRIPTS":""},"dockerRepository":"projects/rocket-prompt/locations/us-central1/repositories/gcf-artifacts","sourceProvenance":{"resolvedStorageSource":{"bucket":"gcf-v2-sources-169050684401-us-central1","object":"bulkCreatePromptsWithThumbnails/function-source.zip","generation":"1767673065348911"}},"dockerRegistry":"ARTIFACT_REGISTRY","serviceAccount":"projects/rocket-prompt/serviceAccounts/169050684401-compute@developer.gserviceaccount.com","automaticUpdatePolicy":{}},"serviceConfig":{"service":"projects/rocket-prompt/locations/us-central1/services/bulkcreatepromptswiththumbnails","timeoutSeconds":3600,"environmentVariables":{"FIREBASE_CONFIG":"{\"projectId\":\"rocket-prompt\",\"storageBucket\":\"rocket-prompt.firebasestorage.app\"}","GCLOUD_PROJECT":"rocket-prompt","EVENTARC_CLOUD_EVENT_SOURCE":"projects/rocket-prompt/locations/us-central1/services/bulkCreatePromptsWithThumbnails","FUNCTION_TARGET":"bulkCreatePromptsWithThumbnails","LOG_EXECUTION_ID":"true"},"ingressSettings":"ALLOW_ALL","uri":"https://bulkcreatepromptswiththumbnails-dqcmto3fqa-uc.a.run.app","serviceAccountEmail":"169050684401-compute@developer.gserviceaccount.com","availableMemory":"1024Mi","allTrafficOnLatestRevision":true,"secretEnvironmentVariables":[{"key":"GEMINI_API_KEY","projectId":"rocket-prompt","secret":"GEMINI_API_KEY","version":"3"}],"revision":"bulkcreatepromptswiththumbnails-00001-pep","maxInstanceRequestConcurrency":80,"availableCpu":"1"},"state":"ACTIVE","updateTime":"2026-01-06T04:18:55.217725964Z","labels":{"deployment-tool":"cli-firebase","deployment-callable":"true","firebase-functions-hash":"40f35a0f7c308df96d7ab6cc3c486829fa8a6807"},"environment":"GEN_2","url":"https://us-central1-rocket-prompt.cloudfunctions.net/bulkCreatePromptsWithThumbnails","createTime":"2026-01-06T04:17:45.567020984Z","satisfiesPzi":true},{"name":"projects/rocket-prompt/locations/us-central1/functions/rocketGoalsAI","buildConfig":{"build":"projects/169050684401/locations/us-central1/builds/61b641ea-c3ec-4b4f-bc45-725536e6b592","runtime":"nodejs22","entryPoint":"rocketGoalsAI","source":{"storageSource":{"bucket":"gcf-v2-sources-169050684401-us-central1","object":"rocketGoalsAI/function-source.zip","generation":"1770913847559111"}},"environmentVariables":{"GOOGLE_NODE_RUN_SCRIPTS":""},"dockerRepository":"projects/rocket-prompt/locations/us-central1/repositories/gcf-artifacts","sourceProvenance":{"resolvedStorageSource":{"bucket":"gcf-v2-sources-169050684401-us-central1","object":"rocketGoalsAI/function-source.zip","generation":"1770913847559111"}},"dockerRegistry":"ARTIFACT_REGISTRY","serviceAccount":"projects/rocket-prompt/serviceAccounts/169050684401-compute@developer.gserviceaccount.com","automaticUpdatePolicy":{}},"serviceConfig":{"service":"projects/rocket-prompt/locations/us-central1/services/rocketgoalsai","timeoutSeconds":60,"environmentVariables":{"GA_PROPERTY_ID":"G-6HCB340LRG","FIREBASE_CONFIG":"{\"projectId\":\"rocket-prompt\",\"storageBucket\":\"rocket-prompt.firebasestorage.app\"}","GCLOUD_PROJECT":"rocket-prompt","EVENTARC_CLOUD_EVENT_SOURCE":"projects/rocket-prompt/locations/us-central1/services/rocketGoalsAI","FUNCTION_TARGET":"rocketGoalsAI","LOG_EXECUTION_ID":"true","FUNCTION_SIGNATURE_TYPE":"http"},"maxInstanceCount":20,"ingressSettings":"ALLOW_ALL","uri":"https://rocketgoalsai-dqcmto3fqa-uc.a.run.app","serviceAccountEmail":"169050684401-compute@developer.gserviceaccount.com","availableMemory":"256Mi","allTrafficOnLatestRevision":true,"secretEnvironmentVariables":[{"key":"GEMINI_API_KEY","projectId":"rocket-prompt","secret":"GEMINI_API_KEY","version":"3"}],"revision":"rocketgoalsai-00091-tux","maxInstanceRequestConcurrency":80,"availableCpu":"1"},"state":"ACTIVE","updateTime":"2026-02-12T16:31:03.582071253Z","labels":{"firebase-functions-hash":"959f1396f9fb9b4116a7f7f390c7e002d328ed78","deployment-tool":"cli-firebase","deployment-callable":"true"},"environment":"GEN_2","url":"https://us-central1-rocket-prompt.cloudfunctions.net/rocketGoalsAI","createTime":"2025-12-04T19:16:37.894954874Z","satisfiesPzi":true},{"name":"projects/rocket-prompt/locations/us-central1/functions/linkTelegramAccount","buildConfig":{"build":"projects/169050684401/locations/us-central1/builds/61b641ea-c3ec-4b4f-bc45-725536e6b592","runtime":"nodejs22","entryPoint":"linkTelegramAccount","source":{"storageSource":{"bucket":"gcf-v2-sources-169050684401-us-central1","object":"linkTelegramAccount/function-source.zip","generation":"1770913847555665"}},"environmentVariables":{"GOOGLE_NODE_RUN_SCRIPTS":""},"dockerRepository":"projects/rocket-prompt/locations/us-central1/repositories/gcf-artifacts","sourceProvenance":{"resolvedStorageSource":{"bucket":"gcf-v2-sources-169050684401-us-central1","object":"linkTelegramAccount/function-source.zip","generation":"1770913847555665"}},"dockerRegistry":"ARTIFACT_REGISTRY","serviceAccount":"projects/rocket-prompt/serviceAccounts/169050684401-compute@developer.gserviceaccount.com","automaticUpdatePolicy":{}},"serviceConfig":{"service":"projects/rocket-prompt/locations/us-central1/services/linktelegramaccount","timeoutSeconds":60,"environmentVariables":{"GA_PROPERTY_ID":"G-6HCB340LRG","FIREBASE_CONFIG":"{\"projectId\":\"rocket-prompt\",\"storageBucket\":\"rocket-prompt.firebasestorage.app\"}","GCLOUD_PROJECT":"rocket-prompt","EVENTARC_CLOUD_EVENT_SOURCE":"projects/rocket-prompt/locations/us-central1/services/linkTelegramAccount","FUNCTION_TARGET":"linkTelegramAccount","LOG_EXECUTION_ID":"true","FUNCTION_SIGNATURE_TYPE":"http"},"maxInstanceCount":20,"ingressSettings":"ALLOW_ALL","uri":"https://linktelegramaccount-dqcmto3fqa-uc.a.run.app","serviceAccountEmail":"169050684401-compute@developer.gserviceaccount.com","availableMemory":"256Mi","allTrafficOnLatestRevision":true,"secretEnvironmentVariables":[{"key":"TELEGRAM_BOT_TOKEN","projectId":"rocket-prompt","secret":"TELEGRAM_BOT_TOKEN","version":"1"}],"revision":"linktelegramaccount-00010-hex","maxInstanceRequestConcurrency":80,"availableCpu":"1"},"state":"ACTIVE","updateTime":"2026-02-12T16:31:04.835424174Z","labels":{"deployment-tool":"cli-firebase","deployment-callable":"true","firebase-functions-hash":"c3307d5f916230d63e82f632c8cbcaa8363f10cb"},"environment":"GEN_2","url":"https://us-central1-rocket-prompt.cloudfunctions.net/linkTelegramAccount","createTime":"2026-01-29T22:12:08.634363769Z","satisfiesPzi":true},{"name":"projects/rocket-prompt/locations/us-central1/functions/unlinkTelegramAccount","buildConfig":{"build":"projects/169050684401/locations/us-central1/builds/61b641ea-c3ec-4b4f-bc45-725536e6b592","runtime":"nodejs22","entryPoint":"unlinkTelegramAccount","source":{"storageSource":{"bucket":"gcf-v2-sources-169050684401-us-central1","object":"unlinkTelegramAccount/function-source.zip","generation":"1770913847591472"}},"environmentVariables":{"GOOGLE_NODE_RUN_SCRIPTS":""},"dockerRepository":"projects/rocket-prompt/locations/us-central1/repositories/gcf-artifacts","sourceProvenance":{"resolvedStorageSource":{"bucket":"gcf-v2-sources-169050684401-us-central1","object":"unlinkTelegramAccount/function-source.zip","generation":"1770913847591472"}},"dockerRegistry":"ARTIFACT_REGISTRY","serviceAccount":"projects/rocket-prompt/serviceAccounts/169050684401-compute@developer.gserviceaccount.com","automaticUpdatePolicy":{}},"serviceConfig":{"service":"projects/rocket-prompt/locations/us-central1/services/unlinktelegramaccount","timeoutSeconds":60,"environmentVariables":{"GA_PROPERTY_ID":"G-6HCB340LRG","FIREBASE_CONFIG":"{\"projectId\":\"rocket-prompt\",\"storageBucket\":\"rocket-prompt.firebasestorage.app\"}","GCLOUD_PROJECT":"rocket-prompt","EVENTARC_CLOUD_EVENT_SOURCE":"projects/rocket-prompt/locations/us-central1/services/unlinkTelegramAccount","FUNCTION_TARGET":"unlinkTelegramAccount","LOG_EXECUTION_ID":"true","FUNCTION_SIGNATURE_TYPE":"http"},"maxInstanceCount":20,"ingressSettings":"ALLOW_ALL","uri":"https://unlinktelegramaccount-dqcmto3fqa-uc.a.run.app","serviceAccountEmail":"169050684401-compute@developer.gserviceaccount.com","availableMemory":"256Mi","allTrafficOnLatestRevision":true,"secretEnvironmentVariables":[{"key":"TELEGRAM_BOT_TOKEN","projectId":"rocket-prompt","secret":"TELEGRAM_BOT_TOKEN","version":"1"}],"revision":"unlinktelegramaccount-00010-tac","maxInstanceRequestConcurrency":80,"availableCpu":"1"},"state":"ACTIVE","updateTime":"2026-02-12T16:31:05.480666615Z","labels":{"deployment-tool":"cli-firebase","deployment-callable":"true","firebase-functions-hash":"c3307d5f916230d63e82f632c8cbcaa8363f10cb"},"environment":"GEN_2","url":"https://us-central1-rocket-prompt.cloudfunctions.net/unlinkTelegramAccount","createTime":"2026-01-29T22:12:08.748217773Z","satisfiesPzi":true},{"name":"projects/rocket-prompt/locations/us-central1/functions/telegramWebhook","buildConfig":{"build":"projects/169050684401/locations/us-central1/builds/61b641ea-c3ec-4b4f-bc45-725536e6b592","runtime":"nodejs22","entryPoint":"telegramWebhook","source":{"storageSource":{"bucket":"gcf-v2-sources-169050684401-us-central1","object":"telegramWebhook/function-source.zip","generation":"1770913847554521"}},"environmentVariables":{"GOOGLE_NODE_RUN_SCRIPTS":""},"dockerRepository":"projects/rocket-prompt/locations/us-central1/repositories/gcf-artifacts","sourceProvenance":{"resolvedStorageSource":{"bucket":"gcf-v2-sources-169050684401-us-central1","object":"telegramWebhook/function-source.zip","generation":"1770913847554521"}},"dockerRegistry":"ARTIFACT_REGISTRY","serviceAccount":"projects/rocket-prompt/serviceAccounts/169050684401-compute@developer.gserviceaccount.com","automaticUpdatePolicy":{}},"serviceConfig":{"service":"projects/rocket-prompt/locations/us-central1/services/telegramwebhook","timeoutSeconds":60,"environmentVariables":{"GA_PROPERTY_ID":"G-6HCB340LRG","FIREBASE_CONFIG":"{\"projectId\":\"rocket-prompt\",\"storageBucket\":\"rocket-prompt.firebasestorage.app\"}","GCLOUD_PROJECT":"rocket-prompt","EVENTARC_CLOUD_EVENT_SOURCE":"projects/rocket-prompt/locations/us-central1/services/telegramWebhook","FUNCTION_TARGET":"telegramWebhook","LOG_EXECUTION_ID":"true","FUNCTION_SIGNATURE_TYPE":"http"},"maxInstanceCount":20,"ingressSettings":"ALLOW_ALL","uri":"https://telegramwebhook-dqcmto3fqa-uc.a.run.app","serviceAccountEmail":"169050684401-compute@developer.gserviceaccount.com","availableMemory":"256Mi","allTrafficOnLatestRevision":true,"secretEnvironmentVariables":[{"key":"TELEGRAM_BOT_TOKEN","projectId":"rocket-prompt","secret":"TELEGRAM_BOT_TOKEN","version":"1"},{"key":"GEMINI_API_KEY","projectId":"rocket-prompt","secret":"GEMINI_API_KEY","version":"3"}],"revision":"telegramwebhook-00013-zac","maxInstanceRequestConcurrency":80,"availableCpu":"1"},"state":"ACTIVE","updateTime":"2026-02-12T16:31:01.470482952Z","labels":{"deployment-tool":"cli-firebase","firebase-functions-hash":"538922c4e866a8ac726e55298e9c16fe6594b93c"},"environment":"GEN_2","url":"https://us-central1-rocket-prompt.cloudfunctions.net/telegramWebhook","createTime":"2026-01-29T22:11:00.713698499Z","satisfiesPzi":true},{"name":"projects/rocket-prompt/locations/us-central1/functions/initiateHeyGenVideo","buildConfig":{"build":"projects/169050684401/locations/us-central1/builds/61b641ea-c3ec-4b4f-bc45-725536e6b592","runtime":"nodejs22","entryPoint":"initiateHeyGenVideo","source":{"storageSource":{"bucket":"gcf-v2-sources-169050684401-us-central1","object":"initiateHeyGenVideo/function-source.zip","generation":"1770913847451323"}},"environmentVariables":{"GOOGLE_NODE_RUN_SCRIPTS":""},"dockerRepository":"projects/rocket-prompt/locations/us-central1/repositories/gcf-artifacts","sourceProvenance":{"resolvedStorageSource":{"bucket":"gcf-v2-sources-169050684401-us-central1","object":"initiateHeyGenVideo/function-source.zip","generation":"1770913847451323"}},"dockerRegistry":"ARTIFACT_REGISTRY","serviceAccount":"projects/rocket-prompt/serviceAccounts/169050684401-compute@developer.gserviceaccount.com","automaticUpdatePolicy":{}},"serviceConfig":{"service":"projects/rocket-prompt/locations/us-central1/services/initiateheygenvideo","timeoutSeconds":60,"environmentVariables":{"GA_PROPERTY_ID":"G-6HCB340LRG","FIREBASE_CONFIG":"{\"projectId\":\"rocket-prompt\",\"storageBucket\":\"rocket-prompt.firebasestorage.app\"}","GCLOUD_PROJECT":"rocket-prompt","EVENTARC_CLOUD_EVENT_SOURCE":"projects/rocket-prompt/locations/us-central1/services/initiateHeyGenVideo","FUNCTION_TARGET":"initiateHeyGenVideo","LOG_EXECUTION_ID":"true","FUNCTION_SIGNATURE_TYPE":"http"},"maxInstanceCount":20,"ingressSettings":"ALLOW_ALL","uri":"https://initiateheygenvideo-dqcmto3fqa-uc.a.run.app","serviceAccountEmail":"169050684401-compute@developer.gserviceaccount.com","availableMemory":"256Mi","allTrafficOnLatestRevision":true,"secretEnvironmentVariables":[{"key":"HEYGEN_API_KEY","projectId":"rocket-prompt","secret":"HEYGEN_API_KEY","version":"1"}],"revision":"initiateheygenvideo-00019-jug","maxInstanceRequestConcurrency":80,"availableCpu":"1"},"state":"ACTIVE","updateTime":"2026-02-12T16:31:04.481796459Z","labels":{"deployment-callable":"true","firebase-functions-hash":"c6a4f3766b888a587485ba896dd6da725c87daa7","deployment-tool":"cli-firebase"},"environment":"GEN_2","url":"https://us-central1-rocket-prompt.cloudfunctions.net/initiateHeyGenVideo","createTime":"2026-01-14T03:39:35.687409015Z","satisfiesPzi":true},{"name":"projects/rocket-prompt/locations/us-central1/functions/getAuthMetadata","buildConfig":{"build":"projects/169050684401/locations/us-central1/builds/61b641ea-c3ec-4b4f-bc45-725536e6b592","runtime":"nodejs22","entryPoint":"getAuthMetadata","source":{"storageSource":{"bucket":"gcf-v2-sources-169050684401-us-central1","object":"getAuthMetadata/function-source.zip","generation":"1770913847490902"}},"environmentVariables":{"GOOGLE_NODE_RUN_SCRIPTS":""},"dockerRepository":"projects/rocket-prompt/locations/us-central1/repositories/gcf-artifacts","sourceProvenance":{"resolvedStorageSource":{"bucket":"gcf-v2-sources-169050684401-us-central1","object":"getAuthMetadata/function-source.zip","generation":"1770913847490902"}},"dockerRegistry":"ARTIFACT_REGISTRY","serviceAccount":"projects/rocket-prompt/serviceAccounts/169050684401-compute@developer.gserviceaccount.com","automaticUpdatePolicy":{}},"serviceConfig":{"service":"projects/rocket-prompt/locations/us-central1/services/getauthmetadata","timeoutSeconds":60,"environmentVariables":{"GA_PROPERTY_ID":"G-6HCB340LRG","FIREBASE_CONFIG":"{\"projectId\":\"rocket-prompt\",\"storageBucket\":\"rocket-prompt.firebasestorage.app\"}","GCLOUD_PROJECT":"rocket-prompt","EVENTARC_CLOUD_EVENT_SOURCE":"projects/rocket-prompt/locations/us-central1/services/getAuthMetadata","FUNCTION_TARGET":"getAuthMetadata","LOG_EXECUTION_ID":"true","FUNCTION_SIGNATURE_TYPE":"http"},"maxInstanceCount":20,"ingressSettings":"ALLOW_ALL","uri":"https://getauthmetadata-dqcmto3fqa-uc.a.run.app","serviceAccountEmail":"169050684401-compute@developer.gserviceaccount.com","availableMemory":"256Mi","allTrafficOnLatestRevision":true,"revision":"getauthmetadata-00060-kay","maxInstanceRequestConcurrency":80,"availableCpu":"1"},"state":"ACTIVE","updateTime":"2026-02-12T16:31:04.773128909Z","labels":{"deployment-tool":"cli-firebase","deployment-callable":"true","firebase-functions-hash":"1404980459fa0cac594f71d6023c87c9d68ed120"},"environment":"GEN_2","url":"https://us-central1-rocket-prompt.cloudfunctions.net/getAuthMetadata","createTime":"2025-12-07T05:31:39.343567187Z","satisfiesPzi":true},{"name":"projects/rocket-prompt/locations/us-central1/functions/getTelegramLinkStatus","buildConfig":{"build":"projects/169050684401/locations/us-central1/builds/61b641ea-c3ec-4b4f-bc45-725536e6b592","runtime":"nodejs22","entryPoint":"getTelegramLinkStatus","source":{"storageSource":{"bucket":"gcf-v2-sources-169050684401-us-central1","object":"getTelegramLinkStatus/function-source.zip","generation":"1770913847549146"}},"environmentVariables":{"GOOGLE_NODE_RUN_SCRIPTS":""},"dockerRepository":"projects/rocket-prompt/locations/us-central1/repositories/gcf-artifacts","sourceProvenance":{"resolvedStorageSource":{"bucket":"gcf-v2-sources-169050684401-us-central1","object":"getTelegramLinkStatus/function-source.zip","generation":"1770913847549146"}},"dockerRegistry":"ARTIFACT_REGISTRY","serviceAccount":"projects/rocket-prompt/serviceAccounts/169050684401-compute@developer.gserviceaccount.com","automaticUpdatePolicy":{}},"serviceConfig":{"service":"projects/rocket-prompt/locations/us-central1/services/gettelegramlinkstatus","timeoutSeconds":60,"environmentVariables":{"GA_PROPERTY_ID":"G-6HCB340LRG","FIREBASE_CONFIG":"{\"projectId\":\"rocket-prompt\",\"storageBucket\":\"rocket-prompt.firebasestorage.app\"}","GCLOUD_PROJECT":"rocket-prompt","EVENTARC_CLOUD_EVENT_SOURCE":"projects/rocket-prompt/locations/us-central1/services/getTelegramLinkStatus","FUNCTION_TARGET":"getTelegramLinkStatus","LOG_EXECUTION_ID":"true","FUNCTION_SIGNATURE_TYPE":"http"},"maxInstanceCount":20,"ingressSettings":"ALLOW_ALL","uri":"https://gettelegramlinkstatus-dqcmto3fqa-uc.a.run.app","serviceAccountEmail":"169050684401-compute@developer.gserviceaccount.com","availableMemory":"256Mi","allTrafficOnLatestRevision":true,"revision":"gettelegramlinkstatus-00010-bat","maxInstanceRequestConcurrency":80,"availableCpu":"1"},"state":"ACTIVE","updateTime":"2026-02-12T16:31:04.277647044Z","labels":{"deployment-callable":"true","firebase-functions-hash":"1404980459fa0cac594f71d6023c87c9d68ed120","deployment-tool":"cli-firebase"},"environment":"GEN_2","url":"https://us-central1-rocket-prompt.cloudfunctions.net/getTelegramLinkStatus","createTime":"2026-01-29T22:12:08.711893455Z","satisfiesPzi":true},{"name":"projects/rocket-prompt/locations/us-central1/functions/sendTelegramDailyCheckins","buildConfig":{"build":"projects/169050684401/locations/us-central1/builds/61b641ea-c3ec-4b4f-bc45-725536e6b592","runtime":"nodejs22","entryPoint":"sendTelegramDailyCheckins","source":{"storageSource":{"bucket":"gcf-v2-sources-169050684401-us-central1","object":"sendTelegramDailyCheckins/function-source.zip","generation":"1770913847532528"}},"environmentVariables":{"GOOGLE_NODE_RUN_SCRIPTS":""},"dockerRepository":"projects/rocket-prompt/locations/us-central1/repositories/gcf-artifacts","sourceProvenance":{"resolvedStorageSource":{"bucket":"gcf-v2-sources-169050684401-us-central1","object":"sendTelegramDailyCheckins/function-source.zip","generation":"1770913847532528"}},"dockerRegistry":"ARTIFACT_REGISTRY","serviceAccount":"projects/rocket-prompt/serviceAccounts/169050684401-compute@developer.gserviceaccount.com","automaticUpdatePolicy":{}},"serviceConfig":{"service":"projects/rocket-prompt/locations/us-central1/services/sendtelegramdailycheckins","timeoutSeconds":60,"environmentVariables":{"GA_PROPERTY_ID":"G-6HCB340LRG","FIREBASE_CONFIG":"{\"projectId\":\"rocket-prompt\",\"storageBucket\":\"rocket-prompt.firebasestorage.app\"}","GCLOUD_PROJECT":"rocket-prompt","EVENTARC_CLOUD_EVENT_SOURCE":"projects/rocket-prompt/locations/us-central1/services/sendTelegramDailyCheckins","FUNCTION_TARGET":"sendTelegramDailyCheckins","LOG_EXECUTION_ID":"true","FUNCTION_SIGNATURE_TYPE":"http"},"maxInstanceCount":20,"ingressSettings":"ALLOW_ALL","uri":"https://sendtelegramdailycheckins-dqcmto3fqa-uc.a.run.app","serviceAccountEmail":"169050684401-compute@developer.gserviceaccount.com","availableMemory":"256Mi","allTrafficOnLatestRevision":true,"secretEnvironmentVariables":[{"key":"TELEGRAM_BOT_TOKEN","projectId":"rocket-prompt","secret":"TELEGRAM_BOT_TOKEN","version":"1"}],"revision":"sendtelegramdailycheckins-00010-bem","maxInstanceRequestConcurrency":80,"availableCpu":"1"},"state":"ACTIVE","updateTime":"2026-02-12T16:31:05.383493549Z","labels":{"firebase-functions-hash":"c3307d5f916230d63e82f632c8cbcaa8363f10cb","deployment-tool":"cli-firebase","deployment-scheduled":"true"},"environment":"GEN_2","url":"https://us-central1-rocket-prompt.cloudfunctions.net/sendTelegramDailyCheckins","createTime":"2026-01-29T22:12:08.843210555Z","satisfiesPzi":true},{"name":"projects/rocket-prompt/locations/us-central1/functions/extractAttachmentContent","buildConfig":{"build":"projects/169050684401/locations/us-central1/builds/61b641ea-c3ec-4b4f-bc45-725536e6b592","runtime":"nodejs22","entryPoint":"extractAttachmentContent","source":{"storageSource":{"bucket":"gcf-v2-sources-169050684401-us-central1","object":"extractAttachmentContent/function-source.zip","generation":"1770913847611442"}},"environmentVariables":{"GOOGLE_NODE_RUN_SCRIPTS":""},"dockerRepository":"projects/rocket-prompt/locations/us-central1/repositories/gcf-artifacts","sourceProvenance":{"resolvedStorageSource":{"bucket":"gcf-v2-sources-169050684401-us-central1","object":"extractAttachmentContent/function-source.zip","generation":"1770913847611442"}},"dockerRegistry":"ARTIFACT_REGISTRY","serviceAccount":"projects/rocket-prompt/serviceAccounts/169050684401-compute@developer.gserviceaccount.com","automaticUpdatePolicy":{}},"serviceConfig":{"service":"projects/rocket-prompt/locations/us-central1/services/extractattachmentcontent","timeoutSeconds":60,"environmentVariables":{"GA_PROPERTY_ID":"G-6HCB340LRG","FIREBASE_CONFIG":"{\"projectId\":\"rocket-prompt\",\"storageBucket\":\"rocket-prompt.firebasestorage.app\"}","GCLOUD_PROJECT":"rocket-prompt","EVENTARC_CLOUD_EVENT_SOURCE":"projects/rocket-prompt/locations/us-central1/services/extractAttachmentContent","FUNCTION_TARGET":"extractAttachmentContent","LOG_EXECUTION_ID":"true","FUNCTION_SIGNATURE_TYPE":"http"},"maxInstanceCount":20,"ingressSettings":"ALLOW_ALL","uri":"https://extractattachmentcontent-dqcmto3fqa-uc.a.run.app","serviceAccountEmail":"169050684401-compute@developer.gserviceaccount.com","availableMemory":"256Mi","allTrafficOnLatestRevision":true,"secretEnvironmentVariables":[{"key":"GEMINI_API_KEY","projectId":"rocket-prompt","secret":"GEMINI_API_KEY","version":"3"}],"revision":"extractattachmentcontent-00008-taf","maxInstanceRequestConcurrency":80,"availableCpu":"1"},"state":"ACTIVE","updateTime":"2026-02-12T16:30:59.757413513Z","labels":{"deployment-tool":"cli-firebase","deployment-callable":"true","firebase-functions-hash":"959f1396f9fb9b4116a7f7f390c7e002d328ed78"},"environment":"GEN_2","url":"https://us-central1-rocket-prompt.cloudfunctions.net/extractAttachmentContent","createTime":"2026-01-30T04:37:27.571563128Z","satisfiesPzi":true},{"name":"projects/rocket-prompt/locations/us-central1/functions/runSyntheticMarketSimulation","buildConfig":{"build":"projects/169050684401/locations/us-central1/builds/61b641ea-c3ec-4b4f-bc45-725536e6b592","runtime":"nodejs22","entryPoint":"runSyntheticMarketSimulation","source":{"storageSource":{"bucket":"gcf-v2-sources-169050684401-us-central1","object":"runSyntheticMarketSimulation/function-source.zip","generation":"1770913767889963"}},"environmentVariables":{"GOOGLE_NODE_RUN_SCRIPTS":""},"dockerRepository":"projects/rocket-prompt/locations/us-central1/repositories/gcf-artifacts","sourceProvenance":{"resolvedStorageSource":{"bucket":"gcf-v2-sources-169050684401-us-central1","object":"runSyntheticMarketSimulation/function-source.zip","generation":"1770913767889963"}},"dockerRegistry":"ARTIFACT_REGISTRY","serviceAccount":"projects/rocket-prompt/serviceAccounts/169050684401-compute@developer.gserviceaccount.com","automaticUpdatePolicy":{}},"serviceConfig":{"service":"projects/rocket-prompt/locations/us-central1/services/runsyntheticmarketsimulation","timeoutSeconds":60,"environmentVariables":{"GA_PROPERTY_ID":"G-6HCB340LRG","FIREBASE_CONFIG":"{\"projectId\":\"rocket-prompt\",\"storageBucket\":\"rocket-prompt.firebasestorage.app\"}","GCLOUD_PROJECT":"rocket-prompt","EVENTARC_CLOUD_EVENT_SOURCE":"projects/rocket-prompt/locations/us-central1/services/runSyntheticMarketSimulation","FUNCTION_TARGET":"runSyntheticMarketSimulation","LOG_EXECUTION_ID":"true"},"ingressSettings":"ALLOW_ALL","uri":"https://runsyntheticmarketsimulation-dqcmto3fqa-uc.a.run.app","serviceAccountEmail":"169050684401-compute@developer.gserviceaccount.com","availableMemory":"256Mi","allTrafficOnLatestRevision":true,"secretEnvironmentVariables":[{"key":"GEMINI_API_KEY","projectId":"rocket-prompt","secret":"GEMINI_API_KEY","version":"3"}],"revision":"runsyntheticmarketsimulation-00001-zaw","maxInstanceRequestConcurrency":80,"availableCpu":"1"},"state":"ACTIVE","updateTime":"2026-02-12T16:31:02.786744743Z","labels":{"deployment-tool":"cli-firebase","deployment-callable":"true","firebase-functions-hash":"959f1396f9fb9b4116a7f7f390c7e002d328ed78"},"environment":"GEN_2","url":"https://us-central1-rocket-prompt.cloudfunctions.net/runSyntheticMarketSimulation","createTime":"2026-02-12T16:29:28.149658612Z","satisfiesPzi":true},{"name":"projects/rocket-prompt/locations/us-central1/functions/generateGoalVisualization","buildConfig":{"build":"projects/169050684401/locations/us-central1/builds/61b641ea-c3ec-4b4f-bc45-725536e6b592","runtime":"nodejs22","entryPoint":"generateGoalVisualization","source":{"storageSource":{"bucket":"gcf-v2-sources-169050684401-us-central1","object":"generateGoalVisualization/function-source.zip","generation":"1770913847593484"}},"environmentVariables":{"GOOGLE_NODE_RUN_SCRIPTS":""},"dockerRepository":"projects/rocket-prompt/locations/us-central1/repositories/gcf-artifacts","sourceProvenance":{"resolvedStorageSource":{"bucket":"gcf-v2-sources-169050684401-us-central1","object":"generateGoalVisualization/function-source.zip","generation":"1770913847593484"}},"dockerRegistry":"ARTIFACT_REGISTRY","serviceAccount":"projects/rocket-prompt/serviceAccounts/169050684401-compute@developer.gserviceaccount.com","automaticUpdatePolicy":{}},"serviceConfig":{"service":"projects/rocket-prompt/locations/us-central1/services/generategoalvisualization","timeoutSeconds":120,"environmentVariables":{"GA_PROPERTY_ID":"G-6HCB340LRG","FIREBASE_CONFIG":"{\"projectId\":\"rocket-prompt\",\"storageBucket\":\"rocket-prompt.firebasestorage.app\"}","GCLOUD_PROJECT":"rocket-prompt","EVENTARC_CLOUD_EVENT_SOURCE":"projects/rocket-prompt/locations/us-central1/services/generateGoalVisualization","FUNCTION_TARGET":"generateGoalVisualization","LOG_EXECUTION_ID":"true","FUNCTION_SIGNATURE_TYPE":"http"},"maxInstanceCount":20,"ingressSettings":"ALLOW_ALL","uri":"https://generategoalvisualization-dqcmto3fqa-uc.a.run.app","serviceAccountEmail":"169050684401-compute@developer.gserviceaccount.com","availableMemory":"256Mi","allTrafficOnLatestRevision":true,"secretEnvironmentVariables":[{"key":"GEMINI_API_KEY","projectId":"rocket-prompt","secret":"GEMINI_API_KEY","version":"3"}],"revision":"generategoalvisualization-00049-saf","maxInstanceRequestConcurrency":80,"availableCpu":"1"},"state":"ACTIVE","updateTime":"2026-02-12T16:31:05.230118141Z","labels":{"firebase-functions-hash":"959f1396f9fb9b4116a7f7f390c7e002d328ed78","deployment-tool":"cli-firebase","deployment-callable":"true"},"environment":"GEN_2","url":"https://us-central1-rocket-prompt.cloudfunctions.net/generateGoalVisualization","createTime":"2025-12-18T05:57:00.052337457Z","satisfiesPzi":true},{"name":"projects/rocket-prompt/locations/us-central1/functions/listHeyGenAvatars","buildConfig":{"build":"projects/169050684401/locations/us-central1/builds/61b641ea-c3ec-4b4f-bc45-725536e6b592","runtime":"nodejs22","entryPoint":"listHeyGenAvatars","source":{"storageSource":{"bucket":"gcf-v2-sources-169050684401-us-central1","object":"listHeyGenAvatars/function-source.zip","generation":"1770913847566753"}},"environmentVariables":{"GOOGLE_NODE_RUN_SCRIPTS":""},"dockerRepository":"projects/rocket-prompt/locations/us-central1/repositories/gcf-artifacts","sourceProvenance":{"resolvedStorageSource":{"bucket":"gcf-v2-sources-169050684401-us-central1","object":"listHeyGenAvatars/function-source.zip","generation":"1770913847566753"}},"dockerRegistry":"ARTIFACT_REGISTRY","serviceAccount":"projects/rocket-prompt/serviceAccounts/169050684401-compute@developer.gserviceaccount.com","automaticUpdatePolicy":{}},"serviceConfig":{"service":"projects/rocket-prompt/locations/us-central1/services/listheygenavatars","timeoutSeconds":30,"environmentVariables":{"GA_PROPERTY_ID":"G-6HCB340LRG","FIREBASE_CONFIG":"{\"projectId\":\"rocket-prompt\",\"storageBucket\":\"rocket-prompt.firebasestorage.app\"}","GCLOUD_PROJECT":"rocket-prompt","EVENTARC_CLOUD_EVENT_SOURCE":"projects/rocket-prompt/locations/us-central1/services/listHeyGenAvatars","FUNCTION_TARGET":"listHeyGenAvatars","LOG_EXECUTION_ID":"true","FUNCTION_SIGNATURE_TYPE":"http"},"maxInstanceCount":20,"ingressSettings":"ALLOW_ALL","uri":"https://listheygenavatars-dqcmto3fqa-uc.a.run.app","serviceAccountEmail":"169050684401-compute@developer.gserviceaccount.com","availableMemory":"256Mi","allTrafficOnLatestRevision":true,"secretEnvironmentVariables":[{"key":"HEYGEN_API_KEY","projectId":"rocket-prompt","secret":"HEYGEN_API_KEY","version":"1"}],"revision":"listheygenavatars-00012-cut","maxInstanceRequestConcurrency":80,"availableCpu":"1"},"state":"ACTIVE","updateTime":"2026-02-12T16:31:02.109037580Z","labels":{"deployment-tool":"cli-firebase","deployment-callable":"true","firebase-functions-hash":"c6a4f3766b888a587485ba896dd6da725c87daa7"},"environment":"GEN_2","url":"https://us-central1-rocket-prompt.cloudfunctions.net/listHeyGenAvatars","createTime":"2026-01-25T03:05:31.631161197Z","satisfiesPzi":true}]}
[info] i  functions: ensuring required API cloudscheduler.googleapis.com is enabled... 
[info] i  functions: ensuring required API run.googleapis.com is enabled... 
[info] i  functions: ensuring required API eventarc.googleapis.com is enabled... 
[info] i  functions: ensuring required API pubsub.googleapis.com is enabled... 
[info] i  functions: ensuring required API storage.googleapis.com is enabled... 
[info] i  functions: generating the service identity for pubsub.googleapis.com... 
[debug] [2026-02-16T01:00:54.710Z] Checked if tokens are valid: true, expires at: 1771207149356
[debug] [2026-02-16T01:00:54.710Z] Checked if tokens are valid: true, expires at: 1771207149356
[info] i  functions: generating the service identity for eventarc.googleapis.com... 
[debug] [2026-02-16T01:00:54.710Z] Checked if tokens are valid: true, expires at: 1771207149356
[debug] [2026-02-16T01:00:54.710Z] Checked if tokens are valid: true, expires at: 1771207149356
[debug] [2026-02-16T01:00:54.710Z] >>> [apiv2][query] POST https://serviceusage.googleapis.com/v1beta1/projects/169050684401/services/pubsub.googleapis.com:generateServiceIdentity [none]
[debug] [2026-02-16T01:00:54.710Z] >>> [apiv2][(partial)header] POST https://serviceusage.googleapis.com/v1beta1/projects/169050684401/services/pubsub.googleapis.com:generateServiceIdentity x-goog-quota-user=projects/169050684401
[debug] [2026-02-16T01:00:54.710Z] >>> [apiv2][body] POST https://serviceusage.googleapis.com/v1beta1/projects/169050684401/services/pubsub.googleapis.com:generateServiceIdentity {}
[debug] [2026-02-16T01:00:54.712Z] >>> [apiv2][query] POST https://serviceusage.googleapis.com/v1beta1/projects/169050684401/services/eventarc.googleapis.com:generateServiceIdentity [none]
[debug] [2026-02-16T01:00:54.712Z] >>> [apiv2][(partial)header] POST https://serviceusage.googleapis.com/v1beta1/projects/169050684401/services/eventarc.googleapis.com:generateServiceIdentity x-goog-quota-user=projects/169050684401
[debug] [2026-02-16T01:00:54.712Z] >>> [apiv2][body] POST https://serviceusage.googleapis.com/v1beta1/projects/169050684401/services/eventarc.googleapis.com:generateServiceIdentity {}
[debug] [2026-02-16T01:00:55.306Z] <<< [apiv2][status] POST https://serviceusage.googleapis.com/v1beta1/projects/169050684401/services/pubsub.googleapis.com:generateServiceIdentity 200
[debug] [2026-02-16T01:00:55.306Z] <<< [apiv2][body] POST https://serviceusage.googleapis.com/v1beta1/projects/169050684401/services/pubsub.googleapis.com:generateServiceIdentity {"name":"operations/finished.DONE_OPERATION","done":true,"response":{"@type":"type.googleapis.com/google.api.serviceusage.v1beta1.ServiceIdentity","email":"service-169050684401@gcp-sa-pubsub.iam.gserviceaccount.com","uniqueId":"114863835251203688898"}}
[debug] [2026-02-16T01:00:55.307Z] <<< [apiv2][status] POST https://serviceusage.googleapis.com/v1beta1/projects/169050684401/services/eventarc.googleapis.com:generateServiceIdentity 200
[debug] [2026-02-16T01:00:55.307Z] <<< [apiv2][body] POST https://serviceusage.googleapis.com/v1beta1/projects/169050684401/services/eventarc.googleapis.com:generateServiceIdentity {"name":"operations/finished.DONE_OPERATION","done":true,"response":{"@type":"type.googleapis.com/google.api.serviceusage.v1beta1.ServiceIdentity","email":"service-169050684401@gcp-sa-eventarc.iam.gserviceaccount.com","uniqueId":"100249215722783534655"}}
[info] i  functions: ensuring required API secretmanager.googleapis.com is enabled... 
[debug] [2026-02-16T01:00:55.310Z] Checked if tokens are valid: true, expires at: 1771207149356
[debug] [2026-02-16T01:00:55.310Z] Checked if tokens are valid: true, expires at: 1771207149356
[debug] [2026-02-16T01:00:55.310Z] Checked if tokens are valid: true, expires at: 1771207149356
[debug] [2026-02-16T01:00:55.310Z] Checked if tokens are valid: true, expires at: 1771207149356
[debug] [2026-02-16T01:00:55.310Z] Checked if tokens are valid: true, expires at: 1771207149356
[debug] [2026-02-16T01:00:55.310Z] Checked if tokens are valid: true, expires at: 1771207149356
[debug] [2026-02-16T01:00:55.310Z] Checked if tokens are valid: true, expires at: 1771207149356
[debug] [2026-02-16T01:00:55.310Z] Checked if tokens are valid: true, expires at: 1771207149356
[debug] [2026-02-16T01:00:55.310Z] Checked if tokens are valid: true, expires at: 1771207149356
[debug] [2026-02-16T01:00:55.310Z] Checked if tokens are valid: true, expires at: 1771207149356
[debug] [2026-02-16T01:00:55.310Z] Checked if tokens are valid: true, expires at: 1771207149356
[debug] [2026-02-16T01:00:55.310Z] Checked if tokens are valid: true, expires at: 1771207149356
[debug] [2026-02-16T01:00:55.310Z] Checked if tokens are valid: true, expires at: 1771207149356
[debug] [2026-02-16T01:00:55.310Z] Checked if tokens are valid: true, expires at: 1771207149356
[debug] [2026-02-16T01:00:55.310Z] Checked if tokens are valid: true, expires at: 1771207149356
[debug] [2026-02-16T01:00:55.310Z] Checked if tokens are valid: true, expires at: 1771207149356
[debug] [2026-02-16T01:00:55.310Z] Checked if tokens are valid: true, expires at: 1771207149356
[debug] [2026-02-16T01:00:55.310Z] Checked if tokens are valid: true, expires at: 1771207149356
[debug] [2026-02-16T01:00:55.310Z] Checked if tokens are valid: true, expires at: 1771207149356
[debug] [2026-02-16T01:00:55.310Z] Checked if tokens are valid: true, expires at: 1771207149356
[debug] [2026-02-16T01:00:55.311Z] >>> [apiv2][query] GET https://secretmanager.googleapis.com/v1/projects/rocket-prompt/secrets/HEYGEN_API_KEY/versions/latest [none]
[debug] [2026-02-16T01:00:55.311Z] >>> [apiv2][query] GET https://secretmanager.googleapis.com/v1/projects/rocket-prompt/secrets/TELEGRAM_BOT_TOKEN/versions/latest [none]
[debug] [2026-02-16T01:00:55.312Z] >>> [apiv2][query] GET https://secretmanager.googleapis.com/v1/projects/rocket-prompt/secrets/GEMINI_API_KEY/versions/latest [none]
[debug] [2026-02-16T01:00:55.314Z] >>> [apiv2][query] GET https://secretmanager.googleapis.com/v1/projects/rocket-prompt/secrets/STRIPE_WEBHOOK_SECRET_GOALS/versions/latest [none]
[debug] [2026-02-16T01:00:55.316Z] >>> [apiv2][query] GET https://secretmanager.googleapis.com/v1/projects/rocket-prompt/secrets/GA_PROPERTY_ID/versions/latest [none]
[debug] [2026-02-16T01:00:55.317Z] >>> [apiv2][query] GET https://secretmanager.googleapis.com/v1/projects/rocket-prompt/secrets/SENDGRID_API_KEY/versions/latest [none]
[debug] [2026-02-16T01:00:55.318Z] >>> [apiv2][query] GET https://secretmanager.googleapis.com/v1/projects/rocket-prompt/secrets/TWILIO_ACCOUNT_SID/versions/latest [none]
[debug] [2026-02-16T01:00:55.319Z] >>> [apiv2][query] GET https://secretmanager.googleapis.com/v1/projects/rocket-prompt/secrets/TWILIO_AUTH_TOKEN/versions/latest [none]
[debug] [2026-02-16T01:00:55.320Z] >>> [apiv2][query] GET https://secretmanager.googleapis.com/v1/projects/rocket-prompt/secrets/TWILIO_PHONE_NUMBER/versions/latest [none]
[debug] [2026-02-16T01:00:55.321Z] >>> [apiv2][query] GET https://secretmanager.googleapis.com/v1/projects/rocket-prompt/secrets/STRIPE_SECRET_KEY/versions/latest [none]
[debug] [2026-02-16T01:00:55.406Z] <<< [apiv2][status] GET https://secretmanager.googleapis.com/v1/projects/rocket-prompt/secrets/HEYGEN_API_KEY/versions/latest 200
[debug] [2026-02-16T01:00:55.406Z] <<< [apiv2][body] GET https://secretmanager.googleapis.com/v1/projects/rocket-prompt/secrets/HEYGEN_API_KEY/versions/latest {"name":"projects/169050684401/secrets/HEYGEN_API_KEY/versions/1","createTime":"2026-01-14T03:36:33.023543Z","state":"ENABLED","replicationStatus":{"automatic":{}},"etag":"\"164850d081ee37\""}
[debug] [2026-02-16T01:00:55.407Z] Resolved secret version of HEYGEN_API_KEY to 1.
[debug] [2026-02-16T01:00:55.446Z] <<< [apiv2][status] GET https://secretmanager.googleapis.com/v1/projects/rocket-prompt/secrets/STRIPE_SECRET_KEY/versions/latest 200
[debug] [2026-02-16T01:00:55.447Z] <<< [apiv2][body] GET https://secretmanager.googleapis.com/v1/projects/rocket-prompt/secrets/STRIPE_SECRET_KEY/versions/latest {"name":"projects/169050684401/secrets/STRIPE_SECRET_KEY/versions/2","createTime":"2025-12-22T19:54:30.189557Z","state":"ENABLED","replicationStatus":{"automatic":{}},"etag":"\"16468fcb96cdf5\""}
[debug] [2026-02-16T01:00:55.447Z] Resolved secret version of STRIPE_SECRET_KEY to 2.
[debug] [2026-02-16T01:00:55.453Z] <<< [apiv2][status] GET https://secretmanager.googleapis.com/v1/projects/rocket-prompt/secrets/GA_PROPERTY_ID/versions/latest 200
[debug] [2026-02-16T01:00:55.453Z] <<< [apiv2][body] GET https://secretmanager.googleapis.com/v1/projects/rocket-prompt/secrets/GA_PROPERTY_ID/versions/latest {"name":"projects/169050684401/secrets/GA_PROPERTY_ID/versions/3","createTime":"2025-12-10T04:40:31.317323Z","state":"ENABLED","replicationStatus":{"automatic":{}},"etag":"\"164591a0d7854b\""}
[debug] [2026-02-16T01:00:55.453Z] Resolved secret version of GA_PROPERTY_ID to 3.
[debug] [2026-02-16T01:00:55.455Z] <<< [apiv2][status] GET https://secretmanager.googleapis.com/v1/projects/rocket-prompt/secrets/TWILIO_PHONE_NUMBER/versions/latest 200
[debug] [2026-02-16T01:00:55.456Z] <<< [apiv2][body] GET https://secretmanager.googleapis.com/v1/projects/rocket-prompt/secrets/TWILIO_PHONE_NUMBER/versions/latest {"name":"projects/169050684401/secrets/TWILIO_PHONE_NUMBER/versions/2","createTime":"2025-12-29T00:46:09.698885Z","state":"ENABLED","replicationStatus":{"automatic":{}},"etag":"\"16470c91b06045\""}
[debug] [2026-02-16T01:00:55.456Z] Resolved secret version of TWILIO_PHONE_NUMBER to 2.
[debug] [2026-02-16T01:00:55.461Z] <<< [apiv2][status] GET https://secretmanager.googleapis.com/v1/projects/rocket-prompt/secrets/GEMINI_API_KEY/versions/latest 200
[debug] [2026-02-16T01:00:55.461Z] <<< [apiv2][body] GET https://secretmanager.googleapis.com/v1/projects/rocket-prompt/secrets/GEMINI_API_KEY/versions/latest {"name":"projects/169050684401/secrets/GEMINI_API_KEY/versions/3","createTime":"2025-11-27T22:24:04.391038Z","state":"ENABLED","replicationStatus":{"automatic":{}},"etag":"\"16449af875e07e\""}
[debug] [2026-02-16T01:00:55.461Z] Resolved secret version of GEMINI_API_KEY to 3.
[debug] [2026-02-16T01:00:55.461Z] <<< [apiv2][status] GET https://secretmanager.googleapis.com/v1/projects/rocket-prompt/secrets/TWILIO_ACCOUNT_SID/versions/latest 200
[debug] [2026-02-16T01:00:55.461Z] <<< [apiv2][body] GET https://secretmanager.googleapis.com/v1/projects/rocket-prompt/secrets/TWILIO_ACCOUNT_SID/versions/latest {"name":"projects/169050684401/secrets/TWILIO_ACCOUNT_SID/versions/2","createTime":"2025-12-29T00:46:03.498841Z","state":"ENABLED","replicationStatus":{"automatic":{}},"etag":"\"16470c9151c559\""}
[debug] [2026-02-16T01:00:55.461Z] Resolved secret version of TWILIO_ACCOUNT_SID to 2.
[debug] [2026-02-16T01:00:55.461Z] <<< [apiv2][status] GET https://secretmanager.googleapis.com/v1/projects/rocket-prompt/secrets/STRIPE_WEBHOOK_SECRET_GOALS/versions/latest 200
[debug] [2026-02-16T01:00:55.462Z] <<< [apiv2][body] GET https://secretmanager.googleapis.com/v1/projects/rocket-prompt/secrets/STRIPE_WEBHOOK_SECRET_GOALS/versions/latest {"name":"projects/169050684401/secrets/STRIPE_WEBHOOK_SECRET_GOALS/versions/1","createTime":"2025-12-22T19:39:04.087191Z","state":"ENABLED","replicationStatus":{"automatic":{}},"etag":"\"16468f94639a97\""}
[debug] [2026-02-16T01:00:55.462Z] Resolved secret version of STRIPE_WEBHOOK_SECRET_GOALS to 1.
[debug] [2026-02-16T01:00:55.462Z] <<< [apiv2][status] GET https://secretmanager.googleapis.com/v1/projects/rocket-prompt/secrets/SENDGRID_API_KEY/versions/latest 200
[debug] [2026-02-16T01:00:55.462Z] <<< [apiv2][body] GET https://secretmanager.googleapis.com/v1/projects/rocket-prompt/secrets/SENDGRID_API_KEY/versions/latest {"name":"projects/169050684401/secrets/SENDGRID_API_KEY/versions/3","createTime":"2025-12-10T01:43:22.623852Z","state":"ENABLED","replicationStatus":{"automatic":{}},"etag":"\"16458f2752876c\""}
[debug] [2026-02-16T01:00:55.462Z] Resolved secret version of SENDGRID_API_KEY to 3.
[debug] [2026-02-16T01:00:55.507Z] <<< [apiv2][status] GET https://secretmanager.googleapis.com/v1/projects/rocket-prompt/secrets/TWILIO_AUTH_TOKEN/versions/latest 200
[debug] [2026-02-16T01:00:55.507Z] <<< [apiv2][body] GET https://secretmanager.googleapis.com/v1/projects/rocket-prompt/secrets/TWILIO_AUTH_TOKEN/versions/latest {"name":"projects/169050684401/secrets/TWILIO_AUTH_TOKEN/versions/2","createTime":"2025-12-29T00:46:06.717228Z","state":"ENABLED","replicationStatus":{"automatic":{}},"etag":"\"16470c9182e12c\""}
[debug] [2026-02-16T01:00:55.507Z] Resolved secret version of TWILIO_AUTH_TOKEN to 2.
[debug] [2026-02-16T01:00:55.548Z] <<< [apiv2][status] GET https://secretmanager.googleapis.com/v1/projects/rocket-prompt/secrets/TELEGRAM_BOT_TOKEN/versions/latest 200
[debug] [2026-02-16T01:00:55.548Z] <<< [apiv2][body] GET https://secretmanager.googleapis.com/v1/projects/rocket-prompt/secrets/TELEGRAM_BOT_TOKEN/versions/latest {"name":"projects/169050684401/secrets/TELEGRAM_BOT_TOKEN/versions/1","createTime":"2026-01-29T21:53:48.126283Z","state":"ENABLED","replicationStatus":{"automatic":{}},"etag":"\"16498de434804b\""}
[debug] [2026-02-16T01:00:55.548Z] Resolved secret version of TELEGRAM_BOT_TOKEN to 1.
[debug] [2026-02-16T01:00:55.550Z] Checked if tokens are valid: true, expires at: 1771207149356
[debug] [2026-02-16T01:00:55.550Z] Checked if tokens are valid: true, expires at: 1771207149356
[debug] [2026-02-16T01:00:55.550Z] >>> [apiv2][query] GET https://cloudresourcemanager.googleapis.com/v1/projects/rocket-prompt [none]
[debug] [2026-02-16T01:00:55.672Z] <<< [apiv2][status] GET https://cloudresourcemanager.googleapis.com/v1/projects/rocket-prompt 200
[debug] [2026-02-16T01:00:55.672Z] <<< [apiv2][body] GET https://cloudresourcemanager.googleapis.com/v1/projects/rocket-prompt {"projectNumber":"169050684401","projectId":"rocket-prompt","lifecycleState":"ACTIVE","name":"rocket-prompt","labels":{"firebase":"enabled","firebase-core":"disabled"},"createTime":"2025-10-23T19:13:09.454747Z"}
[debug] [2026-02-16T01:00:55.672Z] Checked if tokens are valid: true, expires at: 1771207149356
[debug] [2026-02-16T01:00:55.672Z] Checked if tokens are valid: true, expires at: 1771207149356
[debug] [2026-02-16T01:00:55.672Z] >>> [apiv2][query] GET https://compute.googleapis.com/compute/v1/projects/169050684401 [none]
[debug] [2026-02-16T01:00:56.013Z] <<< [apiv2][status] GET https://compute.googleapis.com/compute/v1/projects/169050684401 200
[debug] [2026-02-16T01:00:56.013Z] <<< [apiv2][body] GET https://compute.googleapis.com/compute/v1/projects/169050684401 {"kind":"compute#project","id":"2326856852733115552","creationTimestamp":"2025-10-23T12:30:24.509-07:00","name":"rocket-prompt","commonInstanceMetadata":{"kind":"compute#metadata","fingerprint":"W4JQCNLlGvo="},"quotas":[{"metric":"SNAPSHOTS","limit":1000,"usage":0},{"metric":"NETWORKS","limit":5,"usage":1},{"metric":"FIREWALLS","limit":100,"usage":4},{"metric":"IMAGES","limit":100,"usage":0},{"metric":"STATIC_ADDRESSES","limit":8,"usage":0},{"metric":"ROUTES","limit":200,"usage":0},{"metric":"FORWARDING_RULES","limit":15,"usage":0},{"metric":"TARGET_POOLS","limit":50,"usage":0},{"metric":"HEALTH_CHECKS","limit":75,"usage":0},{"metric":"IN_USE_ADDRESSES","limit":8,"usage":0},{"metric":"TARGET_INSTANCES","limit":50,"usage":0},{"metric":"TARGET_HTTP_PROXIES","limit":10,"usage":0},{"metric":"URL_MAPS","limit":10,"usage":0},{"metric":"BACKEND_SERVICES","limit":50,"usage":0},{"metric":"INSTANCE_TEMPLATES","limit":100,"usage":0},{"metric":"TARGET_VPN_GATEWAYS","limit":5,"usage":0},{"metric":"VPN_TUNNELS","limit":10,"usage":0},{"metric":"BACKEND_BUCKETS","limit":3,"usage":0},{"metric":"ROUTERS","limit":10,"usage":0},{"metric":"TARGET_SSL_PROXIES","limit":10,"usage":0},{"metric":"TARGET_HTTPS_PROXIES","limit":10,"usage":0},{"metric":"SSL_CERTIFICATES","limit":10,"usage":0},{"metric":"SUBNETWORKS","limit":100,"usage":0},{"metric":"TARGET_TCP_PROXIES","limit":10,"usage":0},{"metric":"CPUS_ALL_REGIONS","limit":32,"usage":0},{"metric":"SECURITY_POLICIES","limit":10,"usage":0},{"metric":"SECURITY_POLICY_RULES","limit":100,"usage":0},{"metric":"XPN_SERVICE_PROJECTS","limit":1000,"usage":0},{"metric":"PACKET_MIRRORINGS","limit":20,"usage":0},{"metric":"NETWORK_ENDPOINT_GROUPS","limit":100,"usage":0},{"metric":"INTERCONNECTS","limit":6,"usage":0},{"metric":"SSL_POLICIES","limit":10,"usage":0},{"metric":"GLOBAL_INTERNAL_ADDRESSES","limit":5000,"usage":0},{"metric":"VPN_GATEWAYS","limit":5,"usage":0},{"metric":"MACHINE_IMAGES","limit":100,"usage":0},{"metric":"SECURITY_POLICY_CEVAL_RULES","limit":20,"usage":0},{"metric":"GPUS_ALL_REGIONS","limit":0,"usage":0},{"metric":"EXTERNAL_VPN_GATEWAYS","limit":5,"usage":0},{"metric":"PUBLIC_ADVERTISED_PREFIXES","limit":1,"usage":0},{"metric":"PUBLIC_DELEGATED_PREFIXES","limit":10,"usage":0},{"metric":"STATIC_BYOIP_ADDRESSES","limit":128,"usage":0},{"metric":"NETWORK_FIREWALL_POLICIES","limit":10,"usage":0},{"metric":"INTERNAL_TRAFFIC_DIRECTOR_FORWARDING_RULES","limit":15,"usage":0},{"metric":"GLOBAL_EXTERNAL_MANAGED_FORWARDING_RULES","limit":15,"usage":0},{"metric":"GLOBAL_INTERNAL_MANAGED_BACKEND_SERVICES","limit":50,"usage":0},{"metric":"GLOBAL_EXTERNAL_MANAGED_BACKEND_SERVICES","limit":50,"usage":0},{"metric":"GLOBAL_EXTERNAL_PROXY_LB_BACKEND_SERVICES","limit":50,"usage":0},{"metric":"GLOBAL_INTERNAL_TRAFFIC_DIRECTOR_BACKEND_SERVICES","limit":250,"usage":0}],"selfLink":"https://www.googleapis.com/compute/v1/projects/rocket-prompt","defaultServiceAccount":"169050684401-compute@developer.gserviceaccount.com","xpnProjectStatus":"UNSPECIFIED_XPN_PROJECT_STATUS","defaultNetworkTier":"PREMIUM","vmDnsSetting":"ZONAL_ONLY","cloudArmorTier":"CA_STANDARD"}
[debug] [2026-02-16T01:00:56.017Z] Checked if tokens are valid: true, expires at: 1771207149356
[debug] [2026-02-16T01:00:56.017Z] Checked if tokens are valid: true, expires at: 1771207149356
[debug] [2026-02-16T01:00:56.017Z] >>> [apiv2][query] GET https://cloudbilling.googleapis.com/v1/projects/rocket-prompt/billingInfo [none]
[debug] [2026-02-16T01:00:56.374Z] <<< [apiv2][status] GET https://cloudbilling.googleapis.com/v1/projects/rocket-prompt/billingInfo 200
[debug] [2026-02-16T01:00:56.374Z] <<< [apiv2][body] GET https://cloudbilling.googleapis.com/v1/projects/rocket-prompt/billingInfo {"name":"projects/rocket-prompt/billingInfo","projectId":"rocket-prompt","billingAccountName":"billingAccounts/0120E0-764FCA-143151","billingEnabled":true}
[debug] [2026-02-16T01:00:56.375Z] Checked if tokens are valid: true, expires at: 1771207149356
[debug] [2026-02-16T01:00:56.375Z] Checked if tokens are valid: true, expires at: 1771207149356
[debug] [2026-02-16T01:00:56.375Z] Checked if tokens are valid: true, expires at: 1771207149356
[debug] [2026-02-16T01:00:56.375Z] Checked if tokens are valid: true, expires at: 1771207149356
[debug] [2026-02-16T01:00:56.375Z] >>> [apiv2][query] POST https://cloudfunctions.googleapis.com/v1/projects/rocket-prompt/locations/us-central1/functions:generateUploadUrl [none]
[debug] [2026-02-16T01:00:56.375Z] >>> [apiv2][body] POST https://cloudfunctions.googleapis.com/v1/projects/rocket-prompt/locations/us-central1/functions:generateUploadUrl {}
[debug] [2026-02-16T01:00:56.376Z] >>> [apiv2][query] POST https://cloudfunctions.googleapis.com/v2/projects/rocket-prompt/locations/us-central1/functions:generateUploadUrl [none]
[debug] [2026-02-16T01:00:56.634Z] <<< [apiv2][status] POST https://cloudfunctions.googleapis.com/v2/projects/rocket-prompt/locations/us-central1/functions:generateUploadUrl 200
[debug] [2026-02-16T01:00:56.634Z] <<< [apiv2][body] POST https://cloudfunctions.googleapis.com/v2/projects/rocket-prompt/locations/us-central1/functions:generateUploadUrl {"uploadUrl":"https://storage.googleapis.com/gcf-v2-uploads-169050684401.us-central1.cloudfunctions.appspot.com/575edf4c-d2b1-47ad-98f2-074dc09c970d.zip?GoogleAccessId=service-169050684401@gcf-admin-robot.iam.gserviceaccount.com&Expires=1771205456&Signature=fXkxDRRl1swuCCBEj0CE8kr2sY8bzqSdtlKQt78LF8s6%2FOtbdh%2BOdTYy3we07nUr7cTXa1nSy3T4gkbY1%2FJLA6CWdan0ZPIErGghi99MIEsIWPsKthil7yqmbcjZyuZ7hZEjZta2KFgzsyM0lugedXigaYKUEhrMjgnvooNumqMjmPYBq0VMhcJ%2FSbjeibyA3Tj%2FjTILCV12qYrnHmN6dYmkoY7iFrSI1kox73G83%2Fyl0ezF5dS%2B94pr%2FbHumD%2BiDOfJjigwXX1%2BlEzLgnbOW%2F3soNkLuzntAehdlmccNtVndYdyH4x5PxhcoRc2JDuHhnUd162FLM5YHARz5AMwpw%3D%3D","storageSource":{"bucket":"gcf-v2-uploads-169050684401.us-central1.cloudfunctions.appspot.com","object":"575edf4c-d2b1-47ad-98f2-074dc09c970d.zip"}}
[debug] [2026-02-16T01:00:56.635Z] >>> [apiv2][query] PUT https://storage.googleapis.com/gcf-v2-uploads-169050684401.us-central1.cloudfunctions.appspot.com/575edf4c-d2b1-47ad-98f2-074dc09c970d.zip GoogleAccessId=service-169050684401%40gcf-admin-robot.iam.gserviceaccount.com&Expires=1771205456&Signature=fXkxDRRl1swuCCBEj0CE8kr2sY8bzqSdtlKQt78LF8s6%2FOtbdh%2BOdTYy3we07nUr7cTXa1nSy3T4gkbY1%2FJLA6CWdan0ZPIErGghi99MIEsIWPsKthil7yqmbcjZyuZ7hZEjZta2KFgzsyM0lugedXigaYKUEhrMjgnvooNumqMjmPYBq0VMhcJ%2FSbjeibyA3Tj%2FjTILCV12qYrnHmN6dYmkoY7iFrSI1kox73G83%2Fyl0ezF5dS%2B94pr%2FbHumD%2BiDOfJjigwXX1%2BlEzLgnbOW%2F3soNkLuzntAehdlmccNtVndYdyH4x5PxhcoRc2JDuHhnUd162FLM5YHARz5AMwpw%3D%3D
[debug] [2026-02-16T01:00:56.635Z] >>> [apiv2][body] PUT https://storage.googleapis.com/gcf-v2-uploads-169050684401.us-central1.cloudfunctions.appspot.com/575edf4c-d2b1-47ad-98f2-074dc09c970d.zip [stream]
[debug] [2026-02-16T01:00:56.812Z] <<< [apiv2][status] POST https://cloudfunctions.googleapis.com/v1/projects/rocket-prompt/locations/us-central1/functions:generateUploadUrl 200
[debug] [2026-02-16T01:00:56.812Z] <<< [apiv2][body] POST https://cloudfunctions.googleapis.com/v1/projects/rocket-prompt/locations/us-central1/functions:generateUploadUrl {"uploadUrl":"https://storage.googleapis.com/uploads-17286520875.us-central1.cloudfunctions.appspot.com/e6460765-ab51-4992-8a95-38410992706c.zip?GoogleAccessId=service-169050684401@gcf-admin-robot.iam.gserviceaccount.com&Expires=1771205456&Signature=bumF7EQ7rFtyeJ3xEAzgNFGiEFpLle9UqsdRYwFi0t5fl1Aa7zmD6aaG3vAC4diZrzMEy6bsk49SCZTyIbaZzoNttyeYaVldVMjZK%2FYu3xQHSADL%2B4iYcjrtzVrQfiTENDASn%2FNKAv8bMQGrxMtfZIQxtgUbcDDR8DXjZQlttdK9yX0lcTjVLUwgoOkbaLr1QPw%2BXo%2BoxpRZt2w3VSpq3qTJTyFV2PEojeOXsGWeWMlYkX5JYUcBhoU98%2FzdqgOT%2BKj0JZoQ8SzAI6ehg6jdlSjMDTuJwhiWDSoGIobrb5vYlLD9oQrX6ma6tQICF54ZUs%2Fg81VtemQply1bYpkJAg%3D%3D"}
[debug] [2026-02-16T01:00:56.813Z] >>> [apiv2][query] PUT https://storage.googleapis.com/uploads-17286520875.us-central1.cloudfunctions.appspot.com/e6460765-ab51-4992-8a95-38410992706c.zip GoogleAccessId=service-169050684401%40gcf-admin-robot.iam.gserviceaccount.com&Expires=1771205456&Signature=bumF7EQ7rFtyeJ3xEAzgNFGiEFpLle9UqsdRYwFi0t5fl1Aa7zmD6aaG3vAC4diZrzMEy6bsk49SCZTyIbaZzoNttyeYaVldVMjZK%2FYu3xQHSADL%2B4iYcjrtzVrQfiTENDASn%2FNKAv8bMQGrxMtfZIQxtgUbcDDR8DXjZQlttdK9yX0lcTjVLUwgoOkbaLr1QPw%2BXo%2BoxpRZt2w3VSpq3qTJTyFV2PEojeOXsGWeWMlYkX5JYUcBhoU98%2FzdqgOT%2BKj0JZoQ8SzAI6ehg6jdlSjMDTuJwhiWDSoGIobrb5vYlLD9oQrX6ma6tQICF54ZUs%2Fg81VtemQply1bYpkJAg%3D%3D
[debug] [2026-02-16T01:00:56.813Z] >>> [apiv2][body] PUT https://storage.googleapis.com/uploads-17286520875.us-central1.cloudfunctions.appspot.com/e6460765-ab51-4992-8a95-38410992706c.zip [stream]
[debug] [2026-02-16T01:00:57.078Z] <<< [apiv2][status] PUT https://storage.googleapis.com/gcf-v2-uploads-169050684401.us-central1.cloudfunctions.appspot.com/575edf4c-d2b1-47ad-98f2-074dc09c970d.zip 200
[debug] [2026-02-16T01:00:57.078Z] <<< [apiv2][body] PUT https://storage.googleapis.com/gcf-v2-uploads-169050684401.us-central1.cloudfunctions.appspot.com/575edf4c-d2b1-47ad-98f2-074dc09c970d.zip [omitted]
[debug] [2026-02-16T01:00:57.228Z] <<< [apiv2][status] PUT https://storage.googleapis.com/uploads-17286520875.us-central1.cloudfunctions.appspot.com/e6460765-ab51-4992-8a95-38410992706c.zip 200
[debug] [2026-02-16T01:00:57.228Z] <<< [apiv2][body] PUT https://storage.googleapis.com/uploads-17286520875.us-central1.cloudfunctions.appspot.com/e6460765-ab51-4992-8a95-38410992706c.zip [omitted]
[info] ✔  functions: functions source uploaded successfully 
[info] 
The following functions are found in your project but do not exist in your local source code:
	bulkCreatePromptsWithThumbnails(us-central1)
	generatePromptThumbnail(us-central1)
	generateRocketGoalsImage(us-central1)
	stripeWebhook(us-central1)

If you are renaming a function or changing its region, it is recommended that you create the new function first before deleting the old one to prevent event loss. For more info, visit https://firebase.google.com/docs/functions/manage-functions#modify

[info] i  functions: updating Node.js 22 (1st Gen) function getAiAnalytics(us-central1)... 
[info] i  functions: updating Node.js 22 (1st Gen) function sendBulkGoalReminders(us-central1)... 
[info] i  functions: updating Node.js 22 (1st Gen) function processScheduledReminders(us-central1)... 
[info] i  functions: updating Node.js 22 (1st Gen) function processWeeklyResets(us-central1)... 
[info] i  functions: updating Node.js 22 (1st Gen) function runWeeklyResetTest(us-central1)... 
[info] i  functions: updating Node.js 22 (2nd Gen) function initiateHeyGenVideo(us-central1)... 
[info] i  functions: updating Node.js 22 (2nd Gen) function checkHeyGenVideoStatus(us-central1)... 
[info] i  functions: updating Node.js 22 (2nd Gen) function listHeyGenAvatars(us-central1)... 
[info] i  functions: updating Node.js 22 (2nd Gen) function telegramWebhook(us-central1)... 
[info] i  functions: updating Node.js 22 (2nd Gen) function linkTelegramAccount(us-central1)... 
[info] i  functions: updating Node.js 22 (2nd Gen) function unlinkTelegramAccount(us-central1)... 
[info] i  functions: updating Node.js 22 (2nd Gen) function getTelegramLinkStatus(us-central1)... 
[info] i  functions: updating Node.js 22 (2nd Gen) function generateTelegramDeepLink(us-central1)... 
[info] i  functions: updating Node.js 22 (2nd Gen) function sendTelegramDailyCheckins(us-central1)... 
[info] i  functions: updating Node.js 22 (2nd Gen) function sendTelegramMissionLogReminders(us-central1)... 
[info] i  functions: updating Node.js 22 (1st Gen) function sendTelegramGoalNudge(us-central1)... 
[info] i  functions: updating Node.js 22 (1st Gen) function stripeWebhookRocketGoals(us-central1)... 
[info] i  functions: updating Node.js 22 (1st Gen) function processAIPrompt(us-central1)... 
[info] i  functions: updating Node.js 22 (2nd Gen) function rocketGoalsAI(us-central1)... 
[info] i  functions: updating Node.js 22 (2nd Gen) function runSyntheticMarketSimulation(us-central1)... 
[info] i  functions: updating Node.js 22 (1st Gen) function sendTestEmail(us-central1)... 
[info] i  functions: updating Node.js 22 (1st Gen) function sendTestSMS(us-central1)... 
[info] i  functions: updating Node.js 22 (1st Gen) function previewGoalReminder(us-central1)... 
[info] i  functions: updating Node.js 22 (1st Gen) function sendTestGoalReminder(us-central1)... 
[info] i  functions: updating Node.js 22 (1st Gen) function sendTestDailyReminder(us-central1)... 
[info] i  functions: updating Node.js 22 (1st Gen) function sendVerificationEmail(us-central1)... 
[info] i  functions: updating Node.js 22 (1st Gen) function sendWelcomeEmail(us-central1)... 
[info] i  functions: updating Node.js 22 (1st Gen) function sendGoalCreatedEmail(us-central1)... 
[info] i  functions: updating Node.js 22 (1st Gen) function sendFanInviteEmail(us-central1)... 
[info] i  functions: updating Node.js 22 (2nd Gen) function generateGoalVisualization(us-central1)... 
[info] i  functions: updating Node.js 22 (2nd Gen) function extractAttachmentContent(us-central1)... 
[info] i  functions: updating Node.js 22 (1st Gen) function createCheckoutSession(us-central1)... 
[info] i  functions: updating Node.js 22 (1st Gen) function createBillingPortalSession(us-central1)... 
[info] i  functions: updating Node.js 22 (1st Gen) function cancelSubscription(us-central1)... 
[info] i  functions: updating Node.js 22 (1st Gen) function reactivateSubscription(us-central1)... 
[info] i  functions: updating Node.js 22 (1st Gen) function redeemPromoCode(us-central1)... 
[info] i  functions: updating Node.js 22 (2nd Gen) function getAuthMetadata(us-central1)... 
[info] i  functions: updating Node.js 22 (1st Gen) function scheduleDemoEmail(us-central1)... 
[info] i  functions: updating Node.js 22 (1st Gen) function getScheduledReminders(us-central1)... 
[info] i  functions: updating Node.js 22 (1st Gen) function addScheduledReminder(us-central1)... 
[info] i  functions: updating Node.js 22 (1st Gen) function updateScheduledReminder(us-central1)... 
[info] i  functions: updating Node.js 22 (1st Gen) function deleteScheduledReminder(us-central1)... 
[info] i  functions: updating Node.js 22 (1st Gen) function getDefaultEmailTemplate(us-central1)... 
[debug] [2026-02-16T01:55:25.465Z] Checked if tokens are valid: false, expires at: 1771207149356
[debug] [2026-02-16T01:55:25.465Z] Checked if tokens are valid: false, expires at: 1771207149356
[debug] [2026-02-16T01:55:25.465Z] > refreshing access token with scopes: []
[debug] [2026-02-16T01:55:25.467Z] >>> [apiv2][query] POST https://www.googleapis.com/oauth2/v3/token [none]
[debug] [2026-02-16T01:55:25.467Z] >>> [apiv2][body] POST https://www.googleapis.com/oauth2/v3/token [omitted]
[debug] [2026-02-16T01:55:25.470Z] Checked if tokens are valid: false, expires at: 1771207149356
[debug] [2026-02-16T01:55:25.471Z] Checked if tokens are valid: false, expires at: 1771207149356
[debug] [2026-02-16T01:55:25.471Z] > refreshing access token with scopes: []
[debug] [2026-02-16T01:55:25.471Z] >>> [apiv2][query] POST https://www.googleapis.com/oauth2/v3/token [none]
[debug] [2026-02-16T01:55:25.471Z] >>> [apiv2][body] POST https://www.googleapis.com/oauth2/v3/token [omitted]
[debug] [2026-02-16T01:55:25.472Z] Checked if tokens are valid: false, expires at: 1771207149356
[debug] [2026-02-16T01:55:25.472Z] Checked if tokens are valid: false, expires at: 1771207149356
[debug] [2026-02-16T01:55:25.472Z] > refreshing access token with scopes: []
[debug] [2026-02-16T01:55:25.472Z] >>> [apiv2][query] POST https://www.googleapis.com/oauth2/v3/token [none]
[debug] [2026-02-16T01:55:25.472Z] >>> [apiv2][body] POST https://www.googleapis.com/oauth2/v3/token [omitted]
[debug] [2026-02-16T01:55:25.473Z] Checked if tokens are valid: false, expires at: 1771207149356
[debug] [2026-02-16T01:55:25.473Z] Checked if tokens are valid: false, expires at: 1771207149356
[debug] [2026-02-16T01:55:25.473Z] > refreshing access token with scopes: []
[debug] [2026-02-16T01:55:25.473Z] >>> [apiv2][query] POST https://www.googleapis.com/oauth2/v3/token [none]
[debug] [2026-02-16T01:55:25.473Z] >>> [apiv2][body] POST https://www.googleapis.com/oauth2/v3/token [omitted]
[debug] [2026-02-16T01:55:25.597Z] <<< [apiv2][status] POST https://www.googleapis.com/oauth2/v3/token 200
[debug] [2026-02-16T01:55:25.597Z] <<< [apiv2][body] POST https://www.googleapis.com/oauth2/v3/token [omitted]
[debug] [2026-02-16T01:55:25.620Z] >>> [apiv2][query] PATCH https://cloudfunctions.googleapis.com/v1/projects/rocket-prompt/locations/us-central1/functions/sendBulkGoalReminders updateMask=name%2CsourceUploadUrl%2CentryPoint%2Cruntime%2CdockerRegistry%2Clabels%2ChttpsTrigger.securityLevel%2CminInstances%2CmaxInstances%2CingressSettings%2CenvironmentVariables%2CsecretEnvironmentVariables%2CserviceAccountEmail%2CavailableMemoryMb%2Ctimeout%2CvpcConnector%2CvpcConnectorEgressSettings%2CsourceToken%2CbuildEnvironmentVariables
[debug] [2026-02-16T01:55:25.621Z] >>> [apiv2][body] PATCH https://cloudfunctions.googleapis.com/v1/projects/rocket-prompt/locations/us-central1/functions/sendBulkGoalReminders {"name":"projects/rocket-prompt/locations/us-central1/functions/sendBulkGoalReminders","sourceUploadUrl":"https://storage.googleapis.com/uploads-17286520875.us-central1.cloudfunctions.appspot.com/e6460765-ab51-4992-8a95-38410992706c.zip?GoogleAccessId=service-169050684401@gcf-admin-robot.iam.gserviceaccount.com&Expires=1771205456&Signature=bumF7EQ7rFtyeJ3xEAzgNFGiEFpLle9UqsdRYwFi0t5fl1Aa7zmD6aaG3vAC4diZrzMEy6bsk49SCZTyIbaZzoNttyeYaVldVMjZK%2FYu3xQHSADL%2B4iYcjrtzVrQfiTENDASn%2FNKAv8bMQGrxMtfZIQxtgUbcDDR8DXjZQlttdK9yX0lcTjVLUwgoOkbaLr1QPw%2BXo%2BoxpRZt2w3VSpq3qTJTyFV2PEojeOXsGWeWMlYkX5JYUcBhoU98%2FzdqgOT%2BKj0JZoQ8SzAI6ehg6jdlSjMDTuJwhiWDSoGIobrb5vYlLD9oQrX6ma6tQICF54ZUs%2Fg81VtemQply1bYpkJAg%3D%3D","entryPoint":"sendBulkGoalReminders","runtime":"nodejs22","dockerRegistry":"ARTIFACT_REGISTRY","labels":{"deployment-tool":"cli-firebase","deployment-callable":"true","firebase-functions-hash":"618a15276845177c7983eb5c1f991571ba8e7902"},"httpsTrigger":{"securityLevel":"SECURE_ALWAYS"},"minInstances":null,"maxInstances":null,"ingressSettings":null,"environmentVariables":{"GA_PROPERTY_ID":"G-6HCB340LRG","FIREBASE_CONFIG":"{\"projectId\":\"rocket-prompt\",\"storageBucket\":\"rocket-prompt.firebasestorage.app\"}","GCLOUD_PROJECT":"rocket-prompt","EVENTARC_CLOUD_EVENT_SOURCE":"projects/rocket-prompt/locations/us-central1/functions/sendBulkGoalReminders"},"secretEnvironmentVariables":[{"key":"SENDGRID_API_KEY","secret":"SENDGRID_API_KEY","projectId":"rocket-prompt","version":"3"}],"serviceAccountEmail":null,"availableMemoryMb":512,"timeout":"540s","vpcConnector":null,"vpcConnectorEgressSettings":null,"buildEnvironmentVariables":{"GOOGLE_NODE_RUN_SCRIPTS":""}}
[debug] [2026-02-16T01:55:25.627Z] <<< [apiv2][status] POST https://www.googleapis.com/oauth2/v3/token 200
[debug] [2026-02-16T01:55:25.628Z] <<< [apiv2][body] POST https://www.googleapis.com/oauth2/v3/token [omitted]
[debug] [2026-02-16T01:55:25.644Z] >>> [apiv2][query] PATCH https://cloudfunctions.googleapis.com/v2/projects/rocket-prompt/locations/us-central1/functions/initiateHeyGenVideo updateMask=name%2CbuildConfig.runtime%2CbuildConfig.entryPoint%2CbuildConfig.source.storageSource.bucket%2CbuildConfig.source.storageSource.object%2CbuildConfig.environmentVariables%2CbuildConfig.sourceToken%2CserviceConfig.environmentVariables%2CserviceConfig.secretEnvironmentVariables%2CserviceConfig.ingressSettings%2CserviceConfig.timeoutSeconds%2CserviceConfig.serviceAccountEmail%2CserviceConfig.availableMemory%2CserviceConfig.minInstanceCount%2CserviceConfig.maxInstanceCount%2CserviceConfig.maxInstanceRequestConcurrency%2CserviceConfig.availableCpu%2CserviceConfig.vpcConnector%2CserviceConfig.vpcConnectorEgressSettings%2Clabels
[debug] [2026-02-16T01:55:25.644Z] >>> [apiv2][body] PATCH https://cloudfunctions.googleapis.com/v2/projects/rocket-prompt/locations/us-central1/functions/initiateHeyGenVideo {"name":"projects/rocket-prompt/locations/us-central1/functions/initiateHeyGenVideo","buildConfig":{"runtime":"nodejs22","entryPoint":"initiateHeyGenVideo","source":{"storageSource":{"bucket":"gcf-v2-uploads-169050684401.us-central1.cloudfunctions.appspot.com","object":"575edf4c-d2b1-47ad-98f2-074dc09c970d.zip"}},"environmentVariables":{"GOOGLE_NODE_RUN_SCRIPTS":""}},"serviceConfig":{"environmentVariables":{"GA_PROPERTY_ID":"G-6HCB340LRG","FIREBASE_CONFIG":"{\"projectId\":\"rocket-prompt\",\"storageBucket\":\"rocket-prompt.firebasestorage.app\"}","GCLOUD_PROJECT":"rocket-prompt","EVENTARC_CLOUD_EVENT_SOURCE":"projects/rocket-prompt/locations/us-central1/services/initiateHeyGenVideo","FUNCTION_TARGET":"initiateHeyGenVideo","LOG_EXECUTION_ID":"true"},"secretEnvironmentVariables":[{"key":"HEYGEN_API_KEY","secret":"HEYGEN_API_KEY","projectId":"rocket-prompt","version":"1"}],"ingressSettings":null,"timeoutSeconds":60,"serviceAccountEmail":null,"availableMemory":"256Mi","minInstanceCount":null,"maxInstanceCount":null,"maxInstanceRequestConcurrency":80,"availableCpu":"1","vpcConnector":null,"vpcConnectorEgressSettings":null},"labels":{"deployment-tool":"cli-firebase","deployment-callable":"true","firebase-functions-hash":"620e194a4b43642976db4b0f2213df68c7f8e6c1"}}
[debug] [2026-02-16T01:55:25.646Z] <<< [apiv2][status] POST https://www.googleapis.com/oauth2/v3/token 200
[debug] [2026-02-16T01:55:25.646Z] <<< [apiv2][body] POST https://www.googleapis.com/oauth2/v3/token [omitted]
[debug] [2026-02-16T01:55:25.658Z] >>> [apiv2][query] PATCH https://cloudfunctions.googleapis.com/v1/projects/rocket-prompt/locations/us-central1/functions/sendTelegramGoalNudge updateMask=name%2CsourceUploadUrl%2CentryPoint%2Cruntime%2CdockerRegistry%2Clabels%2ChttpsTrigger.securityLevel%2CminInstances%2CmaxInstances%2CingressSettings%2CenvironmentVariables%2CsecretEnvironmentVariables%2CserviceAccountEmail%2CavailableMemoryMb%2Ctimeout%2CvpcConnector%2CvpcConnectorEgressSettings%2CsourceToken%2CbuildEnvironmentVariables
[debug] [2026-02-16T01:55:25.658Z] >>> [apiv2][body] PATCH https://cloudfunctions.googleapis.com/v1/projects/rocket-prompt/locations/us-central1/functions/sendTelegramGoalNudge {"name":"projects/rocket-prompt/locations/us-central1/functions/sendTelegramGoalNudge","sourceUploadUrl":"https://storage.googleapis.com/uploads-17286520875.us-central1.cloudfunctions.appspot.com/e6460765-ab51-4992-8a95-38410992706c.zip?GoogleAccessId=service-169050684401@gcf-admin-robot.iam.gserviceaccount.com&Expires=1771205456&Signature=bumF7EQ7rFtyeJ3xEAzgNFGiEFpLle9UqsdRYwFi0t5fl1Aa7zmD6aaG3vAC4diZrzMEy6bsk49SCZTyIbaZzoNttyeYaVldVMjZK%2FYu3xQHSADL%2B4iYcjrtzVrQfiTENDASn%2FNKAv8bMQGrxMtfZIQxtgUbcDDR8DXjZQlttdK9yX0lcTjVLUwgoOkbaLr1QPw%2BXo%2BoxpRZt2w3VSpq3qTJTyFV2PEojeOXsGWeWMlYkX5JYUcBhoU98%2FzdqgOT%2BKj0JZoQ8SzAI6ehg6jdlSjMDTuJwhiWDSoGIobrb5vYlLD9oQrX6ma6tQICF54ZUs%2Fg81VtemQply1bYpkJAg%3D%3D","entryPoint":"sendTelegramGoalNudge","runtime":"nodejs22","dockerRegistry":"ARTIFACT_REGISTRY","labels":{"deployment-tool":"cli-firebase","deployment-callable":"true","firebase-functions-hash":"77e336f304070061d631e1364a70d798acd31488"},"httpsTrigger":{"securityLevel":"SECURE_ALWAYS"},"minInstances":null,"maxInstances":null,"ingressSettings":null,"environmentVariables":{"GA_PROPERTY_ID":"G-6HCB340LRG","FIREBASE_CONFIG":"{\"projectId\":\"rocket-prompt\",\"storageBucket\":\"rocket-prompt.firebasestorage.app\"}","GCLOUD_PROJECT":"rocket-prompt","EVENTARC_CLOUD_EVENT_SOURCE":"projects/rocket-prompt/locations/us-central1/functions/sendTelegramGoalNudge"},"secretEnvironmentVariables":[{"key":"TELEGRAM_BOT_TOKEN","secret":"TELEGRAM_BOT_TOKEN","projectId":"rocket-prompt","version":"1"}],"serviceAccountEmail":null,"availableMemoryMb":null,"timeout":null,"vpcConnector":null,"vpcConnectorEgressSettings":null,"buildEnvironmentVariables":{"GOOGLE_NODE_RUN_SCRIPTS":""}}
[debug] [2026-02-16T01:55:25.661Z] <<< [apiv2][status] POST https://www.googleapis.com/oauth2/v3/token 200
[debug] [2026-02-16T01:55:25.661Z] <<< [apiv2][body] POST https://www.googleapis.com/oauth2/v3/token [omitted]
[debug] [2026-02-16T01:55:25.673Z] >>> [apiv2][query] PATCH https://cloudfunctions.googleapis.com/v1/projects/rocket-prompt/locations/us-central1/functions/getAiAnalytics updateMask=name%2CsourceUploadUrl%2CentryPoint%2Cruntime%2CdockerRegistry%2Clabels%2ChttpsTrigger.securityLevel%2CminInstances%2CmaxInstances%2CingressSettings%2CenvironmentVariables%2CsecretEnvironmentVariables%2CserviceAccountEmail%2CavailableMemoryMb%2Ctimeout%2CvpcConnector%2CvpcConnectorEgressSettings%2CsourceToken%2CbuildEnvironmentVariables
[debug] [2026-02-16T01:55:25.673Z] >>> [apiv2][body] PATCH https://cloudfunctions.googleapis.com/v1/projects/rocket-prompt/locations/us-central1/functions/getAiAnalytics {"name":"projects/rocket-prompt/locations/us-central1/functions/getAiAnalytics","sourceUploadUrl":"https://storage.googleapis.com/uploads-17286520875.us-central1.cloudfunctions.appspot.com/e6460765-ab51-4992-8a95-38410992706c.zip?GoogleAccessId=service-169050684401@gcf-admin-robot.iam.gserviceaccount.com&Expires=1771205456&Signature=bumF7EQ7rFtyeJ3xEAzgNFGiEFpLle9UqsdRYwFi0t5fl1Aa7zmD6aaG3vAC4diZrzMEy6bsk49SCZTyIbaZzoNttyeYaVldVMjZK%2FYu3xQHSADL%2B4iYcjrtzVrQfiTENDASn%2FNKAv8bMQGrxMtfZIQxtgUbcDDR8DXjZQlttdK9yX0lcTjVLUwgoOkbaLr1QPw%2BXo%2BoxpRZt2w3VSpq3qTJTyFV2PEojeOXsGWeWMlYkX5JYUcBhoU98%2FzdqgOT%2BKj0JZoQ8SzAI6ehg6jdlSjMDTuJwhiWDSoGIobrb5vYlLD9oQrX6ma6tQICF54ZUs%2Fg81VtemQply1bYpkJAg%3D%3D","entryPoint":"getAiAnalytics","runtime":"nodejs22","dockerRegistry":"ARTIFACT_REGISTRY","labels":{"deployment-tool":"cli-firebase","deployment-callable":"true","firebase-functions-hash":"0eee7370f89efdb82688af5dee2d88d82c24f775"},"httpsTrigger":{"securityLevel":"SECURE_ALWAYS"},"minInstances":null,"maxInstances":null,"ingressSettings":null,"environmentVariables":{"GA_PROPERTY_ID":"G-6HCB340LRG","FIREBASE_CONFIG":"{\"projectId\":\"rocket-prompt\",\"storageBucket\":\"rocket-prompt.firebasestorage.app\"}","GCLOUD_PROJECT":"rocket-prompt","EVENTARC_CLOUD_EVENT_SOURCE":"projects/rocket-prompt/locations/us-central1/functions/getAiAnalytics"},"secretEnvironmentVariables":[{"key":"GA_PROPERTY_ID","secret":"GA_PROPERTY_ID","projectId":"rocket-prompt","version":"3"}],"serviceAccountEmail":null,"availableMemoryMb":256,"timeout":"30s","vpcConnector":null,"vpcConnectorEgressSettings":null,"buildEnvironmentVariables":{"GOOGLE_NODE_RUN_SCRIPTS":""}}
[debug] [2026-02-16T01:55:26.285Z] <<< [apiv2][status] PATCH https://cloudfunctions.googleapis.com/v1/projects/rocket-prompt/locations/us-central1/functions/getAiAnalytics 200
[debug] [2026-02-16T01:55:26.285Z] <<< [apiv2][body] PATCH https://cloudfunctions.googleapis.com/v1/projects/rocket-prompt/locations/us-central1/functions/getAiAnalytics {"name":"operations/cm9ja2V0LXByb21wdC91cy1jZW50cmFsMS9nZXRBaUFuYWx5dGljcy94dXF2d3l3TUtWaw","metadata":{"@type":"type.googleapis.com/google.cloud.functions.v1.OperationMetadataV1","target":"projects/rocket-prompt/locations/us-central1/functions/getAiAnalytics","type":"UPDATE_FUNCTION","request":{"@type":"type.googleapis.com/google.cloud.functions.v1.CloudFunction","name":"projects/rocket-prompt/locations/us-central1/functions/getAiAnalytics","httpsTrigger":{"url":"https://us-central1-rocket-prompt.cloudfunctions.net/getAiAnalytics","securityLevel":"SECURE_ALWAYS"},"status":"ACTIVE","entryPoint":"getAiAnalytics","timeout":"30s","availableMemoryMb":256,"updateTime":"2026-02-12T16:30:58.001Z","versionId":"57","labels":{"deployment-tool":"cli-firebase","deployment-callable":"true","firebase-functions-hash":"0eee7370f89efdb82688af5dee2d88d82c24f775"},"sourceUploadUrl":"https://storage.googleapis.com/uploads-17286520875.us-central1.cloudfunctions.appspot.com/e6460765-ab51-4992-8a95-38410992706c.zip?GoogleAccessId=service-169050684401@gcf-admin-robot.iam.gserviceaccount.com&Expires=1771205456&Signature=bumF7EQ7rFtyeJ3xEAzgNFGiEFpLle9UqsdRYwFi0t5fl1Aa7zmD6aaG3vAC4diZrzMEy6bsk49SCZTyIbaZzoNttyeYaVldVMjZK%2FYu3xQHSADL%2B4iYcjrtzVrQfiTENDASn%2FNKAv8bMQGrxMtfZIQxtgUbcDDR8DXjZQlttdK9yX0lcTjVLUwgoOkbaLr1QPw%2BXo%2BoxpRZt2w3VSpq3qTJTyFV2PEojeOXsGWeWMlYkX5JYUcBhoU98%2FzdqgOT%2BKj0JZoQ8SzAI6ehg6jdlSjMDTuJwhiWDSoGIobrb5vYlLD9oQrX6ma6tQICF54ZUs%2Fg81VtemQply1bYpkJAg%3D%3D","environmentVariables":{"GA_PROPERTY_ID":"G-6HCB340LRG","FIREBASE_CONFIG":"{\"projectId\":\"rocket-prompt\",\"storageBucket\":\"rocket-prompt.firebasestorage.app\"}","GCLOUD_PROJECT":"rocket-prompt","EVENTARC_CLOUD_EVENT_SOURCE":"projects/rocket-prompt/locations/us-central1/functions/getAiAnalytics"},"runtime":"nodejs22","buildId":"baeea3ff-ca62-40de-a4c3-6536a17ef1ba","buildEnvironmentVariables":{"GOOGLE_NODE_RUN_SCRIPTS":""},"secretEnvironmentVariables":[{"key":"GA_PROPERTY_ID","projectId":"rocket-prompt","secret":"GA_PROPERTY_ID","version":"3"}],"buildName":"projects/169050684401/locations/us-central1/builds/baeea3ff-ca62-40de-a4c3-6536a17ef1ba","dockerRegistry":"ARTIFACT_REGISTRY","automaticUpdatePolicy":{},"buildServiceAccount":"projects/rocket-prompt/serviceAccounts/169050684401-compute@developer.gserviceaccount.com"},"versionId":"58","updateTime":"2026-02-16T01:55:26Z"}}
[debug] [2026-02-16T01:55:26.286Z] Checked if tokens are valid: true, expires at: 1771210524661
[debug] [2026-02-16T01:55:26.286Z] Checked if tokens are valid: true, expires at: 1771210524661
[debug] [2026-02-16T01:55:26.287Z] >>> [apiv2][query] GET https://cloudfunctions.googleapis.com/v1/operations/cm9ja2V0LXByb21wdC91cy1jZW50cmFsMS9nZXRBaUFuYWx5dGljcy94dXF2d3l3TUtWaw [none]
[debug] [2026-02-16T01:55:26.289Z] <<< [apiv2][status] PATCH https://cloudfunctions.googleapis.com/v1/projects/rocket-prompt/locations/us-central1/functions/sendTelegramGoalNudge 200
[debug] [2026-02-16T01:55:26.289Z] <<< [apiv2][body] PATCH https://cloudfunctions.googleapis.com/v1/projects/rocket-prompt/locations/us-central1/functions/sendTelegramGoalNudge {"name":"operations/cm9ja2V0LXByb21wdC91cy1jZW50cmFsMS9zZW5kVGVsZWdyYW1Hb2FsTnVkZ2UvR20wTVhUS2FiODg","metadata":{"@type":"type.googleapis.com/google.cloud.functions.v1.OperationMetadataV1","target":"projects/rocket-prompt/locations/us-central1/functions/sendTelegramGoalNudge","type":"UPDATE_FUNCTION","request":{"@type":"type.googleapis.com/google.cloud.functions.v1.CloudFunction","name":"projects/rocket-prompt/locations/us-central1/functions/sendTelegramGoalNudge","httpsTrigger":{"url":"https://us-central1-rocket-prompt.cloudfunctions.net/sendTelegramGoalNudge","securityLevel":"SECURE_ALWAYS"},"status":"ACTIVE","entryPoint":"sendTelegramGoalNudge","updateTime":"2026-02-12T16:31:02.496Z","versionId":"10","labels":{"deployment-tool":"cli-firebase","deployment-callable":"true","firebase-functions-hash":"77e336f304070061d631e1364a70d798acd31488"},"sourceUploadUrl":"https://storage.googleapis.com/uploads-17286520875.us-central1.cloudfunctions.appspot.com/e6460765-ab51-4992-8a95-38410992706c.zip?GoogleAccessId=service-169050684401@gcf-admin-robot.iam.gserviceaccount.com&Expires=1771205456&Signature=bumF7EQ7rFtyeJ3xEAzgNFGiEFpLle9UqsdRYwFi0t5fl1Aa7zmD6aaG3vAC4diZrzMEy6bsk49SCZTyIbaZzoNttyeYaVldVMjZK%2FYu3xQHSADL%2B4iYcjrtzVrQfiTENDASn%2FNKAv8bMQGrxMtfZIQxtgUbcDDR8DXjZQlttdK9yX0lcTjVLUwgoOkbaLr1QPw%2BXo%2BoxpRZt2w3VSpq3qTJTyFV2PEojeOXsGWeWMlYkX5JYUcBhoU98%2FzdqgOT%2BKj0JZoQ8SzAI6ehg6jdlSjMDTuJwhiWDSoGIobrb5vYlLD9oQrX6ma6tQICF54ZUs%2Fg81VtemQply1bYpkJAg%3D%3D","environmentVariables":{"GA_PROPERTY_ID":"G-6HCB340LRG","FIREBASE_CONFIG":"{\"projectId\":\"rocket-prompt\",\"storageBucket\":\"rocket-prompt.firebasestorage.app\"}","GCLOUD_PROJECT":"rocket-prompt","EVENTARC_CLOUD_EVENT_SOURCE":"projects/rocket-prompt/locations/us-central1/functions/sendTelegramGoalNudge"},"runtime":"nodejs22","buildId":"db98ec2a-9c20-4155-bb86-0dcb1f2da107","buildEnvironmentVariables":{"GOOGLE_NODE_RUN_SCRIPTS":""},"secretEnvironmentVariables":[{"key":"TELEGRAM_BOT_TOKEN","projectId":"rocket-prompt","secret":"TELEGRAM_BOT_TOKEN","version":"1"}],"buildName":"projects/169050684401/locations/us-central1/builds/db98ec2a-9c20-4155-bb86-0dcb1f2da107","dockerRegistry":"ARTIFACT_REGISTRY","automaticUpdatePolicy":{},"buildServiceAccount":"projects/rocket-prompt/serviceAccounts/169050684401-compute@developer.gserviceaccount.com"},"versionId":"11","updateTime":"2026-02-16T01:55:26Z"}}
[debug] [2026-02-16T01:55:26.289Z] Checked if tokens are valid: true, expires at: 1771210524661
[debug] [2026-02-16T01:55:26.289Z] Checked if tokens are valid: true, expires at: 1771210524661
[debug] [2026-02-16T01:55:26.289Z] >>> [apiv2][query] GET https://cloudfunctions.googleapis.com/v1/operations/cm9ja2V0LXByb21wdC91cy1jZW50cmFsMS9zZW5kVGVsZWdyYW1Hb2FsTnVkZ2UvR20wTVhUS2FiODg [none]
[debug] [2026-02-16T01:55:26.290Z] <<< [apiv2][status] PATCH https://cloudfunctions.googleapis.com/v1/projects/rocket-prompt/locations/us-central1/functions/sendBulkGoalReminders 200
[debug] [2026-02-16T01:55:26.290Z] <<< [apiv2][body] PATCH https://cloudfunctions.googleapis.com/v1/projects/rocket-prompt/locations/us-central1/functions/sendBulkGoalReminders {"name":"operations/cm9ja2V0LXByb21wdC91cy1jZW50cmFsMS9zZW5kQnVsa0dvYWxSZW1pbmRlcnMvb1lNV0RNUGVBZHc","metadata":{"@type":"type.googleapis.com/google.cloud.functions.v1.OperationMetadataV1","target":"projects/rocket-prompt/locations/us-central1/functions/sendBulkGoalReminders","type":"UPDATE_FUNCTION","request":{"@type":"type.googleapis.com/google.cloud.functions.v1.CloudFunction","name":"projects/rocket-prompt/locations/us-central1/functions/sendBulkGoalReminders","httpsTrigger":{"url":"https://us-central1-rocket-prompt.cloudfunctions.net/sendBulkGoalReminders","securityLevel":"SECURE_ALWAYS"},"status":"ACTIVE","entryPoint":"sendBulkGoalReminders","timeout":"540s","availableMemoryMb":512,"updateTime":"2026-02-12T16:30:54.262Z","versionId":"30","labels":{"deployment-tool":"cli-firebase","deployment-callable":"true","firebase-functions-hash":"618a15276845177c7983eb5c1f991571ba8e7902"},"sourceUploadUrl":"https://storage.googleapis.com/uploads-17286520875.us-central1.cloudfunctions.appspot.com/e6460765-ab51-4992-8a95-38410992706c.zip?GoogleAccessId=service-169050684401@gcf-admin-robot.iam.gserviceaccount.com&Expires=1771205456&Signature=bumF7EQ7rFtyeJ3xEAzgNFGiEFpLle9UqsdRYwFi0t5fl1Aa7zmD6aaG3vAC4diZrzMEy6bsk49SCZTyIbaZzoNttyeYaVldVMjZK%2FYu3xQHSADL%2B4iYcjrtzVrQfiTENDASn%2FNKAv8bMQGrxMtfZIQxtgUbcDDR8DXjZQlttdK9yX0lcTjVLUwgoOkbaLr1QPw%2BXo%2BoxpRZt2w3VSpq3qTJTyFV2PEojeOXsGWeWMlYkX5JYUcBhoU98%2FzdqgOT%2BKj0JZoQ8SzAI6ehg6jdlSjMDTuJwhiWDSoGIobrb5vYlLD9oQrX6ma6tQICF54ZUs%2Fg81VtemQply1bYpkJAg%3D%3D","environmentVariables":{"GA_PROPERTY_ID":"G-6HCB340LRG","FIREBASE_CONFIG":"{\"projectId\":\"rocket-prompt\",\"storageBucket\":\"rocket-prompt.firebasestorage.app\"}","GCLOUD_PROJECT":"rocket-prompt","EVENTARC_CLOUD_EVENT_SOURCE":"projects/rocket-prompt/locations/us-central1/functions/sendBulkGoalReminders"},"runtime":"nodejs22","buildId":"143cbe67-682a-4ca1-85c0-3897bd88aa23","buildEnvironmentVariables":{"GOOGLE_NODE_RUN_SCRIPTS":""},"secretEnvironmentVariables":[{"key":"SENDGRID_API_KEY","projectId":"rocket-prompt","secret":"SENDGRID_API_KEY","version":"3"}],"buildName":"projects/169050684401/locations/us-central1/builds/143cbe67-682a-4ca1-85c0-3897bd88aa23","dockerRegistry":"ARTIFACT_REGISTRY","automaticUpdatePolicy":{},"buildServiceAccount":"projects/rocket-prompt/serviceAccounts/169050684401-compute@developer.gserviceaccount.com"},"versionId":"31","updateTime":"2026-02-16T01:55:26Z"}}
[debug] [2026-02-16T01:55:26.290Z] Checked if tokens are valid: true, expires at: 1771210524661
[debug] [2026-02-16T01:55:26.291Z] Checked if tokens are valid: true, expires at: 1771210524661
[debug] [2026-02-16T01:55:26.291Z] >>> [apiv2][query] GET https://cloudfunctions.googleapis.com/v1/operations/cm9ja2V0LXByb21wdC91cy1jZW50cmFsMS9zZW5kQnVsa0dvYWxSZW1pbmRlcnMvb1lNV0RNUGVBZHc [none]
[debug] [2026-02-16T01:55:26.416Z] <<< [apiv2][status] GET https://cloudfunctions.googleapis.com/v1/operations/cm9ja2V0LXByb21wdC91cy1jZW50cmFsMS9zZW5kVGVsZWdyYW1Hb2FsTnVkZ2UvR20wTVhUS2FiODg 200
[debug] [2026-02-16T01:55:26.416Z] <<< [apiv2][body] GET https://cloudfunctions.googleapis.com/v1/operations/cm9ja2V0LXByb21wdC91cy1jZW50cmFsMS9zZW5kVGVsZWdyYW1Hb2FsTnVkZ2UvR20wTVhUS2FiODg {"name":"operations/cm9ja2V0LXByb21wdC91cy1jZW50cmFsMS9zZW5kVGVsZWdyYW1Hb2FsTnVkZ2UvR20wTVhUS2FiODg","metadata":{"@type":"type.googleapis.com/google.cloud.functions.v1.OperationMetadataV1","target":"projects/rocket-prompt/locations/us-central1/functions/sendTelegramGoalNudge","type":"UPDATE_FUNCTION","request":{"@type":"type.googleapis.com/google.cloud.functions.v1.CloudFunction","name":"projects/rocket-prompt/locations/us-central1/functions/sendTelegramGoalNudge","httpsTrigger":{"url":"https://us-central1-rocket-prompt.cloudfunctions.net/sendTelegramGoalNudge","securityLevel":"SECURE_ALWAYS"},"status":"ACTIVE","entryPoint":"sendTelegramGoalNudge","updateTime":"2026-02-12T16:31:02.496Z","versionId":"10","labels":{"deployment-tool":"cli-firebase","deployment-callable":"true","firebase-functions-hash":"77e336f304070061d631e1364a70d798acd31488"},"sourceUploadUrl":"https://storage.googleapis.com/uploads-17286520875.us-central1.cloudfunctions.appspot.com/e6460765-ab51-4992-8a95-38410992706c.zip?GoogleAccessId=service-169050684401@gcf-admin-robot.iam.gserviceaccount.com&Expires=1771205456&Signature=bumF7EQ7rFtyeJ3xEAzgNFGiEFpLle9UqsdRYwFi0t5fl1Aa7zmD6aaG3vAC4diZrzMEy6bsk49SCZTyIbaZzoNttyeYaVldVMjZK%2FYu3xQHSADL%2B4iYcjrtzVrQfiTENDASn%2FNKAv8bMQGrxMtfZIQxtgUbcDDR8DXjZQlttdK9yX0lcTjVLUwgoOkbaLr1QPw%2BXo%2BoxpRZt2w3VSpq3qTJTyFV2PEojeOXsGWeWMlYkX5JYUcBhoU98%2FzdqgOT%2BKj0JZoQ8SzAI6ehg6jdlSjMDTuJwhiWDSoGIobrb5vYlLD9oQrX6ma6tQICF54ZUs%2Fg81VtemQply1bYpkJAg%3D%3D","environmentVariables":{"GA_PROPERTY_ID":"G-6HCB340LRG","FIREBASE_CONFIG":"{\"projectId\":\"rocket-prompt\",\"storageBucket\":\"rocket-prompt.firebasestorage.app\"}","GCLOUD_PROJECT":"rocket-prompt","EVENTARC_CLOUD_EVENT_SOURCE":"projects/rocket-prompt/locations/us-central1/functions/sendTelegramGoalNudge"},"runtime":"nodejs22","buildId":"db98ec2a-9c20-4155-bb86-0dcb1f2da107","buildEnvironmentVariables":{"GOOGLE_NODE_RUN_SCRIPTS":""},"secretEnvironmentVariables":[{"key":"TELEGRAM_BOT_TOKEN","projectId":"rocket-prompt","secret":"TELEGRAM_BOT_TOKEN","version":"1"}],"buildName":"projects/169050684401/locations/us-central1/builds/db98ec2a-9c20-4155-bb86-0dcb1f2da107","dockerRegistry":"ARTIFACT_REGISTRY","automaticUpdatePolicy":{},"buildServiceAccount":"projects/rocket-prompt/serviceAccounts/169050684401-compute@developer.gserviceaccount.com"},"versionId":"11","updateTime":"2026-02-16T01:55:26Z"}}
[debug] [2026-02-16T01:55:26.418Z] <<< [apiv2][status] GET https://cloudfunctions.googleapis.com/v1/operations/cm9ja2V0LXByb21wdC91cy1jZW50cmFsMS9zZW5kQnVsa0dvYWxSZW1pbmRlcnMvb1lNV0RNUGVBZHc 200
[debug] [2026-02-16T01:55:26.418Z] <<< [apiv2][body] GET https://cloudfunctions.googleapis.com/v1/operations/cm9ja2V0LXByb21wdC91cy1jZW50cmFsMS9zZW5kQnVsa0dvYWxSZW1pbmRlcnMvb1lNV0RNUGVBZHc {"name":"operations/cm9ja2V0LXByb21wdC91cy1jZW50cmFsMS9zZW5kQnVsa0dvYWxSZW1pbmRlcnMvb1lNV0RNUGVBZHc","metadata":{"@type":"type.googleapis.com/google.cloud.functions.v1.OperationMetadataV1","target":"projects/rocket-prompt/locations/us-central1/functions/sendBulkGoalReminders","type":"UPDATE_FUNCTION","request":{"@type":"type.googleapis.com/google.cloud.functions.v1.CloudFunction","name":"projects/rocket-prompt/locations/us-central1/functions/sendBulkGoalReminders","httpsTrigger":{"url":"https://us-central1-rocket-prompt.cloudfunctions.net/sendBulkGoalReminders","securityLevel":"SECURE_ALWAYS"},"status":"ACTIVE","entryPoint":"sendBulkGoalReminders","timeout":"540s","availableMemoryMb":512,"updateTime":"2026-02-12T16:30:54.262Z","versionId":"30","labels":{"deployment-tool":"cli-firebase","deployment-callable":"true","firebase-functions-hash":"618a15276845177c7983eb5c1f991571ba8e7902"},"sourceUploadUrl":"https://storage.googleapis.com/uploads-17286520875.us-central1.cloudfunctions.appspot.com/e6460765-ab51-4992-8a95-38410992706c.zip?GoogleAccessId=service-169050684401@gcf-admin-robot.iam.gserviceaccount.com&Expires=1771205456&Signature=bumF7EQ7rFtyeJ3xEAzgNFGiEFpLle9UqsdRYwFi0t5fl1Aa7zmD6aaG3vAC4diZrzMEy6bsk49SCZTyIbaZzoNttyeYaVldVMjZK%2FYu3xQHSADL%2B4iYcjrtzVrQfiTENDASn%2FNKAv8bMQGrxMtfZIQxtgUbcDDR8DXjZQlttdK9yX0lcTjVLUwgoOkbaLr1QPw%2BXo%2BoxpRZt2w3VSpq3qTJTyFV2PEojeOXsGWeWMlYkX5JYUcBhoU98%2FzdqgOT%2BKj0JZoQ8SzAI6ehg6jdlSjMDTuJwhiWDSoGIobrb5vYlLD9oQrX6ma6tQICF54ZUs%2Fg81VtemQply1bYpkJAg%3D%3D","environmentVariables":{"GA_PROPERTY_ID":"G-6HCB340LRG","FIREBASE_CONFIG":"{\"projectId\":\"rocket-prompt\",\"storageBucket\":\"rocket-prompt.firebasestorage.app\"}","GCLOUD_PROJECT":"rocket-prompt","EVENTARC_CLOUD_EVENT_SOURCE":"projects/rocket-prompt/locations/us-central1/functions/sendBulkGoalReminders"},"runtime":"nodejs22","buildId":"143cbe67-682a-4ca1-85c0-3897bd88aa23","buildEnvironmentVariables":{"GOOGLE_NODE_RUN_SCRIPTS":""},"secretEnvironmentVariables":[{"key":"SENDGRID_API_KEY","projectId":"rocket-prompt","secret":"SENDGRID_API_KEY","version":"3"}],"buildName":"projects/169050684401/locations/us-central1/builds/143cbe67-682a-4ca1-85c0-3897bd88aa23","dockerRegistry":"ARTIFACT_REGISTRY","automaticUpdatePolicy":{},"buildServiceAccount":"projects/rocket-prompt/serviceAccounts/169050684401-compute@developer.gserviceaccount.com"},"versionId":"31","updateTime":"2026-02-16T01:55:26Z"}}
[debug] [2026-02-16T01:55:26.435Z] <<< [apiv2][status] GET https://cloudfunctions.googleapis.com/v1/operations/cm9ja2V0LXByb21wdC91cy1jZW50cmFsMS9nZXRBaUFuYWx5dGljcy94dXF2d3l3TUtWaw 200
[debug] [2026-02-16T01:55:26.435Z] <<< [apiv2][body] GET https://cloudfunctions.googleapis.com/v1/operations/cm9ja2V0LXByb21wdC91cy1jZW50cmFsMS9nZXRBaUFuYWx5dGljcy94dXF2d3l3TUtWaw {"name":"operations/cm9ja2V0LXByb21wdC91cy1jZW50cmFsMS9nZXRBaUFuYWx5dGljcy94dXF2d3l3TUtWaw","metadata":{"@type":"type.googleapis.com/google.cloud.functions.v1.OperationMetadataV1","target":"projects/rocket-prompt/locations/us-central1/functions/getAiAnalytics","type":"UPDATE_FUNCTION","request":{"@type":"type.googleapis.com/google.cloud.functions.v1.CloudFunction","name":"projects/rocket-prompt/locations/us-central1/functions/getAiAnalytics","httpsTrigger":{"url":"https://us-central1-rocket-prompt.cloudfunctions.net/getAiAnalytics","securityLevel":"SECURE_ALWAYS"},"status":"ACTIVE","entryPoint":"getAiAnalytics","timeout":"30s","availableMemoryMb":256,"updateTime":"2026-02-12T16:30:58.001Z","versionId":"57","labels":{"deployment-tool":"cli-firebase","deployment-callable":"true","firebase-functions-hash":"0eee7370f89efdb82688af5dee2d88d82c24f775"},"sourceUploadUrl":"https://storage.googleapis.com/uploads-17286520875.us-central1.cloudfunctions.appspot.com/e6460765-ab51-4992-8a95-38410992706c.zip?GoogleAccessId=service-169050684401@gcf-admin-robot.iam.gserviceaccount.com&Expires=1771205456&Signature=bumF7EQ7rFtyeJ3xEAzgNFGiEFpLle9UqsdRYwFi0t5fl1Aa7zmD6aaG3vAC4diZrzMEy6bsk49SCZTyIbaZzoNttyeYaVldVMjZK%2FYu3xQHSADL%2B4iYcjrtzVrQfiTENDASn%2FNKAv8bMQGrxMtfZIQxtgUbcDDR8DXjZQlttdK9yX0lcTjVLUwgoOkbaLr1QPw%2BXo%2BoxpRZt2w3VSpq3qTJTyFV2PEojeOXsGWeWMlYkX5JYUcBhoU98%2FzdqgOT%2BKj0JZoQ8SzAI6ehg6jdlSjMDTuJwhiWDSoGIobrb5vYlLD9oQrX6ma6tQICF54ZUs%2Fg81VtemQply1bYpkJAg%3D%3D","environmentVariables":{"GA_PROPERTY_ID":"G-6HCB340LRG","FIREBASE_CONFIG":"{\"projectId\":\"rocket-prompt\",\"storageBucket\":\"rocket-prompt.firebasestorage.app\"}","GCLOUD_PROJECT":"rocket-prompt","EVENTARC_CLOUD_EVENT_SOURCE":"projects/rocket-prompt/locations/us-central1/functions/getAiAnalytics"},"runtime":"nodejs22","buildId":"baeea3ff-ca62-40de-a4c3-6536a17ef1ba","buildEnvironmentVariables":{"GOOGLE_NODE_RUN_SCRIPTS":""},"secretEnvironmentVariables":[{"key":"GA_PROPERTY_ID","projectId":"rocket-prompt","secret":"GA_PROPERTY_ID","version":"3"}],"buildName":"projects/169050684401/locations/us-central1/builds/baeea3ff-ca62-40de-a4c3-6536a17ef1ba","dockerRegistry":"ARTIFACT_REGISTRY","automaticUpdatePolicy":{},"buildServiceAccount":"projects/rocket-prompt/serviceAccounts/169050684401-compute@developer.gserviceaccount.com"},"versionId":"58","updateTime":"2026-02-16T01:55:26Z"}}
[debug] [2026-02-16T01:55:26.918Z] [update-default-us-central1-sendTelegramGoalNudge] Retrying task index 0
[debug] [2026-02-16T01:55:26.919Z] Checked if tokens are valid: true, expires at: 1771210524661
[debug] [2026-02-16T01:55:26.919Z] Checked if tokens are valid: true, expires at: 1771210524661
[debug] [2026-02-16T01:55:26.919Z] >>> [apiv2][query] GET https://cloudfunctions.googleapis.com/v1/operations/cm9ja2V0LXByb21wdC91cy1jZW50cmFsMS9zZW5kVGVsZWdyYW1Hb2FsTnVkZ2UvR20wTVhUS2FiODg [none]
[debug] [2026-02-16T01:55:26.921Z] [update-default-us-central1-sendBulkGoalReminders] Retrying task index 0
[debug] [2026-02-16T01:55:26.921Z] Checked if tokens are valid: true, expires at: 1771210524661
[debug] [2026-02-16T01:55:26.922Z] Checked if tokens are valid: true, expires at: 1771210524661
[debug] [2026-02-16T01:55:26.922Z] >>> [apiv2][query] GET https://cloudfunctions.googleapis.com/v1/operations/cm9ja2V0LXByb21wdC91cy1jZW50cmFsMS9zZW5kQnVsa0dvYWxSZW1pbmRlcnMvb1lNV0RNUGVBZHc [none]
[debug] [2026-02-16T01:55:26.937Z] [update-default-us-central1-getAiAnalytics] Retrying task index 0
[debug] [2026-02-16T01:55:26.937Z] Checked if tokens are valid: true, expires at: 1771210524661
[debug] [2026-02-16T01:55:26.937Z] Checked if tokens are valid: true, expires at: 1771210524661
[debug] [2026-02-16T01:55:26.937Z] >>> [apiv2][query] GET https://cloudfunctions.googleapis.com/v1/operations/cm9ja2V0LXByb21wdC91cy1jZW50cmFsMS9nZXRBaUFuYWx5dGljcy94dXF2d3l3TUtWaw [none]
[debug] [2026-02-16T01:55:27.047Z] <<< [apiv2][status] GET https://cloudfunctions.googleapis.com/v1/operations/cm9ja2V0LXByb21wdC91cy1jZW50cmFsMS9nZXRBaUFuYWx5dGljcy94dXF2d3l3TUtWaw 200
[debug] [2026-02-16T01:55:27.047Z] <<< [apiv2][body] GET https://cloudfunctions.googleapis.com/v1/operations/cm9ja2V0LXByb21wdC91cy1jZW50cmFsMS9nZXRBaUFuYWx5dGljcy94dXF2d3l3TUtWaw {"name":"operations/cm9ja2V0LXByb21wdC91cy1jZW50cmFsMS9nZXRBaUFuYWx5dGljcy94dXF2d3l3TUtWaw","metadata":{"@type":"type.googleapis.com/google.cloud.functions.v1.OperationMetadataV1","target":"projects/rocket-prompt/locations/us-central1/functions/getAiAnalytics","type":"UPDATE_FUNCTION","request":{"@type":"type.googleapis.com/google.cloud.functions.v1.CloudFunction","name":"projects/rocket-prompt/locations/us-central1/functions/getAiAnalytics","httpsTrigger":{"url":"https://us-central1-rocket-prompt.cloudfunctions.net/getAiAnalytics","securityLevel":"SECURE_ALWAYS"},"status":"ACTIVE","entryPoint":"getAiAnalytics","timeout":"30s","availableMemoryMb":256,"updateTime":"2026-02-12T16:30:58.001Z","versionId":"57","labels":{"deployment-tool":"cli-firebase","deployment-callable":"true","firebase-functions-hash":"0eee7370f89efdb82688af5dee2d88d82c24f775"},"sourceUploadUrl":"https://storage.googleapis.com/uploads-17286520875.us-central1.cloudfunctions.appspot.com/e6460765-ab51-4992-8a95-38410992706c.zip?GoogleAccessId=service-169050684401@gcf-admin-robot.iam.gserviceaccount.com&Expires=1771205456&Signature=bumF7EQ7rFtyeJ3xEAzgNFGiEFpLle9UqsdRYwFi0t5fl1Aa7zmD6aaG3vAC4diZrzMEy6bsk49SCZTyIbaZzoNttyeYaVldVMjZK%2FYu3xQHSADL%2B4iYcjrtzVrQfiTENDASn%2FNKAv8bMQGrxMtfZIQxtgUbcDDR8DXjZQlttdK9yX0lcTjVLUwgoOkbaLr1QPw%2BXo%2BoxpRZt2w3VSpq3qTJTyFV2PEojeOXsGWeWMlYkX5JYUcBhoU98%2FzdqgOT%2BKj0JZoQ8SzAI6ehg6jdlSjMDTuJwhiWDSoGIobrb5vYlLD9oQrX6ma6tQICF54ZUs%2Fg81VtemQply1bYpkJAg%3D%3D","environmentVariables":{"GA_PROPERTY_ID":"G-6HCB340LRG","FIREBASE_CONFIG":"{\"projectId\":\"rocket-prompt\",\"storageBucket\":\"rocket-prompt.firebasestorage.app\"}","GCLOUD_PROJECT":"rocket-prompt","EVENTARC_CLOUD_EVENT_SOURCE":"projects/rocket-prompt/locations/us-central1/functions/getAiAnalytics"},"runtime":"nodejs22","buildId":"baeea3ff-ca62-40de-a4c3-6536a17ef1ba","buildEnvironmentVariables":{"GOOGLE_NODE_RUN_SCRIPTS":""},"secretEnvironmentVariables":[{"key":"GA_PROPERTY_ID","projectId":"rocket-prompt","secret":"GA_PROPERTY_ID","version":"3"}],"buildName":"projects/169050684401/locations/us-central1/builds/baeea3ff-ca62-40de-a4c3-6536a17ef1ba","dockerRegistry":"ARTIFACT_REGISTRY","automaticUpdatePolicy":{},"buildServiceAccount":"projects/rocket-prompt/serviceAccounts/169050684401-compute@developer.gserviceaccount.com"},"versionId":"58","updateTime":"2026-02-16T01:55:26Z"},"done":true,"error":{"code":3,"message":"Failed to verify the provided Cloud Storage Signed URL"}}
[debug] [2026-02-16T01:55:27.047Z] Got source token undefined for region us-central1
[error] Failed to verify the provided Cloud Storage Signed URL
[debug] [2026-02-16T01:55:27.049Z] <<< [apiv2][status] GET https://cloudfunctions.googleapis.com/v1/operations/cm9ja2V0LXByb21wdC91cy1jZW50cmFsMS9zZW5kVGVsZWdyYW1Hb2FsTnVkZ2UvR20wTVhUS2FiODg 200
[debug] [2026-02-16T01:55:27.049Z] <<< [apiv2][body] GET https://cloudfunctions.googleapis.com/v1/operations/cm9ja2V0LXByb21wdC91cy1jZW50cmFsMS9zZW5kVGVsZWdyYW1Hb2FsTnVkZ2UvR20wTVhUS2FiODg {"name":"operations/cm9ja2V0LXByb21wdC91cy1jZW50cmFsMS9zZW5kVGVsZWdyYW1Hb2FsTnVkZ2UvR20wTVhUS2FiODg","metadata":{"@type":"type.googleapis.com/google.cloud.functions.v1.OperationMetadataV1","target":"projects/rocket-prompt/locations/us-central1/functions/sendTelegramGoalNudge","type":"UPDATE_FUNCTION","request":{"@type":"type.googleapis.com/google.cloud.functions.v1.CloudFunction","name":"projects/rocket-prompt/locations/us-central1/functions/sendTelegramGoalNudge","httpsTrigger":{"url":"https://us-central1-rocket-prompt.cloudfunctions.net/sendTelegramGoalNudge","securityLevel":"SECURE_ALWAYS"},"status":"ACTIVE","entryPoint":"sendTelegramGoalNudge","updateTime":"2026-02-12T16:31:02.496Z","versionId":"10","labels":{"deployment-tool":"cli-firebase","deployment-callable":"true","firebase-functions-hash":"77e336f304070061d631e1364a70d798acd31488"},"sourceUploadUrl":"https://storage.googleapis.com/uploads-17286520875.us-central1.cloudfunctions.appspot.com/e6460765-ab51-4992-8a95-38410992706c.zip?GoogleAccessId=service-169050684401@gcf-admin-robot.iam.gserviceaccount.com&Expires=1771205456&Signature=bumF7EQ7rFtyeJ3xEAzgNFGiEFpLle9UqsdRYwFi0t5fl1Aa7zmD6aaG3vAC4diZrzMEy6bsk49SCZTyIbaZzoNttyeYaVldVMjZK%2FYu3xQHSADL%2B4iYcjrtzVrQfiTENDASn%2FNKAv8bMQGrxMtfZIQxtgUbcDDR8DXjZQlttdK9yX0lcTjVLUwgoOkbaLr1QPw%2BXo%2BoxpRZt2w3VSpq3qTJTyFV2PEojeOXsGWeWMlYkX5JYUcBhoU98%2FzdqgOT%2BKj0JZoQ8SzAI6ehg6jdlSjMDTuJwhiWDSoGIobrb5vYlLD9oQrX6ma6tQICF54ZUs%2Fg81VtemQply1bYpkJAg%3D%3D","environmentVariables":{"GA_PROPERTY_ID":"G-6HCB340LRG","FIREBASE_CONFIG":"{\"projectId\":\"rocket-prompt\",\"storageBucket\":\"rocket-prompt.firebasestorage.app\"}","GCLOUD_PROJECT":"rocket-prompt","EVENTARC_CLOUD_EVENT_SOURCE":"projects/rocket-prompt/locations/us-central1/functions/sendTelegramGoalNudge"},"runtime":"nodejs22","buildId":"db98ec2a-9c20-4155-bb86-0dcb1f2da107","buildEnvironmentVariables":{"GOOGLE_NODE_RUN_SCRIPTS":""},"secretEnvironmentVariables":[{"key":"TELEGRAM_BOT_TOKEN","projectId":"rocket-prompt","secret":"TELEGRAM_BOT_TOKEN","version":"1"}],"buildName":"projects/169050684401/locations/us-central1/builds/db98ec2a-9c20-4155-bb86-0dcb1f2da107","dockerRegistry":"ARTIFACT_REGISTRY","automaticUpdatePolicy":{},"buildServiceAccount":"projects/rocket-prompt/serviceAccounts/169050684401-compute@developer.gserviceaccount.com"},"versionId":"11","updateTime":"2026-02-16T01:55:26Z"},"done":true,"error":{"code":3,"message":"Failed to verify the provided Cloud Storage Signed URL"}}
[debug] [2026-02-16T01:55:27.049Z] Got source token undefined for region us-central1
[debug] [2026-02-16T01:55:27.049Z] Checked if tokens are valid: true, expires at: 1771210524661
[debug] [2026-02-16T01:55:27.049Z] Checked if tokens are valid: true, expires at: 1771210524661
[debug] [2026-02-16T01:55:27.049Z] Checked if tokens are valid: true, expires at: 1771210524661
[debug] [2026-02-16T01:55:27.049Z] Checked if tokens are valid: true, expires at: 1771210524661
[debug] [2026-02-16T01:55:27.049Z] Checked if tokens are valid: true, expires at: 1771210524661
[debug] [2026-02-16T01:55:27.049Z] Checked if tokens are valid: true, expires at: 1771210524661
[debug] [2026-02-16T01:55:27.049Z] Checked if tokens are valid: true, expires at: 1771210524661
[debug] [2026-02-16T01:55:27.049Z] Checked if tokens are valid: true, expires at: 1771210524661
[debug] [2026-02-16T01:55:27.049Z] Checked if tokens are valid: true, expires at: 1771210524661
[debug] [2026-02-16T01:55:27.049Z] Checked if tokens are valid: true, expires at: 1771210524661
[debug] [2026-02-16T01:55:27.049Z] Checked if tokens are valid: true, expires at: 1771210524661
[debug] [2026-02-16T01:55:27.049Z] Checked if tokens are valid: true, expires at: 1771210524661
[debug] [2026-02-16T01:55:27.049Z] Checked if tokens are valid: true, expires at: 1771210524661
[debug] [2026-02-16T01:55:27.050Z] Checked if tokens are valid: true, expires at: 1771210524661
[debug] [2026-02-16T01:55:27.050Z] Checked if tokens are valid: true, expires at: 1771210524661
[debug] [2026-02-16T01:55:27.050Z] Checked if tokens are valid: true, expires at: 1771210524661
[debug] [2026-02-16T01:55:27.050Z] Checked if tokens are valid: true, expires at: 1771210524661
[debug] [2026-02-16T01:55:27.050Z] Checked if tokens are valid: true, expires at: 1771210524661
[debug] [2026-02-16T01:55:27.050Z] Checked if tokens are valid: true, expires at: 1771210524661
[debug] [2026-02-16T01:55:27.050Z] Checked if tokens are valid: true, expires at: 1771210524661
[debug] [2026-02-16T01:55:27.050Z] Checked if tokens are valid: true, expires at: 1771210524661
[debug] [2026-02-16T01:55:27.050Z] Checked if tokens are valid: true, expires at: 1771210524661
[debug] [2026-02-16T01:55:27.050Z] Checked if tokens are valid: true, expires at: 1771210524661
[debug] [2026-02-16T01:55:27.050Z] Checked if tokens are valid: true, expires at: 1771210524661
[debug] [2026-02-16T01:55:27.050Z] Checked if tokens are valid: true, expires at: 1771210524661
[debug] [2026-02-16T01:55:27.050Z] Checked if tokens are valid: true, expires at: 1771210524661
[debug] [2026-02-16T01:55:27.050Z] Checked if tokens are valid: true, expires at: 1771210524661
[debug] [2026-02-16T01:55:27.050Z] Checked if tokens are valid: true, expires at: 1771210524661
[debug] [2026-02-16T01:55:27.050Z] Checked if tokens are valid: true, expires at: 1771210524661
[debug] [2026-02-16T01:55:27.050Z] Checked if tokens are valid: true, expires at: 1771210524661
[debug] [2026-02-16T01:55:27.050Z] Checked if tokens are valid: true, expires at: 1771210524661
[debug] [2026-02-16T01:55:27.050Z] Checked if tokens are valid: true, expires at: 1771210524661
[debug] [2026-02-16T01:55:27.050Z] Checked if tokens are valid: true, expires at: 1771210524661
[debug] [2026-02-16T01:55:27.050Z] Checked if tokens are valid: true, expires at: 1771210524661
[debug] [2026-02-16T01:55:27.050Z] Checked if tokens are valid: true, expires at: 1771210524661
[debug] [2026-02-16T01:55:27.050Z] Checked if tokens are valid: true, expires at: 1771210524661
[debug] [2026-02-16T01:55:27.050Z] Checked if tokens are valid: true, expires at: 1771210524661
[debug] [2026-02-16T01:55:27.050Z] Checked if tokens are valid: true, expires at: 1771210524661
[debug] [2026-02-16T01:55:27.050Z] Checked if tokens are valid: true, expires at: 1771210524661
[debug] [2026-02-16T01:55:27.051Z] Checked if tokens are valid: true, expires at: 1771210524661
[debug] [2026-02-16T01:55:27.051Z] >>> [apiv2][query] PATCH https://cloudfunctions.googleapis.com/v1/projects/rocket-prompt/locations/us-central1/functions/stripeWebhookRocketGoals updateMask=name%2CsourceUploadUrl%2CentryPoint%2Cruntime%2CdockerRegistry%2Clabels%2ChttpsTrigger.securityLevel%2CminInstances%2CmaxInstances%2CingressSettings%2CenvironmentVariables%2CsecretEnvironmentVariables%2CserviceAccountEmail%2CavailableMemoryMb%2Ctimeout%2CvpcConnector%2CvpcConnectorEgressSettings%2CsourceToken%2CbuildEnvironmentVariables
[debug] [2026-02-16T01:55:27.051Z] >>> [apiv2][body] PATCH https://cloudfunctions.googleapis.com/v1/projects/rocket-prompt/locations/us-central1/functions/stripeWebhookRocketGoals {"name":"projects/rocket-prompt/locations/us-central1/functions/stripeWebhookRocketGoals","sourceUploadUrl":"https://storage.googleapis.com/uploads-17286520875.us-central1.cloudfunctions.appspot.com/e6460765-ab51-4992-8a95-38410992706c.zip?GoogleAccessId=service-169050684401@gcf-admin-robot.iam.gserviceaccount.com&Expires=1771205456&Signature=bumF7EQ7rFtyeJ3xEAzgNFGiEFpLle9UqsdRYwFi0t5fl1Aa7zmD6aaG3vAC4diZrzMEy6bsk49SCZTyIbaZzoNttyeYaVldVMjZK%2FYu3xQHSADL%2B4iYcjrtzVrQfiTENDASn%2FNKAv8bMQGrxMtfZIQxtgUbcDDR8DXjZQlttdK9yX0lcTjVLUwgoOkbaLr1QPw%2BXo%2BoxpRZt2w3VSpq3qTJTyFV2PEojeOXsGWeWMlYkX5JYUcBhoU98%2FzdqgOT%2BKj0JZoQ8SzAI6ehg6jdlSjMDTuJwhiWDSoGIobrb5vYlLD9oQrX6ma6tQICF54ZUs%2Fg81VtemQply1bYpkJAg%3D%3D","entryPoint":"stripeWebhookRocketGoals","runtime":"nodejs22","dockerRegistry":"ARTIFACT_REGISTRY","labels":{"deployment-tool":"cli-firebase","firebase-functions-hash":"a3ddf38ce16b4251110999bbf7e25664ba4b1bfb"},"httpsTrigger":{"securityLevel":"SECURE_ALWAYS"},"minInstances":null,"maxInstances":null,"ingressSettings":null,"environmentVariables":{"GA_PROPERTY_ID":"G-6HCB340LRG","FIREBASE_CONFIG":"{\"projectId\":\"rocket-prompt\",\"storageBucket\":\"rocket-prompt.firebasestorage.app\"}","GCLOUD_PROJECT":"rocket-prompt","EVENTARC_CLOUD_EVENT_SOURCE":"projects/rocket-prompt/locations/us-central1/functions/stripeWebhookRocketGoals"},"secretEnvironmentVariables":[{"key":"STRIPE_WEBHOOK_SECRET_GOALS","secret":"STRIPE_WEBHOOK_SECRET_GOALS","projectId":"rocket-prompt","version":"1"}],"serviceAccountEmail":null,"availableMemoryMb":null,"timeout":null,"vpcConnector":null,"vpcConnectorEgressSettings":null,"buildEnvironmentVariables":{"GOOGLE_NODE_RUN_SCRIPTS":""}}
[debug] [2026-02-16T01:55:27.051Z] >>> [apiv2][query] PATCH https://cloudfunctions.googleapis.com/v1/projects/rocket-prompt/locations/us-central1/functions/processAIPrompt updateMask=name%2CsourceUploadUrl%2CentryPoint%2Cruntime%2CdockerRegistry%2Clabels%2CeventTrigger.eventType%2CeventTrigger.resource%2CeventTrigger.failurePolicy%2CminInstances%2CmaxInstances%2CingressSettings%2CenvironmentVariables%2CsecretEnvironmentVariables%2CserviceAccountEmail%2CavailableMemoryMb%2Ctimeout%2CvpcConnector%2CvpcConnectorEgressSettings%2CsourceToken%2CbuildEnvironmentVariables
[debug] [2026-02-16T01:55:27.051Z] >>> [apiv2][body] PATCH https://cloudfunctions.googleapis.com/v1/projects/rocket-prompt/locations/us-central1/functions/processAIPrompt {"name":"projects/rocket-prompt/locations/us-central1/functions/processAIPrompt","sourceUploadUrl":"https://storage.googleapis.com/uploads-17286520875.us-central1.cloudfunctions.appspot.com/e6460765-ab51-4992-8a95-38410992706c.zip?GoogleAccessId=service-169050684401@gcf-admin-robot.iam.gserviceaccount.com&Expires=1771205456&Signature=bumF7EQ7rFtyeJ3xEAzgNFGiEFpLle9UqsdRYwFi0t5fl1Aa7zmD6aaG3vAC4diZrzMEy6bsk49SCZTyIbaZzoNttyeYaVldVMjZK%2FYu3xQHSADL%2B4iYcjrtzVrQfiTENDASn%2FNKAv8bMQGrxMtfZIQxtgUbcDDR8DXjZQlttdK9yX0lcTjVLUwgoOkbaLr1QPw%2BXo%2BoxpRZt2w3VSpq3qTJTyFV2PEojeOXsGWeWMlYkX5JYUcBhoU98%2FzdqgOT%2BKj0JZoQ8SzAI6ehg6jdlSjMDTuJwhiWDSoGIobrb5vYlLD9oQrX6ma6tQICF54ZUs%2Fg81VtemQply1bYpkJAg%3D%3D","entryPoint":"processAIPrompt","runtime":"nodejs22","dockerRegistry":"ARTIFACT_REGISTRY","labels":{"deployment-tool":"cli-firebase","firebase-functions-hash":"8cccf774767a1e841527f76f60f6384852585d79"},"eventTrigger":{"eventType":"providers/cloud.firestore/eventTypes/document.create","resource":"projects/rocket-prompt/databases/(default)/documents/public/{documentId}"},"minInstances":null,"maxInstances":null,"ingressSettings":null,"environmentVariables":{"GA_PROPERTY_ID":"G-6HCB340LRG","FIREBASE_CONFIG":"{\"projectId\":\"rocket-prompt\",\"storageBucket\":\"rocket-prompt.firebasestorage.app\"}","GCLOUD_PROJECT":"rocket-prompt","EVENTARC_CLOUD_EVENT_SOURCE":"projects/rocket-prompt/locations/us-central1/functions/processAIPrompt"},"secretEnvironmentVariables":[{"key":"GEMINI_API_KEY","secret":"GEMINI_API_KEY","projectId":"rocket-prompt","version":"3"}],"serviceAccountEmail":null,"availableMemoryMb":null,"timeout":null,"vpcConnector":null,"vpcConnectorEgressSettings":null,"buildEnvironmentVariables":{"GOOGLE_NODE_RUN_SCRIPTS":""}}
[debug] [2026-02-16T01:55:27.052Z] >>> [apiv2][query] PATCH https://cloudfunctions.googleapis.com/v1/projects/rocket-prompt/locations/us-central1/functions/sendTestEmail updateMask=name%2CsourceUploadUrl%2CentryPoint%2Cruntime%2CdockerRegistry%2Clabels%2ChttpsTrigger.securityLevel%2CminInstances%2CmaxInstances%2CingressSettings%2CenvironmentVariables%2CsecretEnvironmentVariables%2CserviceAccountEmail%2CavailableMemoryMb%2Ctimeout%2CvpcConnector%2CvpcConnectorEgressSettings%2CsourceToken%2CbuildEnvironmentVariables
[debug] [2026-02-16T01:55:27.052Z] >>> [apiv2][body] PATCH https://cloudfunctions.googleapis.com/v1/projects/rocket-prompt/locations/us-central1/functions/sendTestEmail {"name":"projects/rocket-prompt/locations/us-central1/functions/sendTestEmail","sourceUploadUrl":"https://storage.googleapis.com/uploads-17286520875.us-central1.cloudfunctions.appspot.com/e6460765-ab51-4992-8a95-38410992706c.zip?GoogleAccessId=service-169050684401@gcf-admin-robot.iam.gserviceaccount.com&Expires=1771205456&Signature=bumF7EQ7rFtyeJ3xEAzgNFGiEFpLle9UqsdRYwFi0t5fl1Aa7zmD6aaG3vAC4diZrzMEy6bsk49SCZTyIbaZzoNttyeYaVldVMjZK%2FYu3xQHSADL%2B4iYcjrtzVrQfiTENDASn%2FNKAv8bMQGrxMtfZIQxtgUbcDDR8DXjZQlttdK9yX0lcTjVLUwgoOkbaLr1QPw%2BXo%2BoxpRZt2w3VSpq3qTJTyFV2PEojeOXsGWeWMlYkX5JYUcBhoU98%2FzdqgOT%2BKj0JZoQ8SzAI6ehg6jdlSjMDTuJwhiWDSoGIobrb5vYlLD9oQrX6ma6tQICF54ZUs%2Fg81VtemQply1bYpkJAg%3D%3D","entryPoint":"sendTestEmail","runtime":"nodejs22","dockerRegistry":"ARTIFACT_REGISTRY","labels":{"deployment-tool":"cli-firebase","deployment-callable":"true","firebase-functions-hash":"618a15276845177c7983eb5c1f991571ba8e7902"},"httpsTrigger":{"securityLevel":"SECURE_ALWAYS"},"minInstances":null,"maxInstances":null,"ingressSettings":null,"environmentVariables":{"GA_PROPERTY_ID":"G-6HCB340LRG","FIREBASE_CONFIG":"{\"projectId\":\"rocket-prompt\",\"storageBucket\":\"rocket-prompt.firebasestorage.app\"}","GCLOUD_PROJECT":"rocket-prompt","EVENTARC_CLOUD_EVENT_SOURCE":"projects/rocket-prompt/locations/us-central1/functions/sendTestEmail"},"secretEnvironmentVariables":[{"key":"SENDGRID_API_KEY","secret":"SENDGRID_API_KEY","projectId":"rocket-prompt","version":"3"}],"serviceAccountEmail":null,"availableMemoryMb":null,"timeout":null,"vpcConnector":null,"vpcConnectorEgressSettings":null,"buildEnvironmentVariables":{"GOOGLE_NODE_RUN_SCRIPTS":""}}
[debug] [2026-02-16T01:55:27.053Z] >>> [apiv2][query] PATCH https://cloudfunctions.googleapis.com/v1/projects/rocket-prompt/locations/us-central1/functions/sendTestSMS updateMask=name%2CsourceUploadUrl%2CentryPoint%2Cruntime%2CdockerRegistry%2Clabels%2ChttpsTrigger.securityLevel%2CminInstances%2CmaxInstances%2CingressSettings%2CenvironmentVariables%2CsecretEnvironmentVariables%2CserviceAccountEmail%2CavailableMemoryMb%2Ctimeout%2CvpcConnector%2CvpcConnectorEgressSettings%2CsourceToken%2CbuildEnvironmentVariables
[debug] [2026-02-16T01:55:27.053Z] >>> [apiv2][body] PATCH https://cloudfunctions.googleapis.com/v1/projects/rocket-prompt/locations/us-central1/functions/sendTestSMS {"name":"projects/rocket-prompt/locations/us-central1/functions/sendTestSMS","sourceUploadUrl":"https://storage.googleapis.com/uploads-17286520875.us-central1.cloudfunctions.appspot.com/e6460765-ab51-4992-8a95-38410992706c.zip?GoogleAccessId=service-169050684401@gcf-admin-robot.iam.gserviceaccount.com&Expires=1771205456&Signature=bumF7EQ7rFtyeJ3xEAzgNFGiEFpLle9UqsdRYwFi0t5fl1Aa7zmD6aaG3vAC4diZrzMEy6bsk49SCZTyIbaZzoNttyeYaVldVMjZK%2FYu3xQHSADL%2B4iYcjrtzVrQfiTENDASn%2FNKAv8bMQGrxMtfZIQxtgUbcDDR8DXjZQlttdK9yX0lcTjVLUwgoOkbaLr1QPw%2BXo%2BoxpRZt2w3VSpq3qTJTyFV2PEojeOXsGWeWMlYkX5JYUcBhoU98%2FzdqgOT%2BKj0JZoQ8SzAI6ehg6jdlSjMDTuJwhiWDSoGIobrb5vYlLD9oQrX6ma6tQICF54ZUs%2Fg81VtemQply1bYpkJAg%3D%3D","entryPoint":"sendTestSMS","runtime":"nodejs22","dockerRegistry":"ARTIFACT_REGISTRY","labels":{"deployment-tool":"cli-firebase","deployment-callable":"true","firebase-functions-hash":"ca781756249ad7fc9598babcb3c779ba6bee6da0"},"httpsTrigger":{"securityLevel":"SECURE_ALWAYS"},"minInstances":null,"maxInstances":null,"ingressSettings":null,"environmentVariables":{"GA_PROPERTY_ID":"G-6HCB340LRG","FIREBASE_CONFIG":"{\"projectId\":\"rocket-prompt\",\"storageBucket\":\"rocket-prompt.firebasestorage.app\"}","GCLOUD_PROJECT":"rocket-prompt","EVENTARC_CLOUD_EVENT_SOURCE":"projects/rocket-prompt/locations/us-central1/functions/sendTestSMS"},"secretEnvironmentVariables":[{"key":"TWILIO_ACCOUNT_SID","secret":"TWILIO_ACCOUNT_SID","projectId":"rocket-prompt","version":"2"},{"key":"TWILIO_AUTH_TOKEN","secret":"TWILIO_AUTH_TOKEN","projectId":"rocket-prompt","version":"2"},{"key":"TWILIO_PHONE_NUMBER","secret":"TWILIO_PHONE_NUMBER","projectId":"rocket-prompt","version":"2"}],"serviceAccountEmail":null,"availableMemoryMb":null,"timeout":null,"vpcConnector":null,"vpcConnectorEgressSettings":null,"buildEnvironmentVariables":{"GOOGLE_NODE_RUN_SCRIPTS":""}}
[debug] [2026-02-16T01:55:27.054Z] >>> [apiv2][query] PATCH https://cloudfunctions.googleapis.com/v1/projects/rocket-prompt/locations/us-central1/functions/previewGoalReminder updateMask=name%2CsourceUploadUrl%2CentryPoint%2Cruntime%2CdockerRegistry%2Clabels%2ChttpsTrigger.securityLevel%2CminInstances%2CmaxInstances%2CingressSettings%2CenvironmentVariables%2CsecretEnvironmentVariables%2CserviceAccountEmail%2CavailableMemoryMb%2Ctimeout%2CvpcConnector%2CvpcConnectorEgressSettings%2CsourceToken%2CbuildEnvironmentVariables
[debug] [2026-02-16T01:55:27.055Z] >>> [apiv2][body] PATCH https://cloudfunctions.googleapis.com/v1/projects/rocket-prompt/locations/us-central1/functions/previewGoalReminder {"name":"projects/rocket-prompt/locations/us-central1/functions/previewGoalReminder","sourceUploadUrl":"https://storage.googleapis.com/uploads-17286520875.us-central1.cloudfunctions.appspot.com/e6460765-ab51-4992-8a95-38410992706c.zip?GoogleAccessId=service-169050684401@gcf-admin-robot.iam.gserviceaccount.com&Expires=1771205456&Signature=bumF7EQ7rFtyeJ3xEAzgNFGiEFpLle9UqsdRYwFi0t5fl1Aa7zmD6aaG3vAC4diZrzMEy6bsk49SCZTyIbaZzoNttyeYaVldVMjZK%2FYu3xQHSADL%2B4iYcjrtzVrQfiTENDASn%2FNKAv8bMQGrxMtfZIQxtgUbcDDR8DXjZQlttdK9yX0lcTjVLUwgoOkbaLr1QPw%2BXo%2BoxpRZt2w3VSpq3qTJTyFV2PEojeOXsGWeWMlYkX5JYUcBhoU98%2FzdqgOT%2BKj0JZoQ8SzAI6ehg6jdlSjMDTuJwhiWDSoGIobrb5vYlLD9oQrX6ma6tQICF54ZUs%2Fg81VtemQply1bYpkJAg%3D%3D","entryPoint":"previewGoalReminder","runtime":"nodejs22","dockerRegistry":"ARTIFACT_REGISTRY","labels":{"deployment-tool":"cli-firebase","deployment-callable":"true","firebase-functions-hash":"618a15276845177c7983eb5c1f991571ba8e7902"},"httpsTrigger":{"securityLevel":"SECURE_ALWAYS"},"minInstances":null,"maxInstances":null,"ingressSettings":null,"environmentVariables":{"GA_PROPERTY_ID":"G-6HCB340LRG","FIREBASE_CONFIG":"{\"projectId\":\"rocket-prompt\",\"storageBucket\":\"rocket-prompt.firebasestorage.app\"}","GCLOUD_PROJECT":"rocket-prompt","EVENTARC_CLOUD_EVENT_SOURCE":"projects/rocket-prompt/locations/us-central1/functions/previewGoalReminder"},"secretEnvironmentVariables":[{"key":"SENDGRID_API_KEY","secret":"SENDGRID_API_KEY","projectId":"rocket-prompt","version":"3"}],"serviceAccountEmail":null,"availableMemoryMb":null,"timeout":null,"vpcConnector":null,"vpcConnectorEgressSettings":null,"buildEnvironmentVariables":{"GOOGLE_NODE_RUN_SCRIPTS":""}}
[debug] [2026-02-16T01:55:27.056Z] >>> [apiv2][query] PATCH https://cloudfunctions.googleapis.com/v1/projects/rocket-prompt/locations/us-central1/functions/sendTestGoalReminder updateMask=name%2CsourceUploadUrl%2CentryPoint%2Cruntime%2CdockerRegistry%2Clabels%2ChttpsTrigger.securityLevel%2CminInstances%2CmaxInstances%2CingressSettings%2CenvironmentVariables%2CsecretEnvironmentVariables%2CserviceAccountEmail%2CavailableMemoryMb%2Ctimeout%2CvpcConnector%2CvpcConnectorEgressSettings%2CsourceToken%2CbuildEnvironmentVariables
[debug] [2026-02-16T01:55:27.056Z] >>> [apiv2][body] PATCH https://cloudfunctions.googleapis.com/v1/projects/rocket-prompt/locations/us-central1/functions/sendTestGoalReminder {"name":"projects/rocket-prompt/locations/us-central1/functions/sendTestGoalReminder","sourceUploadUrl":"https://storage.googleapis.com/uploads-17286520875.us-central1.cloudfunctions.appspot.com/e6460765-ab51-4992-8a95-38410992706c.zip?GoogleAccessId=service-169050684401@gcf-admin-robot.iam.gserviceaccount.com&Expires=1771205456&Signature=bumF7EQ7rFtyeJ3xEAzgNFGiEFpLle9UqsdRYwFi0t5fl1Aa7zmD6aaG3vAC4diZrzMEy6bsk49SCZTyIbaZzoNttyeYaVldVMjZK%2FYu3xQHSADL%2B4iYcjrtzVrQfiTENDASn%2FNKAv8bMQGrxMtfZIQxtgUbcDDR8DXjZQlttdK9yX0lcTjVLUwgoOkbaLr1QPw%2BXo%2BoxpRZt2w3VSpq3qTJTyFV2PEojeOXsGWeWMlYkX5JYUcBhoU98%2FzdqgOT%2BKj0JZoQ8SzAI6ehg6jdlSjMDTuJwhiWDSoGIobrb5vYlLD9oQrX6ma6tQICF54ZUs%2Fg81VtemQply1bYpkJAg%3D%3D","entryPoint":"sendTestGoalReminder","runtime":"nodejs22","dockerRegistry":"ARTIFACT_REGISTRY","labels":{"deployment-tool":"cli-firebase","deployment-callable":"true","firebase-functions-hash":"618a15276845177c7983eb5c1f991571ba8e7902"},"httpsTrigger":{"securityLevel":"SECURE_ALWAYS"},"minInstances":null,"maxInstances":null,"ingressSettings":null,"environmentVariables":{"GA_PROPERTY_ID":"G-6HCB340LRG","FIREBASE_CONFIG":"{\"projectId\":\"rocket-prompt\",\"storageBucket\":\"rocket-prompt.firebasestorage.app\"}","GCLOUD_PROJECT":"rocket-prompt","EVENTARC_CLOUD_EVENT_SOURCE":"projects/rocket-prompt/locations/us-central1/functions/sendTestGoalReminder"},"secretEnvironmentVariables":[{"key":"SENDGRID_API_KEY","secret":"SENDGRID_API_KEY","projectId":"rocket-prompt","version":"3"}],"serviceAccountEmail":null,"availableMemoryMb":null,"timeout":null,"vpcConnector":null,"vpcConnectorEgressSettings":null,"buildEnvironmentVariables":{"GOOGLE_NODE_RUN_SCRIPTS":""}}
[debug] [2026-02-16T01:55:27.057Z] >>> [apiv2][query] PATCH https://cloudfunctions.googleapis.com/v1/projects/rocket-prompt/locations/us-central1/functions/sendTestDailyReminder updateMask=name%2CsourceUploadUrl%2CentryPoint%2Cruntime%2CdockerRegistry%2Clabels%2ChttpsTrigger.securityLevel%2CminInstances%2CmaxInstances%2CingressSettings%2CenvironmentVariables%2CsecretEnvironmentVariables%2CserviceAccountEmail%2CavailableMemoryMb%2Ctimeout%2CvpcConnector%2CvpcConnectorEgressSettings%2CsourceToken%2CbuildEnvironmentVariables
[debug] [2026-02-16T01:55:27.058Z] >>> [apiv2][body] PATCH https://cloudfunctions.googleapis.com/v1/projects/rocket-prompt/locations/us-central1/functions/sendTestDailyReminder {"name":"projects/rocket-prompt/locations/us-central1/functions/sendTestDailyReminder","sourceUploadUrl":"https://storage.googleapis.com/uploads-17286520875.us-central1.cloudfunctions.appspot.com/e6460765-ab51-4992-8a95-38410992706c.zip?GoogleAccessId=service-169050684401@gcf-admin-robot.iam.gserviceaccount.com&Expires=1771205456&Signature=bumF7EQ7rFtyeJ3xEAzgNFGiEFpLle9UqsdRYwFi0t5fl1Aa7zmD6aaG3vAC4diZrzMEy6bsk49SCZTyIbaZzoNttyeYaVldVMjZK%2FYu3xQHSADL%2B4iYcjrtzVrQfiTENDASn%2FNKAv8bMQGrxMtfZIQxtgUbcDDR8DXjZQlttdK9yX0lcTjVLUwgoOkbaLr1QPw%2BXo%2BoxpRZt2w3VSpq3qTJTyFV2PEojeOXsGWeWMlYkX5JYUcBhoU98%2FzdqgOT%2BKj0JZoQ8SzAI6ehg6jdlSjMDTuJwhiWDSoGIobrb5vYlLD9oQrX6ma6tQICF54ZUs%2Fg81VtemQply1bYpkJAg%3D%3D","entryPoint":"sendTestDailyReminder","runtime":"nodejs22","dockerRegistry":"ARTIFACT_REGISTRY","labels":{"deployment-tool":"cli-firebase","deployment-callable":"true","firebase-functions-hash":"618a15276845177c7983eb5c1f991571ba8e7902"},"httpsTrigger":{"securityLevel":"SECURE_ALWAYS"},"minInstances":null,"maxInstances":null,"ingressSettings":null,"environmentVariables":{"GA_PROPERTY_ID":"G-6HCB340LRG","FIREBASE_CONFIG":"{\"projectId\":\"rocket-prompt\",\"storageBucket\":\"rocket-prompt.firebasestorage.app\"}","GCLOUD_PROJECT":"rocket-prompt","EVENTARC_CLOUD_EVENT_SOURCE":"projects/rocket-prompt/locations/us-central1/functions/sendTestDailyReminder"},"secretEnvironmentVariables":[{"key":"SENDGRID_API_KEY","secret":"SENDGRID_API_KEY","projectId":"rocket-prompt","version":"3"}],"serviceAccountEmail":null,"availableMemoryMb":null,"timeout":null,"vpcConnector":null,"vpcConnectorEgressSettings":null,"buildEnvironmentVariables":{"GOOGLE_NODE_RUN_SCRIPTS":""}}
[debug] [2026-02-16T01:55:27.059Z] >>> [apiv2][query] PATCH https://cloudfunctions.googleapis.com/v1/projects/rocket-prompt/locations/us-central1/functions/sendVerificationEmail updateMask=name%2CsourceUploadUrl%2CentryPoint%2Cruntime%2CdockerRegistry%2Clabels%2ChttpsTrigger.securityLevel%2CminInstances%2CmaxInstances%2CingressSettings%2CenvironmentVariables%2CsecretEnvironmentVariables%2CserviceAccountEmail%2CavailableMemoryMb%2Ctimeout%2CvpcConnector%2CvpcConnectorEgressSettings%2CsourceToken%2CbuildEnvironmentVariables
[debug] [2026-02-16T01:55:27.059Z] >>> [apiv2][body] PATCH https://cloudfunctions.googleapis.com/v1/projects/rocket-prompt/locations/us-central1/functions/sendVerificationEmail {"name":"projects/rocket-prompt/locations/us-central1/functions/sendVerificationEmail","sourceUploadUrl":"https://storage.googleapis.com/uploads-17286520875.us-central1.cloudfunctions.appspot.com/e6460765-ab51-4992-8a95-38410992706c.zip?GoogleAccessId=service-169050684401@gcf-admin-robot.iam.gserviceaccount.com&Expires=1771205456&Signature=bumF7EQ7rFtyeJ3xEAzgNFGiEFpLle9UqsdRYwFi0t5fl1Aa7zmD6aaG3vAC4diZrzMEy6bsk49SCZTyIbaZzoNttyeYaVldVMjZK%2FYu3xQHSADL%2B4iYcjrtzVrQfiTENDASn%2FNKAv8bMQGrxMtfZIQxtgUbcDDR8DXjZQlttdK9yX0lcTjVLUwgoOkbaLr1QPw%2BXo%2BoxpRZt2w3VSpq3qTJTyFV2PEojeOXsGWeWMlYkX5JYUcBhoU98%2FzdqgOT%2BKj0JZoQ8SzAI6ehg6jdlSjMDTuJwhiWDSoGIobrb5vYlLD9oQrX6ma6tQICF54ZUs%2Fg81VtemQply1bYpkJAg%3D%3D","entryPoint":"sendVerificationEmail","runtime":"nodejs22","dockerRegistry":"ARTIFACT_REGISTRY","labels":{"deployment-tool":"cli-firebase","deployment-callable":"true","firebase-functions-hash":"618a15276845177c7983eb5c1f991571ba8e7902"},"httpsTrigger":{"securityLevel":"SECURE_ALWAYS"},"minInstances":null,"maxInstances":null,"ingressSettings":null,"environmentVariables":{"GA_PROPERTY_ID":"G-6HCB340LRG","FIREBASE_CONFIG":"{\"projectId\":\"rocket-prompt\",\"storageBucket\":\"rocket-prompt.firebasestorage.app\"}","GCLOUD_PROJECT":"rocket-prompt","EVENTARC_CLOUD_EVENT_SOURCE":"projects/rocket-prompt/locations/us-central1/functions/sendVerificationEmail"},"secretEnvironmentVariables":[{"key":"SENDGRID_API_KEY","secret":"SENDGRID_API_KEY","projectId":"rocket-prompt","version":"3"}],"serviceAccountEmail":null,"availableMemoryMb":null,"timeout":null,"vpcConnector":null,"vpcConnectorEgressSettings":null,"buildEnvironmentVariables":{"GOOGLE_NODE_RUN_SCRIPTS":""}}
[debug] [2026-02-16T01:55:27.060Z] >>> [apiv2][query] PATCH https://cloudfunctions.googleapis.com/v1/projects/rocket-prompt/locations/us-central1/functions/sendWelcomeEmail updateMask=name%2CsourceUploadUrl%2CentryPoint%2Cruntime%2CdockerRegistry%2Clabels%2ChttpsTrigger.securityLevel%2CminInstances%2CmaxInstances%2CingressSettings%2CenvironmentVariables%2CsecretEnvironmentVariables%2CserviceAccountEmail%2CavailableMemoryMb%2Ctimeout%2CvpcConnector%2CvpcConnectorEgressSettings%2CsourceToken%2CbuildEnvironmentVariables
[debug] [2026-02-16T01:55:27.060Z] >>> [apiv2][body] PATCH https://cloudfunctions.googleapis.com/v1/projects/rocket-prompt/locations/us-central1/functions/sendWelcomeEmail {"name":"projects/rocket-prompt/locations/us-central1/functions/sendWelcomeEmail","sourceUploadUrl":"https://storage.googleapis.com/uploads-17286520875.us-central1.cloudfunctions.appspot.com/e6460765-ab51-4992-8a95-38410992706c.zip?GoogleAccessId=service-169050684401@gcf-admin-robot.iam.gserviceaccount.com&Expires=1771205456&Signature=bumF7EQ7rFtyeJ3xEAzgNFGiEFpLle9UqsdRYwFi0t5fl1Aa7zmD6aaG3vAC4diZrzMEy6bsk49SCZTyIbaZzoNttyeYaVldVMjZK%2FYu3xQHSADL%2B4iYcjrtzVrQfiTENDASn%2FNKAv8bMQGrxMtfZIQxtgUbcDDR8DXjZQlttdK9yX0lcTjVLUwgoOkbaLr1QPw%2BXo%2BoxpRZt2w3VSpq3qTJTyFV2PEojeOXsGWeWMlYkX5JYUcBhoU98%2FzdqgOT%2BKj0JZoQ8SzAI6ehg6jdlSjMDTuJwhiWDSoGIobrb5vYlLD9oQrX6ma6tQICF54ZUs%2Fg81VtemQply1bYpkJAg%3D%3D","entryPoint":"sendWelcomeEmail","runtime":"nodejs22","dockerRegistry":"ARTIFACT_REGISTRY","labels":{"deployment-tool":"cli-firebase","deployment-callable":"true","firebase-functions-hash":"618a15276845177c7983eb5c1f991571ba8e7902"},"httpsTrigger":{"securityLevel":"SECURE_ALWAYS"},"minInstances":null,"maxInstances":null,"ingressSettings":null,"environmentVariables":{"GA_PROPERTY_ID":"G-6HCB340LRG","FIREBASE_CONFIG":"{\"projectId\":\"rocket-prompt\",\"storageBucket\":\"rocket-prompt.firebasestorage.app\"}","GCLOUD_PROJECT":"rocket-prompt","EVENTARC_CLOUD_EVENT_SOURCE":"projects/rocket-prompt/locations/us-central1/functions/sendWelcomeEmail"},"secretEnvironmentVariables":[{"key":"SENDGRID_API_KEY","secret":"SENDGRID_API_KEY","projectId":"rocket-prompt","version":"3"}],"serviceAccountEmail":null,"availableMemoryMb":null,"timeout":null,"vpcConnector":null,"vpcConnectorEgressSettings":null,"buildEnvironmentVariables":{"GOOGLE_NODE_RUN_SCRIPTS":""}}
[debug] [2026-02-16T01:55:27.061Z] >>> [apiv2][query] PATCH https://cloudfunctions.googleapis.com/v1/projects/rocket-prompt/locations/us-central1/functions/sendGoalCreatedEmail updateMask=name%2CsourceUploadUrl%2CentryPoint%2Cruntime%2CdockerRegistry%2Clabels%2ChttpsTrigger.securityLevel%2CminInstances%2CmaxInstances%2CingressSettings%2CenvironmentVariables%2CsecretEnvironmentVariables%2CserviceAccountEmail%2CavailableMemoryMb%2Ctimeout%2CvpcConnector%2CvpcConnectorEgressSettings%2CsourceToken%2CbuildEnvironmentVariables
[debug] [2026-02-16T01:55:27.061Z] >>> [apiv2][body] PATCH https://cloudfunctions.googleapis.com/v1/projects/rocket-prompt/locations/us-central1/functions/sendGoalCreatedEmail {"name":"projects/rocket-prompt/locations/us-central1/functions/sendGoalCreatedEmail","sourceUploadUrl":"https://storage.googleapis.com/uploads-17286520875.us-central1.cloudfunctions.appspot.com/e6460765-ab51-4992-8a95-38410992706c.zip?GoogleAccessId=service-169050684401@gcf-admin-robot.iam.gserviceaccount.com&Expires=1771205456&Signature=bumF7EQ7rFtyeJ3xEAzgNFGiEFpLle9UqsdRYwFi0t5fl1Aa7zmD6aaG3vAC4diZrzMEy6bsk49SCZTyIbaZzoNttyeYaVldVMjZK%2FYu3xQHSADL%2B4iYcjrtzVrQfiTENDASn%2FNKAv8bMQGrxMtfZIQxtgUbcDDR8DXjZQlttdK9yX0lcTjVLUwgoOkbaLr1QPw%2BXo%2BoxpRZt2w3VSpq3qTJTyFV2PEojeOXsGWeWMlYkX5JYUcBhoU98%2FzdqgOT%2BKj0JZoQ8SzAI6ehg6jdlSjMDTuJwhiWDSoGIobrb5vYlLD9oQrX6ma6tQICF54ZUs%2Fg81VtemQply1bYpkJAg%3D%3D","entryPoint":"sendGoalCreatedEmail","runtime":"nodejs22","dockerRegistry":"ARTIFACT_REGISTRY","labels":{"deployment-tool":"cli-firebase","deployment-callable":"true","firebase-functions-hash":"618a15276845177c7983eb5c1f991571ba8e7902"},"httpsTrigger":{"securityLevel":"SECURE_ALWAYS"},"minInstances":null,"maxInstances":null,"ingressSettings":null,"environmentVariables":{"GA_PROPERTY_ID":"G-6HCB340LRG","FIREBASE_CONFIG":"{\"projectId\":\"rocket-prompt\",\"storageBucket\":\"rocket-prompt.firebasestorage.app\"}","GCLOUD_PROJECT":"rocket-prompt","EVENTARC_CLOUD_EVENT_SOURCE":"projects/rocket-prompt/locations/us-central1/functions/sendGoalCreatedEmail"},"secretEnvironmentVariables":[{"key":"SENDGRID_API_KEY","secret":"SENDGRID_API_KEY","projectId":"rocket-prompt","version":"3"}],"serviceAccountEmail":null,"availableMemoryMb":null,"timeout":null,"vpcConnector":null,"vpcConnectorEgressSettings":null,"buildEnvironmentVariables":{"GOOGLE_NODE_RUN_SCRIPTS":""}}
[debug] [2026-02-16T01:55:27.062Z] >>> [apiv2][query] PATCH https://cloudfunctions.googleapis.com/v1/projects/rocket-prompt/locations/us-central1/functions/sendFanInviteEmail updateMask=name%2CsourceUploadUrl%2CentryPoint%2Cruntime%2CdockerRegistry%2Clabels%2ChttpsTrigger.securityLevel%2CminInstances%2CmaxInstances%2CingressSettings%2CenvironmentVariables%2CsecretEnvironmentVariables%2CserviceAccountEmail%2CavailableMemoryMb%2Ctimeout%2CvpcConnector%2CvpcConnectorEgressSettings%2CsourceToken%2CbuildEnvironmentVariables
[debug] [2026-02-16T01:55:27.062Z] >>> [apiv2][body] PATCH https://cloudfunctions.googleapis.com/v1/projects/rocket-prompt/locations/us-central1/functions/sendFanInviteEmail {"name":"projects/rocket-prompt/locations/us-central1/functions/sendFanInviteEmail","sourceUploadUrl":"https://storage.googleapis.com/uploads-17286520875.us-central1.cloudfunctions.appspot.com/e6460765-ab51-4992-8a95-38410992706c.zip?GoogleAccessId=service-169050684401@gcf-admin-robot.iam.gserviceaccount.com&Expires=1771205456&Signature=bumF7EQ7rFtyeJ3xEAzgNFGiEFpLle9UqsdRYwFi0t5fl1Aa7zmD6aaG3vAC4diZrzMEy6bsk49SCZTyIbaZzoNttyeYaVldVMjZK%2FYu3xQHSADL%2B4iYcjrtzVrQfiTENDASn%2FNKAv8bMQGrxMtfZIQxtgUbcDDR8DXjZQlttdK9yX0lcTjVLUwgoOkbaLr1QPw%2BXo%2BoxpRZt2w3VSpq3qTJTyFV2PEojeOXsGWeWMlYkX5JYUcBhoU98%2FzdqgOT%2BKj0JZoQ8SzAI6ehg6jdlSjMDTuJwhiWDSoGIobrb5vYlLD9oQrX6ma6tQICF54ZUs%2Fg81VtemQply1bYpkJAg%3D%3D","entryPoint":"sendFanInviteEmail","runtime":"nodejs22","dockerRegistry":"ARTIFACT_REGISTRY","labels":{"deployment-tool":"cli-firebase","deployment-callable":"true","firebase-functions-hash":"618a15276845177c7983eb5c1f991571ba8e7902"},"httpsTrigger":{"securityLevel":"SECURE_ALWAYS"},"minInstances":null,"maxInstances":null,"ingressSettings":null,"environmentVariables":{"GA_PROPERTY_ID":"G-6HCB340LRG","FIREBASE_CONFIG":"{\"projectId\":\"rocket-prompt\",\"storageBucket\":\"rocket-prompt.firebasestorage.app\"}","GCLOUD_PROJECT":"rocket-prompt","EVENTARC_CLOUD_EVENT_SOURCE":"projects/rocket-prompt/locations/us-central1/functions/sendFanInviteEmail"},"secretEnvironmentVariables":[{"key":"SENDGRID_API_KEY","secret":"SENDGRID_API_KEY","projectId":"rocket-prompt","version":"3"}],"serviceAccountEmail":null,"availableMemoryMb":null,"timeout":null,"vpcConnector":null,"vpcConnectorEgressSettings":null,"buildEnvironmentVariables":{"GOOGLE_NODE_RUN_SCRIPTS":""}}
[debug] [2026-02-16T01:55:27.064Z] >>> [apiv2][query] PATCH https://cloudfunctions.googleapis.com/v1/projects/rocket-prompt/locations/us-central1/functions/createCheckoutSession updateMask=name%2CsourceUploadUrl%2CentryPoint%2Cruntime%2CdockerRegistry%2Clabels%2ChttpsTrigger.securityLevel%2CminInstances%2CmaxInstances%2CingressSettings%2CenvironmentVariables%2CsecretEnvironmentVariables%2CserviceAccountEmail%2CavailableMemoryMb%2Ctimeout%2CvpcConnector%2CvpcConnectorEgressSettings%2CsourceToken%2CbuildEnvironmentVariables
[debug] [2026-02-16T01:55:27.064Z] >>> [apiv2][body] PATCH https://cloudfunctions.googleapis.com/v1/projects/rocket-prompt/locations/us-central1/functions/createCheckoutSession {"name":"projects/rocket-prompt/locations/us-central1/functions/createCheckoutSession","sourceUploadUrl":"https://storage.googleapis.com/uploads-17286520875.us-central1.cloudfunctions.appspot.com/e6460765-ab51-4992-8a95-38410992706c.zip?GoogleAccessId=service-169050684401@gcf-admin-robot.iam.gserviceaccount.com&Expires=1771205456&Signature=bumF7EQ7rFtyeJ3xEAzgNFGiEFpLle9UqsdRYwFi0t5fl1Aa7zmD6aaG3vAC4diZrzMEy6bsk49SCZTyIbaZzoNttyeYaVldVMjZK%2FYu3xQHSADL%2B4iYcjrtzVrQfiTENDASn%2FNKAv8bMQGrxMtfZIQxtgUbcDDR8DXjZQlttdK9yX0lcTjVLUwgoOkbaLr1QPw%2BXo%2BoxpRZt2w3VSpq3qTJTyFV2PEojeOXsGWeWMlYkX5JYUcBhoU98%2FzdqgOT%2BKj0JZoQ8SzAI6ehg6jdlSjMDTuJwhiWDSoGIobrb5vYlLD9oQrX6ma6tQICF54ZUs%2Fg81VtemQply1bYpkJAg%3D%3D","entryPoint":"createCheckoutSession","runtime":"nodejs22","dockerRegistry":"ARTIFACT_REGISTRY","labels":{"deployment-tool":"cli-firebase","deployment-callable":"true","firebase-functions-hash":"2b734fd2536973b9b7ef964d880b2d948f20adbd"},"httpsTrigger":{"securityLevel":"SECURE_ALWAYS"},"minInstances":null,"maxInstances":null,"ingressSettings":null,"environmentVariables":{"GA_PROPERTY_ID":"G-6HCB340LRG","FIREBASE_CONFIG":"{\"projectId\":\"rocket-prompt\",\"storageBucket\":\"rocket-prompt.firebasestorage.app\"}","GCLOUD_PROJECT":"rocket-prompt","EVENTARC_CLOUD_EVENT_SOURCE":"projects/rocket-prompt/locations/us-central1/functions/createCheckoutSession"},"secretEnvironmentVariables":[{"key":"STRIPE_SECRET_KEY","secret":"STRIPE_SECRET_KEY","projectId":"rocket-prompt","version":"2"}],"serviceAccountEmail":null,"availableMemoryMb":null,"timeout":null,"vpcConnector":null,"vpcConnectorEgressSettings":null,"buildEnvironmentVariables":{"GOOGLE_NODE_RUN_SCRIPTS":""}}
[debug] [2026-02-16T01:55:27.065Z] >>> [apiv2][query] PATCH https://cloudfunctions.googleapis.com/v1/projects/rocket-prompt/locations/us-central1/functions/createBillingPortalSession updateMask=name%2CsourceUploadUrl%2CentryPoint%2Cruntime%2CdockerRegistry%2Clabels%2ChttpsTrigger.securityLevel%2CminInstances%2CmaxInstances%2CingressSettings%2CenvironmentVariables%2CsecretEnvironmentVariables%2CserviceAccountEmail%2CavailableMemoryMb%2Ctimeout%2CvpcConnector%2CvpcConnectorEgressSettings%2CsourceToken%2CbuildEnvironmentVariables
[debug] [2026-02-16T01:55:27.065Z] >>> [apiv2][body] PATCH https://cloudfunctions.googleapis.com/v1/projects/rocket-prompt/locations/us-central1/functions/createBillingPortalSession {"name":"projects/rocket-prompt/locations/us-central1/functions/createBillingPortalSession","sourceUploadUrl":"https://storage.googleapis.com/uploads-17286520875.us-central1.cloudfunctions.appspot.com/e6460765-ab51-4992-8a95-38410992706c.zip?GoogleAccessId=service-169050684401@gcf-admin-robot.iam.gserviceaccount.com&Expires=1771205456&Signature=bumF7EQ7rFtyeJ3xEAzgNFGiEFpLle9UqsdRYwFi0t5fl1Aa7zmD6aaG3vAC4diZrzMEy6bsk49SCZTyIbaZzoNttyeYaVldVMjZK%2FYu3xQHSADL%2B4iYcjrtzVrQfiTENDASn%2FNKAv8bMQGrxMtfZIQxtgUbcDDR8DXjZQlttdK9yX0lcTjVLUwgoOkbaLr1QPw%2BXo%2BoxpRZt2w3VSpq3qTJTyFV2PEojeOXsGWeWMlYkX5JYUcBhoU98%2FzdqgOT%2BKj0JZoQ8SzAI6ehg6jdlSjMDTuJwhiWDSoGIobrb5vYlLD9oQrX6ma6tQICF54ZUs%2Fg81VtemQply1bYpkJAg%3D%3D","entryPoint":"createBillingPortalSession","runtime":"nodejs22","dockerRegistry":"ARTIFACT_REGISTRY","labels":{"deployment-tool":"cli-firebase","deployment-callable":"true","firebase-functions-hash":"2b734fd2536973b9b7ef964d880b2d948f20adbd"},"httpsTrigger":{"securityLevel":"SECURE_ALWAYS"},"minInstances":null,"maxInstances":null,"ingressSettings":null,"environmentVariables":{"GA_PROPERTY_ID":"G-6HCB340LRG","FIREBASE_CONFIG":"{\"projectId\":\"rocket-prompt\",\"storageBucket\":\"rocket-prompt.firebasestorage.app\"}","GCLOUD_PROJECT":"rocket-prompt","EVENTARC_CLOUD_EVENT_SOURCE":"projects/rocket-prompt/locations/us-central1/functions/createBillingPortalSession"},"secretEnvironmentVariables":[{"key":"STRIPE_SECRET_KEY","secret":"STRIPE_SECRET_KEY","projectId":"rocket-prompt","version":"2"}],"serviceAccountEmail":null,"availableMemoryMb":null,"timeout":null,"vpcConnector":null,"vpcConnectorEgressSettings":null,"buildEnvironmentVariables":{"GOOGLE_NODE_RUN_SCRIPTS":""}}
[debug] [2026-02-16T01:55:27.067Z] >>> [apiv2][query] PATCH https://cloudfunctions.googleapis.com/v1/projects/rocket-prompt/locations/us-central1/functions/cancelSubscription updateMask=name%2CsourceUploadUrl%2CentryPoint%2Cruntime%2CdockerRegistry%2Clabels%2ChttpsTrigger.securityLevel%2CminInstances%2CmaxInstances%2CingressSettings%2CenvironmentVariables%2CsecretEnvironmentVariables%2CserviceAccountEmail%2CavailableMemoryMb%2Ctimeout%2CvpcConnector%2CvpcConnectorEgressSettings%2CsourceToken%2CbuildEnvironmentVariables
[debug] [2026-02-16T01:55:27.067Z] >>> [apiv2][body] PATCH https://cloudfunctions.googleapis.com/v1/projects/rocket-prompt/locations/us-central1/functions/cancelSubscription {"name":"projects/rocket-prompt/locations/us-central1/functions/cancelSubscription","sourceUploadUrl":"https://storage.googleapis.com/uploads-17286520875.us-central1.cloudfunctions.appspot.com/e6460765-ab51-4992-8a95-38410992706c.zip?GoogleAccessId=service-169050684401@gcf-admin-robot.iam.gserviceaccount.com&Expires=1771205456&Signature=bumF7EQ7rFtyeJ3xEAzgNFGiEFpLle9UqsdRYwFi0t5fl1Aa7zmD6aaG3vAC4diZrzMEy6bsk49SCZTyIbaZzoNttyeYaVldVMjZK%2FYu3xQHSADL%2B4iYcjrtzVrQfiTENDASn%2FNKAv8bMQGrxMtfZIQxtgUbcDDR8DXjZQlttdK9yX0lcTjVLUwgoOkbaLr1QPw%2BXo%2BoxpRZt2w3VSpq3qTJTyFV2PEojeOXsGWeWMlYkX5JYUcBhoU98%2FzdqgOT%2BKj0JZoQ8SzAI6ehg6jdlSjMDTuJwhiWDSoGIobrb5vYlLD9oQrX6ma6tQICF54ZUs%2Fg81VtemQply1bYpkJAg%3D%3D","entryPoint":"cancelSubscription","runtime":"nodejs22","dockerRegistry":"ARTIFACT_REGISTRY","labels":{"deployment-tool":"cli-firebase","deployment-callable":"true","firebase-functions-hash":"2b734fd2536973b9b7ef964d880b2d948f20adbd"},"httpsTrigger":{"securityLevel":"SECURE_ALWAYS"},"minInstances":null,"maxInstances":null,"ingressSettings":null,"environmentVariables":{"GA_PROPERTY_ID":"G-6HCB340LRG","FIREBASE_CONFIG":"{\"projectId\":\"rocket-prompt\",\"storageBucket\":\"rocket-prompt.firebasestorage.app\"}","GCLOUD_PROJECT":"rocket-prompt","EVENTARC_CLOUD_EVENT_SOURCE":"projects/rocket-prompt/locations/us-central1/functions/cancelSubscription"},"secretEnvironmentVariables":[{"key":"STRIPE_SECRET_KEY","secret":"STRIPE_SECRET_KEY","projectId":"rocket-prompt","version":"2"}],"serviceAccountEmail":null,"availableMemoryMb":null,"timeout":null,"vpcConnector":null,"vpcConnectorEgressSettings":null,"buildEnvironmentVariables":{"GOOGLE_NODE_RUN_SCRIPTS":""}}
[debug] [2026-02-16T01:55:27.067Z] >>> [apiv2][query] PATCH https://cloudfunctions.googleapis.com/v1/projects/rocket-prompt/locations/us-central1/functions/reactivateSubscription updateMask=name%2CsourceUploadUrl%2CentryPoint%2Cruntime%2CdockerRegistry%2Clabels%2ChttpsTrigger.securityLevel%2CminInstances%2CmaxInstances%2CingressSettings%2CenvironmentVariables%2CsecretEnvironmentVariables%2CserviceAccountEmail%2CavailableMemoryMb%2Ctimeout%2CvpcConnector%2CvpcConnectorEgressSettings%2CsourceToken%2CbuildEnvironmentVariables
[debug] [2026-02-16T01:55:27.067Z] >>> [apiv2][body] PATCH https://cloudfunctions.googleapis.com/v1/projects/rocket-prompt/locations/us-central1/functions/reactivateSubscription {"name":"projects/rocket-prompt/locations/us-central1/functions/reactivateSubscription","sourceUploadUrl":"https://storage.googleapis.com/uploads-17286520875.us-central1.cloudfunctions.appspot.com/e6460765-ab51-4992-8a95-38410992706c.zip?GoogleAccessId=service-169050684401@gcf-admin-robot.iam.gserviceaccount.com&Expires=1771205456&Signature=bumF7EQ7rFtyeJ3xEAzgNFGiEFpLle9UqsdRYwFi0t5fl1Aa7zmD6aaG3vAC4diZrzMEy6bsk49SCZTyIbaZzoNttyeYaVldVMjZK%2FYu3xQHSADL%2B4iYcjrtzVrQfiTENDASn%2FNKAv8bMQGrxMtfZIQxtgUbcDDR8DXjZQlttdK9yX0lcTjVLUwgoOkbaLr1QPw%2BXo%2BoxpRZt2w3VSpq3qTJTyFV2PEojeOXsGWeWMlYkX5JYUcBhoU98%2FzdqgOT%2BKj0JZoQ8SzAI6ehg6jdlSjMDTuJwhiWDSoGIobrb5vYlLD9oQrX6ma6tQICF54ZUs%2Fg81VtemQply1bYpkJAg%3D%3D","entryPoint":"reactivateSubscription","runtime":"nodejs22","dockerRegistry":"ARTIFACT_REGISTRY","labels":{"deployment-tool":"cli-firebase","deployment-callable":"true","firebase-functions-hash":"2b734fd2536973b9b7ef964d880b2d948f20adbd"},"httpsTrigger":{"securityLevel":"SECURE_ALWAYS"},"minInstances":null,"maxInstances":null,"ingressSettings":null,"environmentVariables":{"GA_PROPERTY_ID":"G-6HCB340LRG","FIREBASE_CONFIG":"{\"projectId\":\"rocket-prompt\",\"storageBucket\":\"rocket-prompt.firebasestorage.app\"}","GCLOUD_PROJECT":"rocket-prompt","EVENTARC_CLOUD_EVENT_SOURCE":"projects/rocket-prompt/locations/us-central1/functions/reactivateSubscription"},"secretEnvironmentVariables":[{"key":"STRIPE_SECRET_KEY","secret":"STRIPE_SECRET_KEY","projectId":"rocket-prompt","version":"2"}],"serviceAccountEmail":null,"availableMemoryMb":null,"timeout":null,"vpcConnector":null,"vpcConnectorEgressSettings":null,"buildEnvironmentVariables":{"GOOGLE_NODE_RUN_SCRIPTS":""}}
[debug] [2026-02-16T01:55:27.068Z] >>> [apiv2][query] PATCH https://cloudfunctions.googleapis.com/v1/projects/rocket-prompt/locations/us-central1/functions/redeemPromoCode updateMask=name%2CsourceUploadUrl%2CentryPoint%2Cruntime%2CdockerRegistry%2Clabels%2ChttpsTrigger.securityLevel%2CminInstances%2CmaxInstances%2CingressSettings%2CenvironmentVariables%2CserviceAccountEmail%2CavailableMemoryMb%2Ctimeout%2CvpcConnector%2CvpcConnectorEgressSettings%2CsourceToken%2CbuildEnvironmentVariables
[debug] [2026-02-16T01:55:27.068Z] >>> [apiv2][body] PATCH https://cloudfunctions.googleapis.com/v1/projects/rocket-prompt/locations/us-central1/functions/redeemPromoCode {"name":"projects/rocket-prompt/locations/us-central1/functions/redeemPromoCode","sourceUploadUrl":"https://storage.googleapis.com/uploads-17286520875.us-central1.cloudfunctions.appspot.com/e6460765-ab51-4992-8a95-38410992706c.zip?GoogleAccessId=service-169050684401@gcf-admin-robot.iam.gserviceaccount.com&Expires=1771205456&Signature=bumF7EQ7rFtyeJ3xEAzgNFGiEFpLle9UqsdRYwFi0t5fl1Aa7zmD6aaG3vAC4diZrzMEy6bsk49SCZTyIbaZzoNttyeYaVldVMjZK%2FYu3xQHSADL%2B4iYcjrtzVrQfiTENDASn%2FNKAv8bMQGrxMtfZIQxtgUbcDDR8DXjZQlttdK9yX0lcTjVLUwgoOkbaLr1QPw%2BXo%2BoxpRZt2w3VSpq3qTJTyFV2PEojeOXsGWeWMlYkX5JYUcBhoU98%2FzdqgOT%2BKj0JZoQ8SzAI6ehg6jdlSjMDTuJwhiWDSoGIobrb5vYlLD9oQrX6ma6tQICF54ZUs%2Fg81VtemQply1bYpkJAg%3D%3D","entryPoint":"redeemPromoCode","runtime":"nodejs22","dockerRegistry":"ARTIFACT_REGISTRY","labels":{"deployment-tool":"cli-firebase","deployment-callable":"true","firebase-functions-hash":"41bc74008db6748b3d763b884d070ba33406658c"},"httpsTrigger":{"securityLevel":"SECURE_ALWAYS"},"minInstances":null,"maxInstances":null,"ingressSettings":null,"environmentVariables":{"GA_PROPERTY_ID":"G-6HCB340LRG","FIREBASE_CONFIG":"{\"projectId\":\"rocket-prompt\",\"storageBucket\":\"rocket-prompt.firebasestorage.app\"}","GCLOUD_PROJECT":"rocket-prompt","EVENTARC_CLOUD_EVENT_SOURCE":"projects/rocket-prompt/locations/us-central1/functions/redeemPromoCode"},"serviceAccountEmail":null,"availableMemoryMb":null,"timeout":null,"vpcConnector":null,"vpcConnectorEgressSettings":null,"buildEnvironmentVariables":{"GOOGLE_NODE_RUN_SCRIPTS":""}}
[debug] [2026-02-16T01:55:27.069Z] >>> [apiv2][query] PATCH https://cloudfunctions.googleapis.com/v1/projects/rocket-prompt/locations/us-central1/functions/scheduleDemoEmail updateMask=name%2CsourceUploadUrl%2CentryPoint%2Cruntime%2CdockerRegistry%2Clabels%2ChttpsTrigger.securityLevel%2CminInstances%2CmaxInstances%2CingressSettings%2CenvironmentVariables%2CsecretEnvironmentVariables%2CserviceAccountEmail%2CavailableMemoryMb%2Ctimeout%2CvpcConnector%2CvpcConnectorEgressSettings%2CsourceToken%2CbuildEnvironmentVariables
[debug] [2026-02-16T01:55:27.069Z] >>> [apiv2][body] PATCH https://cloudfunctions.googleapis.com/v1/projects/rocket-prompt/locations/us-central1/functions/scheduleDemoEmail {"name":"projects/rocket-prompt/locations/us-central1/functions/scheduleDemoEmail","sourceUploadUrl":"https://storage.googleapis.com/uploads-17286520875.us-central1.cloudfunctions.appspot.com/e6460765-ab51-4992-8a95-38410992706c.zip?GoogleAccessId=service-169050684401@gcf-admin-robot.iam.gserviceaccount.com&Expires=1771205456&Signature=bumF7EQ7rFtyeJ3xEAzgNFGiEFpLle9UqsdRYwFi0t5fl1Aa7zmD6aaG3vAC4diZrzMEy6bsk49SCZTyIbaZzoNttyeYaVldVMjZK%2FYu3xQHSADL%2B4iYcjrtzVrQfiTENDASn%2FNKAv8bMQGrxMtfZIQxtgUbcDDR8DXjZQlttdK9yX0lcTjVLUwgoOkbaLr1QPw%2BXo%2BoxpRZt2w3VSpq3qTJTyFV2PEojeOXsGWeWMlYkX5JYUcBhoU98%2FzdqgOT%2BKj0JZoQ8SzAI6ehg6jdlSjMDTuJwhiWDSoGIobrb5vYlLD9oQrX6ma6tQICF54ZUs%2Fg81VtemQply1bYpkJAg%3D%3D","entryPoint":"scheduleDemoEmail","runtime":"nodejs22","dockerRegistry":"ARTIFACT_REGISTRY","labels":{"deployment-tool":"cli-firebase","deployment-callable":"true","firebase-functions-hash":"618a15276845177c7983eb5c1f991571ba8e7902"},"httpsTrigger":{"securityLevel":"SECURE_ALWAYS"},"minInstances":null,"maxInstances":null,"ingressSettings":null,"environmentVariables":{"GA_PROPERTY_ID":"G-6HCB340LRG","FIREBASE_CONFIG":"{\"projectId\":\"rocket-prompt\",\"storageBucket\":\"rocket-prompt.firebasestorage.app\"}","GCLOUD_PROJECT":"rocket-prompt","EVENTARC_CLOUD_EVENT_SOURCE":"projects/rocket-prompt/locations/us-central1/functions/scheduleDemoEmail"},"secretEnvironmentVariables":[{"key":"SENDGRID_API_KEY","secret":"SENDGRID_API_KEY","projectId":"rocket-prompt","version":"3"}],"serviceAccountEmail":null,"availableMemoryMb":null,"timeout":null,"vpcConnector":null,"vpcConnectorEgressSettings":null,"buildEnvironmentVariables":{"GOOGLE_NODE_RUN_SCRIPTS":""}}
[debug] [2026-02-16T01:55:27.070Z] >>> [apiv2][query] PATCH https://cloudfunctions.googleapis.com/v1/projects/rocket-prompt/locations/us-central1/functions/getScheduledReminders updateMask=name%2CsourceUploadUrl%2CentryPoint%2Cruntime%2CdockerRegistry%2Clabels%2ChttpsTrigger.securityLevel%2CminInstances%2CmaxInstances%2CingressSettings%2CenvironmentVariables%2CsecretEnvironmentVariables%2CserviceAccountEmail%2CavailableMemoryMb%2Ctimeout%2CvpcConnector%2CvpcConnectorEgressSettings%2CsourceToken%2CbuildEnvironmentVariables
[debug] [2026-02-16T01:55:27.070Z] >>> [apiv2][body] PATCH https://cloudfunctions.googleapis.com/v1/projects/rocket-prompt/locations/us-central1/functions/getScheduledReminders {"name":"projects/rocket-prompt/locations/us-central1/functions/getScheduledReminders","sourceUploadUrl":"https://storage.googleapis.com/uploads-17286520875.us-central1.cloudfunctions.appspot.com/e6460765-ab51-4992-8a95-38410992706c.zip?GoogleAccessId=service-169050684401@gcf-admin-robot.iam.gserviceaccount.com&Expires=1771205456&Signature=bumF7EQ7rFtyeJ3xEAzgNFGiEFpLle9UqsdRYwFi0t5fl1Aa7zmD6aaG3vAC4diZrzMEy6bsk49SCZTyIbaZzoNttyeYaVldVMjZK%2FYu3xQHSADL%2B4iYcjrtzVrQfiTENDASn%2FNKAv8bMQGrxMtfZIQxtgUbcDDR8DXjZQlttdK9yX0lcTjVLUwgoOkbaLr1QPw%2BXo%2BoxpRZt2w3VSpq3qTJTyFV2PEojeOXsGWeWMlYkX5JYUcBhoU98%2FzdqgOT%2BKj0JZoQ8SzAI6ehg6jdlSjMDTuJwhiWDSoGIobrb5vYlLD9oQrX6ma6tQICF54ZUs%2Fg81VtemQply1bYpkJAg%3D%3D","entryPoint":"getScheduledReminders","runtime":"nodejs22","dockerRegistry":"ARTIFACT_REGISTRY","labels":{"deployment-tool":"cli-firebase","deployment-callable":"true","firebase-functions-hash":"41bc74008db6748b3d763b884d070ba33406658c"},"httpsTrigger":{"securityLevel":"SECURE_ALWAYS"},"minInstances":null,"maxInstances":null,"ingressSettings":null,"environmentVariables":{"GA_PROPERTY_ID":"G-6HCB340LRG","FIREBASE_CONFIG":"{\"projectId\":\"rocket-prompt\",\"storageBucket\":\"rocket-prompt.firebasestorage.app\"}","GCLOUD_PROJECT":"rocket-prompt","EVENTARC_CLOUD_EVENT_SOURCE":"projects/rocket-prompt/locations/us-central1/functions/getScheduledReminders"},"secretEnvironmentVariables":[],"serviceAccountEmail":null,"availableMemoryMb":null,"timeout":null,"vpcConnector":null,"vpcConnectorEgressSettings":null,"buildEnvironmentVariables":{"GOOGLE_NODE_RUN_SCRIPTS":""}}
[debug] [2026-02-16T01:55:27.070Z] >>> [apiv2][query] PATCH https://cloudfunctions.googleapis.com/v1/projects/rocket-prompt/locations/us-central1/functions/addScheduledReminder updateMask=name%2CsourceUploadUrl%2CentryPoint%2Cruntime%2CdockerRegistry%2Clabels%2ChttpsTrigger.securityLevel%2CminInstances%2CmaxInstances%2CingressSettings%2CenvironmentVariables%2CsecretEnvironmentVariables%2CserviceAccountEmail%2CavailableMemoryMb%2Ctimeout%2CvpcConnector%2CvpcConnectorEgressSettings%2CsourceToken%2CbuildEnvironmentVariables
[debug] [2026-02-16T01:55:27.070Z] >>> [apiv2][body] PATCH https://cloudfunctions.googleapis.com/v1/projects/rocket-prompt/locations/us-central1/functions/addScheduledReminder {"name":"projects/rocket-prompt/locations/us-central1/functions/addScheduledReminder","sourceUploadUrl":"https://storage.googleapis.com/uploads-17286520875.us-central1.cloudfunctions.appspot.com/e6460765-ab51-4992-8a95-38410992706c.zip?GoogleAccessId=service-169050684401@gcf-admin-robot.iam.gserviceaccount.com&Expires=1771205456&Signature=bumF7EQ7rFtyeJ3xEAzgNFGiEFpLle9UqsdRYwFi0t5fl1Aa7zmD6aaG3vAC4diZrzMEy6bsk49SCZTyIbaZzoNttyeYaVldVMjZK%2FYu3xQHSADL%2B4iYcjrtzVrQfiTENDASn%2FNKAv8bMQGrxMtfZIQxtgUbcDDR8DXjZQlttdK9yX0lcTjVLUwgoOkbaLr1QPw%2BXo%2BoxpRZt2w3VSpq3qTJTyFV2PEojeOXsGWeWMlYkX5JYUcBhoU98%2FzdqgOT%2BKj0JZoQ8SzAI6ehg6jdlSjMDTuJwhiWDSoGIobrb5vYlLD9oQrX6ma6tQICF54ZUs%2Fg81VtemQply1bYpkJAg%3D%3D","entryPoint":"addScheduledReminder","runtime":"nodejs22","dockerRegistry":"ARTIFACT_REGISTRY","labels":{"deployment-tool":"cli-firebase","deployment-callable":"true","firebase-functions-hash":"41bc74008db6748b3d763b884d070ba33406658c"},"httpsTrigger":{"securityLevel":"SECURE_ALWAYS"},"minInstances":null,"maxInstances":null,"ingressSettings":null,"environmentVariables":{"GA_PROPERTY_ID":"G-6HCB340LRG","FIREBASE_CONFIG":"{\"projectId\":\"rocket-prompt\",\"storageBucket\":\"rocket-prompt.firebasestorage.app\"}","GCLOUD_PROJECT":"rocket-prompt","EVENTARC_CLOUD_EVENT_SOURCE":"projects/rocket-prompt/locations/us-central1/functions/addScheduledReminder"},"secretEnvironmentVariables":[],"serviceAccountEmail":null,"availableMemoryMb":null,"timeout":null,"vpcConnector":null,"vpcConnectorEgressSettings":null,"buildEnvironmentVariables":{"GOOGLE_NODE_RUN_SCRIPTS":""}}
[debug] [2026-02-16T01:55:27.071Z] >>> [apiv2][query] PATCH https://cloudfunctions.googleapis.com/v1/projects/rocket-prompt/locations/us-central1/functions/updateScheduledReminder updateMask=name%2CsourceUploadUrl%2CentryPoint%2Cruntime%2CdockerRegistry%2Clabels%2ChttpsTrigger.securityLevel%2CminInstances%2CmaxInstances%2CingressSettings%2CenvironmentVariables%2CsecretEnvironmentVariables%2CserviceAccountEmail%2CavailableMemoryMb%2Ctimeout%2CvpcConnector%2CvpcConnectorEgressSettings%2CsourceToken%2CbuildEnvironmentVariables
[debug] [2026-02-16T01:55:27.071Z] >>> [apiv2][body] PATCH https://cloudfunctions.googleapis.com/v1/projects/rocket-prompt/locations/us-central1/functions/updateScheduledReminder {"name":"projects/rocket-prompt/locations/us-central1/functions/updateScheduledReminder","sourceUploadUrl":"https://storage.googleapis.com/uploads-17286520875.us-central1.cloudfunctions.appspot.com/e6460765-ab51-4992-8a95-38410992706c.zip?GoogleAccessId=service-169050684401@gcf-admin-robot.iam.gserviceaccount.com&Expires=1771205456&Signature=bumF7EQ7rFtyeJ3xEAzgNFGiEFpLle9UqsdRYwFi0t5fl1Aa7zmD6aaG3vAC4diZrzMEy6bsk49SCZTyIbaZzoNttyeYaVldVMjZK%2FYu3xQHSADL%2B4iYcjrtzVrQfiTENDASn%2FNKAv8bMQGrxMtfZIQxtgUbcDDR8DXjZQlttdK9yX0lcTjVLUwgoOkbaLr1QPw%2BXo%2BoxpRZt2w3VSpq3qTJTyFV2PEojeOXsGWeWMlYkX5JYUcBhoU98%2FzdqgOT%2BKj0JZoQ8SzAI6ehg6jdlSjMDTuJwhiWDSoGIobrb5vYlLD9oQrX6ma6tQICF54ZUs%2Fg81VtemQply1bYpkJAg%3D%3D","entryPoint":"updateScheduledReminder","runtime":"nodejs22","dockerRegistry":"ARTIFACT_REGISTRY","labels":{"deployment-tool":"cli-firebase","deployment-callable":"true","firebase-functions-hash":"41bc74008db6748b3d763b884d070ba33406658c"},"httpsTrigger":{"securityLevel":"SECURE_ALWAYS"},"minInstances":null,"maxInstances":null,"ingressSettings":null,"environmentVariables":{"GA_PROPERTY_ID":"G-6HCB340LRG","FIREBASE_CONFIG":"{\"projectId\":\"rocket-prompt\",\"storageBucket\":\"rocket-prompt.firebasestorage.app\"}","GCLOUD_PROJECT":"rocket-prompt","EVENTARC_CLOUD_EVENT_SOURCE":"projects/rocket-prompt/locations/us-central1/functions/updateScheduledReminder"},"secretEnvironmentVariables":[],"serviceAccountEmail":null,"availableMemoryMb":null,"timeout":null,"vpcConnector":null,"vpcConnectorEgressSettings":null,"buildEnvironmentVariables":{"GOOGLE_NODE_RUN_SCRIPTS":""}}
[error] Failed to verify the provided Cloud Storage Signed URL
[debug] [2026-02-16T01:55:27.073Z] Checked if tokens are valid: true, expires at: 1771210524661
[debug] [2026-02-16T01:55:27.073Z] Checked if tokens are valid: true, expires at: 1771210524661
[debug] [2026-02-16T01:55:27.073Z] >>> [apiv2][query] PATCH https://cloudfunctions.googleapis.com/v1/projects/rocket-prompt/locations/us-central1/functions/deleteScheduledReminder updateMask=name%2CsourceUploadUrl%2CentryPoint%2Cruntime%2CdockerRegistry%2Clabels%2ChttpsTrigger.securityLevel%2CminInstances%2CmaxInstances%2CingressSettings%2CenvironmentVariables%2CsecretEnvironmentVariables%2CserviceAccountEmail%2CavailableMemoryMb%2Ctimeout%2CvpcConnector%2CvpcConnectorEgressSettings%2CsourceToken%2CbuildEnvironmentVariables
[debug] [2026-02-16T01:55:27.073Z] >>> [apiv2][body] PATCH https://cloudfunctions.googleapis.com/v1/projects/rocket-prompt/locations/us-central1/functions/deleteScheduledReminder {"name":"projects/rocket-prompt/locations/us-central1/functions/deleteScheduledReminder","sourceUploadUrl":"https://storage.googleapis.com/uploads-17286520875.us-central1.cloudfunctions.appspot.com/e6460765-ab51-4992-8a95-38410992706c.zip?GoogleAccessId=service-169050684401@gcf-admin-robot.iam.gserviceaccount.com&Expires=1771205456&Signature=bumF7EQ7rFtyeJ3xEAzgNFGiEFpLle9UqsdRYwFi0t5fl1Aa7zmD6aaG3vAC4diZrzMEy6bsk49SCZTyIbaZzoNttyeYaVldVMjZK%2FYu3xQHSADL%2B4iYcjrtzVrQfiTENDASn%2FNKAv8bMQGrxMtfZIQxtgUbcDDR8DXjZQlttdK9yX0lcTjVLUwgoOkbaLr1QPw%2BXo%2BoxpRZt2w3VSpq3qTJTyFV2PEojeOXsGWeWMlYkX5JYUcBhoU98%2FzdqgOT%2BKj0JZoQ8SzAI6ehg6jdlSjMDTuJwhiWDSoGIobrb5vYlLD9oQrX6ma6tQICF54ZUs%2Fg81VtemQply1bYpkJAg%3D%3D","entryPoint":"deleteScheduledReminder","runtime":"nodejs22","dockerRegistry":"ARTIFACT_REGISTRY","labels":{"deployment-tool":"cli-firebase","deployment-callable":"true","firebase-functions-hash":"41bc74008db6748b3d763b884d070ba33406658c"},"httpsTrigger":{"securityLevel":"SECURE_ALWAYS"},"minInstances":null,"maxInstances":null,"ingressSettings":null,"environmentVariables":{"GA_PROPERTY_ID":"G-6HCB340LRG","FIREBASE_CONFIG":"{\"projectId\":\"rocket-prompt\",\"storageBucket\":\"rocket-prompt.firebasestorage.app\"}","GCLOUD_PROJECT":"rocket-prompt","EVENTARC_CLOUD_EVENT_SOURCE":"projects/rocket-prompt/locations/us-central1/functions/deleteScheduledReminder"},"secretEnvironmentVariables":[],"serviceAccountEmail":null,"availableMemoryMb":null,"timeout":null,"vpcConnector":null,"vpcConnectorEgressSettings":null,"buildEnvironmentVariables":{"GOOGLE_NODE_RUN_SCRIPTS":""}}
[debug] [2026-02-16T01:55:27.078Z] <<< [apiv2][status] GET https://cloudfunctions.googleapis.com/v1/operations/cm9ja2V0LXByb21wdC91cy1jZW50cmFsMS9zZW5kQnVsa0dvYWxSZW1pbmRlcnMvb1lNV0RNUGVBZHc 200
[debug] [2026-02-16T01:55:27.078Z] <<< [apiv2][body] GET https://cloudfunctions.googleapis.com/v1/operations/cm9ja2V0LXByb21wdC91cy1jZW50cmFsMS9zZW5kQnVsa0dvYWxSZW1pbmRlcnMvb1lNV0RNUGVBZHc {"name":"operations/cm9ja2V0LXByb21wdC91cy1jZW50cmFsMS9zZW5kQnVsa0dvYWxSZW1pbmRlcnMvb1lNV0RNUGVBZHc","metadata":{"@type":"type.googleapis.com/google.cloud.functions.v1.OperationMetadataV1","target":"projects/rocket-prompt/locations/us-central1/functions/sendBulkGoalReminders","type":"UPDATE_FUNCTION","request":{"@type":"type.googleapis.com/google.cloud.functions.v1.CloudFunction","name":"projects/rocket-prompt/locations/us-central1/functions/sendBulkGoalReminders","httpsTrigger":{"url":"https://us-central1-rocket-prompt.cloudfunctions.net/sendBulkGoalReminders","securityLevel":"SECURE_ALWAYS"},"status":"ACTIVE","entryPoint":"sendBulkGoalReminders","timeout":"540s","availableMemoryMb":512,"updateTime":"2026-02-12T16:30:54.262Z","versionId":"30","labels":{"deployment-tool":"cli-firebase","deployment-callable":"true","firebase-functions-hash":"618a15276845177c7983eb5c1f991571ba8e7902"},"sourceUploadUrl":"https://storage.googleapis.com/uploads-17286520875.us-central1.cloudfunctions.appspot.com/e6460765-ab51-4992-8a95-38410992706c.zip?GoogleAccessId=service-169050684401@gcf-admin-robot.iam.gserviceaccount.com&Expires=1771205456&Signature=bumF7EQ7rFtyeJ3xEAzgNFGiEFpLle9UqsdRYwFi0t5fl1Aa7zmD6aaG3vAC4diZrzMEy6bsk49SCZTyIbaZzoNttyeYaVldVMjZK%2FYu3xQHSADL%2B4iYcjrtzVrQfiTENDASn%2FNKAv8bMQGrxMtfZIQxtgUbcDDR8DXjZQlttdK9yX0lcTjVLUwgoOkbaLr1QPw%2BXo%2BoxpRZt2w3VSpq3qTJTyFV2PEojeOXsGWeWMlYkX5JYUcBhoU98%2FzdqgOT%2BKj0JZoQ8SzAI6ehg6jdlSjMDTuJwhiWDSoGIobrb5vYlLD9oQrX6ma6tQICF54ZUs%2Fg81VtemQply1bYpkJAg%3D%3D","environmentVariables":{"GA_PROPERTY_ID":"G-6HCB340LRG","FIREBASE_CONFIG":"{\"projectId\":\"rocket-prompt\",\"storageBucket\":\"rocket-prompt.firebasestorage.app\"}","GCLOUD_PROJECT":"rocket-prompt","EVENTARC_CLOUD_EVENT_SOURCE":"projects/rocket-prompt/locations/us-central1/functions/sendBulkGoalReminders"},"runtime":"nodejs22","buildId":"143cbe67-682a-4ca1-85c0-3897bd88aa23","buildEnvironmentVariables":{"GOOGLE_NODE_RUN_SCRIPTS":""},"secretEnvironmentVariables":[{"key":"SENDGRID_API_KEY","projectId":"rocket-prompt","secret":"SENDGRID_API_KEY","version":"3"}],"buildName":"projects/169050684401/locations/us-central1/builds/143cbe67-682a-4ca1-85c0-3897bd88aa23","dockerRegistry":"ARTIFACT_REGISTRY","automaticUpdatePolicy":{},"buildServiceAccount":"projects/rocket-prompt/serviceAccounts/169050684401-compute@developer.gserviceaccount.com"},"versionId":"31","updateTime":"2026-02-16T01:55:26Z"},"done":true,"error":{"code":3,"message":"Failed to verify the provided Cloud Storage Signed URL"}}
[debug] [2026-02-16T01:55:27.078Z] Got source token undefined for region us-central1
[debug] [2026-02-16T01:55:27.078Z] Checked if tokens are valid: true, expires at: 1771210524661
[debug] [2026-02-16T01:55:27.078Z] Checked if tokens are valid: true, expires at: 1771210524661
[debug] [2026-02-16T01:55:27.078Z] Checked if tokens are valid: true, expires at: 1771210524661
[debug] [2026-02-16T01:55:27.078Z] Checked if tokens are valid: true, expires at: 1771210524661
[debug] [2026-02-16T01:55:27.078Z] Checked if tokens are valid: true, expires at: 1771210524661
[debug] [2026-02-16T01:55:27.078Z] Checked if tokens are valid: true, expires at: 1771210524661
[debug] [2026-02-16T01:55:27.079Z] >>> [apiv2][query] PATCH https://cloudfunctions.googleapis.com/v1/projects/rocket-prompt/locations/us-central1/functions/processScheduledReminders updateMask=name%2CsourceUploadUrl%2CentryPoint%2Cruntime%2CdockerRegistry%2Clabels%2CeventTrigger.eventType%2CeventTrigger.resource%2CminInstances%2CmaxInstances%2CingressSettings%2CenvironmentVariables%2CsecretEnvironmentVariables%2CserviceAccountEmail%2CavailableMemoryMb%2Ctimeout%2CvpcConnector%2CvpcConnectorEgressSettings%2CsourceToken%2CbuildEnvironmentVariables
[debug] [2026-02-16T01:55:27.079Z] >>> [apiv2][body] PATCH https://cloudfunctions.googleapis.com/v1/projects/rocket-prompt/locations/us-central1/functions/processScheduledReminders {"name":"projects/rocket-prompt/locations/us-central1/functions/processScheduledReminders","sourceUploadUrl":"https://storage.googleapis.com/uploads-17286520875.us-central1.cloudfunctions.appspot.com/e6460765-ab51-4992-8a95-38410992706c.zip?GoogleAccessId=service-169050684401@gcf-admin-robot.iam.gserviceaccount.com&Expires=1771205456&Signature=bumF7EQ7rFtyeJ3xEAzgNFGiEFpLle9UqsdRYwFi0t5fl1Aa7zmD6aaG3vAC4diZrzMEy6bsk49SCZTyIbaZzoNttyeYaVldVMjZK%2FYu3xQHSADL%2B4iYcjrtzVrQfiTENDASn%2FNKAv8bMQGrxMtfZIQxtgUbcDDR8DXjZQlttdK9yX0lcTjVLUwgoOkbaLr1QPw%2BXo%2BoxpRZt2w3VSpq3qTJTyFV2PEojeOXsGWeWMlYkX5JYUcBhoU98%2FzdqgOT%2BKj0JZoQ8SzAI6ehg6jdlSjMDTuJwhiWDSoGIobrb5vYlLD9oQrX6ma6tQICF54ZUs%2Fg81VtemQply1bYpkJAg%3D%3D","entryPoint":"processScheduledReminders","runtime":"nodejs22","dockerRegistry":"ARTIFACT_REGISTRY","labels":{"deployment-tool":"cli-firebase","deployment-scheduled":"true","firebase-functions-hash":"618a15276845177c7983eb5c1f991571ba8e7902"},"eventTrigger":{"eventType":"google.pubsub.topic.publish","resource":"projects/rocket-prompt/topics/firebase-schedule-processScheduledReminders-us-central1"},"minInstances":null,"maxInstances":null,"ingressSettings":null,"environmentVariables":{"GA_PROPERTY_ID":"G-6HCB340LRG","FIREBASE_CONFIG":"{\"projectId\":\"rocket-prompt\",\"storageBucket\":\"rocket-prompt.firebasestorage.app\"}","GCLOUD_PROJECT":"rocket-prompt","EVENTARC_CLOUD_EVENT_SOURCE":"projects/rocket-prompt/locations/us-central1/functions/processScheduledReminders"},"secretEnvironmentVariables":[{"key":"SENDGRID_API_KEY","secret":"SENDGRID_API_KEY","projectId":"rocket-prompt","version":"3"}],"serviceAccountEmail":null,"availableMemoryMb":512,"timeout":"540s","vpcConnector":null,"vpcConnectorEgressSettings":null,"buildEnvironmentVariables":{"GOOGLE_NODE_RUN_SCRIPTS":""}}
[debug] [2026-02-16T01:55:27.079Z] >>> [apiv2][query] PATCH https://cloudfunctions.googleapis.com/v1/projects/rocket-prompt/locations/us-central1/functions/processWeeklyResets updateMask=name%2CsourceUploadUrl%2CentryPoint%2Cruntime%2CdockerRegistry%2Clabels%2CeventTrigger.eventType%2CeventTrigger.resource%2CminInstances%2CmaxInstances%2CingressSettings%2CenvironmentVariables%2CsecretEnvironmentVariables%2CserviceAccountEmail%2CavailableMemoryMb%2Ctimeout%2CvpcConnector%2CvpcConnectorEgressSettings%2CsourceToken%2CbuildEnvironmentVariables
[debug] [2026-02-16T01:55:27.079Z] >>> [apiv2][body] PATCH https://cloudfunctions.googleapis.com/v1/projects/rocket-prompt/locations/us-central1/functions/processWeeklyResets {"name":"projects/rocket-prompt/locations/us-central1/functions/processWeeklyResets","sourceUploadUrl":"https://storage.googleapis.com/uploads-17286520875.us-central1.cloudfunctions.appspot.com/e6460765-ab51-4992-8a95-38410992706c.zip?GoogleAccessId=service-169050684401@gcf-admin-robot.iam.gserviceaccount.com&Expires=1771205456&Signature=bumF7EQ7rFtyeJ3xEAzgNFGiEFpLle9UqsdRYwFi0t5fl1Aa7zmD6aaG3vAC4diZrzMEy6bsk49SCZTyIbaZzoNttyeYaVldVMjZK%2FYu3xQHSADL%2B4iYcjrtzVrQfiTENDASn%2FNKAv8bMQGrxMtfZIQxtgUbcDDR8DXjZQlttdK9yX0lcTjVLUwgoOkbaLr1QPw%2BXo%2BoxpRZt2w3VSpq3qTJTyFV2PEojeOXsGWeWMlYkX5JYUcBhoU98%2FzdqgOT%2BKj0JZoQ8SzAI6ehg6jdlSjMDTuJwhiWDSoGIobrb5vYlLD9oQrX6ma6tQICF54ZUs%2Fg81VtemQply1bYpkJAg%3D%3D","entryPoint":"processWeeklyResets","runtime":"nodejs22","dockerRegistry":"ARTIFACT_REGISTRY","labels":{"deployment-tool":"cli-firebase","deployment-scheduled":"true","firebase-functions-hash":"618a15276845177c7983eb5c1f991571ba8e7902"},"eventTrigger":{"eventType":"google.pubsub.topic.publish","resource":"projects/rocket-prompt/topics/firebase-schedule-processWeeklyResets-us-central1"},"minInstances":null,"maxInstances":null,"ingressSettings":null,"environmentVariables":{"GA_PROPERTY_ID":"G-6HCB340LRG","FIREBASE_CONFIG":"{\"projectId\":\"rocket-prompt\",\"storageBucket\":\"rocket-prompt.firebasestorage.app\"}","GCLOUD_PROJECT":"rocket-prompt","EVENTARC_CLOUD_EVENT_SOURCE":"projects/rocket-prompt/locations/us-central1/functions/processWeeklyResets"},"secretEnvironmentVariables":[{"key":"SENDGRID_API_KEY","secret":"SENDGRID_API_KEY","projectId":"rocket-prompt","version":"3"}],"serviceAccountEmail":null,"availableMemoryMb":512,"timeout":"540s","vpcConnector":null,"vpcConnectorEgressSettings":null,"buildEnvironmentVariables":{"GOOGLE_NODE_RUN_SCRIPTS":""}}
[debug] [2026-02-16T01:55:27.079Z] >>> [apiv2][query] PATCH https://cloudfunctions.googleapis.com/v1/projects/rocket-prompt/locations/us-central1/functions/runWeeklyResetTest updateMask=name%2CsourceUploadUrl%2CentryPoint%2Cruntime%2CdockerRegistry%2Clabels%2ChttpsTrigger.securityLevel%2CminInstances%2CmaxInstances%2CingressSettings%2CenvironmentVariables%2CsecretEnvironmentVariables%2CserviceAccountEmail%2CavailableMemoryMb%2Ctimeout%2CvpcConnector%2CvpcConnectorEgressSettings%2CsourceToken%2CbuildEnvironmentVariables
[debug] [2026-02-16T01:55:27.079Z] >>> [apiv2][body] PATCH https://cloudfunctions.googleapis.com/v1/projects/rocket-prompt/locations/us-central1/functions/runWeeklyResetTest {"name":"projects/rocket-prompt/locations/us-central1/functions/runWeeklyResetTest","sourceUploadUrl":"https://storage.googleapis.com/uploads-17286520875.us-central1.cloudfunctions.appspot.com/e6460765-ab51-4992-8a95-38410992706c.zip?GoogleAccessId=service-169050684401@gcf-admin-robot.iam.gserviceaccount.com&Expires=1771205456&Signature=bumF7EQ7rFtyeJ3xEAzgNFGiEFpLle9UqsdRYwFi0t5fl1Aa7zmD6aaG3vAC4diZrzMEy6bsk49SCZTyIbaZzoNttyeYaVldVMjZK%2FYu3xQHSADL%2B4iYcjrtzVrQfiTENDASn%2FNKAv8bMQGrxMtfZIQxtgUbcDDR8DXjZQlttdK9yX0lcTjVLUwgoOkbaLr1QPw%2BXo%2BoxpRZt2w3VSpq3qTJTyFV2PEojeOXsGWeWMlYkX5JYUcBhoU98%2FzdqgOT%2BKj0JZoQ8SzAI6ehg6jdlSjMDTuJwhiWDSoGIobrb5vYlLD9oQrX6ma6tQICF54ZUs%2Fg81VtemQply1bYpkJAg%3D%3D","entryPoint":"runWeeklyResetTest","runtime":"nodejs22","dockerRegistry":"ARTIFACT_REGISTRY","labels":{"deployment-tool":"cli-firebase","deployment-callable":"true","firebase-functions-hash":"618a15276845177c7983eb5c1f991571ba8e7902"},"httpsTrigger":{"securityLevel":"SECURE_ALWAYS"},"minInstances":null,"maxInstances":null,"ingressSettings":null,"environmentVariables":{"GA_PROPERTY_ID":"G-6HCB340LRG","FIREBASE_CONFIG":"{\"projectId\":\"rocket-prompt\",\"storageBucket\":\"rocket-prompt.firebasestorage.app\"}","GCLOUD_PROJECT":"rocket-prompt","EVENTARC_CLOUD_EVENT_SOURCE":"projects/rocket-prompt/locations/us-central1/functions/runWeeklyResetTest"},"secretEnvironmentVariables":[{"key":"SENDGRID_API_KEY","secret":"SENDGRID_API_KEY","projectId":"rocket-prompt","version":"3"}],"serviceAccountEmail":null,"availableMemoryMb":512,"timeout":"540s","vpcConnector":null,"vpcConnectorEgressSettings":null,"buildEnvironmentVariables":{"GOOGLE_NODE_RUN_SCRIPTS":""}}
[error] Failed to verify the provided Cloud Storage Signed URL
[debug] [2026-02-16T01:55:27.080Z] Checked if tokens are valid: true, expires at: 1771210524661
[debug] [2026-02-16T01:55:27.080Z] Checked if tokens are valid: true, expires at: 1771210524661
[debug] [2026-02-16T01:55:27.080Z] >>> [apiv2][query] PATCH https://cloudfunctions.googleapis.com/v1/projects/rocket-prompt/locations/us-central1/functions/getDefaultEmailTemplate updateMask=name%2CsourceUploadUrl%2CentryPoint%2Cruntime%2CdockerRegistry%2Clabels%2ChttpsTrigger.securityLevel%2CminInstances%2CmaxInstances%2CingressSettings%2CenvironmentVariables%2CsecretEnvironmentVariables%2CserviceAccountEmail%2CavailableMemoryMb%2Ctimeout%2CvpcConnector%2CvpcConnectorEgressSettings%2CsourceToken%2CbuildEnvironmentVariables
[debug] [2026-02-16T01:55:27.080Z] >>> [apiv2][body] PATCH https://cloudfunctions.googleapis.com/v1/projects/rocket-prompt/locations/us-central1/functions/getDefaultEmailTemplate {"name":"projects/rocket-prompt/locations/us-central1/functions/getDefaultEmailTemplate","sourceUploadUrl":"https://storage.googleapis.com/uploads-17286520875.us-central1.cloudfunctions.appspot.com/e6460765-ab51-4992-8a95-38410992706c.zip?GoogleAccessId=service-169050684401@gcf-admin-robot.iam.gserviceaccount.com&Expires=1771205456&Signature=bumF7EQ7rFtyeJ3xEAzgNFGiEFpLle9UqsdRYwFi0t5fl1Aa7zmD6aaG3vAC4diZrzMEy6bsk49SCZTyIbaZzoNttyeYaVldVMjZK%2FYu3xQHSADL%2B4iYcjrtzVrQfiTENDASn%2FNKAv8bMQGrxMtfZIQxtgUbcDDR8DXjZQlttdK9yX0lcTjVLUwgoOkbaLr1QPw%2BXo%2BoxpRZt2w3VSpq3qTJTyFV2PEojeOXsGWeWMlYkX5JYUcBhoU98%2FzdqgOT%2BKj0JZoQ8SzAI6ehg6jdlSjMDTuJwhiWDSoGIobrb5vYlLD9oQrX6ma6tQICF54ZUs%2Fg81VtemQply1bYpkJAg%3D%3D","entryPoint":"getDefaultEmailTemplate","runtime":"nodejs22","dockerRegistry":"ARTIFACT_REGISTRY","labels":{"deployment-tool":"cli-firebase","deployment-callable":"true","firebase-functions-hash":"41bc74008db6748b3d763b884d070ba33406658c"},"httpsTrigger":{"securityLevel":"SECURE_ALWAYS"},"minInstances":null,"maxInstances":null,"ingressSettings":null,"environmentVariables":{"GA_PROPERTY_ID":"G-6HCB340LRG","FIREBASE_CONFIG":"{\"projectId\":\"rocket-prompt\",\"storageBucket\":\"rocket-prompt.firebasestorage.app\"}","GCLOUD_PROJECT":"rocket-prompt","EVENTARC_CLOUD_EVENT_SOURCE":"projects/rocket-prompt/locations/us-central1/functions/getDefaultEmailTemplate"},"secretEnvironmentVariables":[],"serviceAccountEmail":null,"availableMemoryMb":null,"timeout":null,"vpcConnector":null,"vpcConnectorEgressSettings":null,"buildEnvironmentVariables":{"GOOGLE_NODE_RUN_SCRIPTS":""}}
[debug] [2026-02-16T01:55:27.082Z] <<< [apiv2][status] PATCH https://cloudfunctions.googleapis.com/v2/projects/rocket-prompt/locations/us-central1/functions/initiateHeyGenVideo 200
[debug] [2026-02-16T01:55:27.082Z] <<< [apiv2][body] PATCH https://cloudfunctions.googleapis.com/v2/projects/rocket-prompt/locations/us-central1/functions/initiateHeyGenVideo {"name":"projects/rocket-prompt/locations/us-central1/operations/operation-1771206926013-64ae73fa615b0-1080109a-a8262c3f","metadata":{"@type":"type.googleapis.com/google.cloud.functions.v2.OperationMetadata","createTime":"2026-02-16T01:55:27.031705695Z","target":"projects/rocket-prompt/locations/us-central1/functions/initiateHeyGenVideo","verb":"update","cancelRequested":false,"apiVersion":"v2"},"done":false}
[debug] [2026-02-16T01:55:27.082Z] Checked if tokens are valid: true, expires at: 1771210524661
[debug] [2026-02-16T01:55:27.082Z] Checked if tokens are valid: true, expires at: 1771210524661
[debug] [2026-02-16T01:55:27.082Z] >>> [apiv2][query] GET https://cloudfunctions.googleapis.com/v2/projects/rocket-prompt/locations/us-central1/operations/operation-1771206926013-64ae73fa615b0-1080109a-a8262c3f [none]
[debug] [2026-02-16T01:55:27.439Z] <<< [apiv2][status] GET https://cloudfunctions.googleapis.com/v2/projects/rocket-prompt/locations/us-central1/operations/operation-1771206926013-64ae73fa615b0-1080109a-a8262c3f 200
[debug] [2026-02-16T01:55:27.440Z] <<< [apiv2][body] GET https://cloudfunctions.googleapis.com/v2/projects/rocket-prompt/locations/us-central1/operations/operation-1771206926013-64ae73fa615b0-1080109a-a8262c3f {"name":"projects/rocket-prompt/locations/us-central1/operations/operation-1771206926013-64ae73fa615b0-1080109a-a8262c3f","metadata":{"@type":"type.googleapis.com/google.cloud.functions.v2.OperationMetadata","createTime":"2026-02-16T01:55:27.031705695Z","target":"projects/rocket-prompt/locations/us-central1/functions/initiateHeyGenVideo","verb":"update","cancelRequested":false,"apiVersion":"v2","requestResource":{"@type":"type.googleapis.com/google.cloud.functions.v2.Function","name":"projects/rocket-prompt/locations/us-central1/functions/initiateHeyGenVideo","buildConfig":{"runtime":"nodejs22","entryPoint":"initiateHeyGenVideo","source":{"storageSource":{"bucket":"gcf-v2-sources-169050684401-us-central1","object":"initiateHeyGenVideo/function-source.zip","generation":"1771206926949437"}},"environmentVariables":{"GOOGLE_NODE_RUN_SCRIPTS":""},"dockerRepository":"projects/rocket-prompt/locations/us-central1/repositories/gcf-artifacts","sourceProvenance":{"resolvedStorageSource":{"bucket":"gcf-v2-sources-169050684401-us-central1","object":"initiateHeyGenVideo/function-source.zip","generation":"1770913847451323"}},"dockerRegistry":"ARTIFACT_REGISTRY","serviceAccount":"projects/rocket-prompt/serviceAccounts/169050684401-compute@developer.gserviceaccount.com","automaticUpdatePolicy":{}},"serviceConfig":{"service":"projects/rocket-prompt/locations/us-central1/services/initiateheygenvideo","timeoutSeconds":60,"environmentVariables":{"GA_PROPERTY_ID":"G-6HCB340LRG","FIREBASE_CONFIG":"{\"projectId\":\"rocket-prompt\",\"storageBucket\":\"rocket-prompt.firebasestorage.app\"}","GCLOUD_PROJECT":"rocket-prompt","EVENTARC_CLOUD_EVENT_SOURCE":"projects/rocket-prompt/locations/us-central1/services/initiateHeyGenVideo","FUNCTION_TARGET":"initiateHeyGenVideo","LOG_EXECUTION_ID":"true"},"ingressSettings":"ALLOW_ALL","uri":"https://initiateheygenvideo-dqcmto3fqa-uc.a.run.app","serviceAccountEmail":"169050684401-compute@developer.gserviceaccount.com","availableMemory":"256Mi","allTrafficOnLatestRevision":true,"secretEnvironmentVariables":[{"key":"HEYGEN_API_KEY","projectId":"rocket-prompt","secret":"HEYGEN_API_KEY","version":"1"}],"revision":"initiateheygenvideo-00019-jug","maxInstanceRequestConcurrency":80,"availableCpu":"1"},"state":"ACTIVE","labels":{"deployment-tool":"cli-firebase","deployment-callable":"true","firebase-functions-hash":"620e194a4b43642976db4b0f2213df68c7f8e6c1"},"environment":"GEN_2","url":"https://us-central1-rocket-prompt.cloudfunctions.net/initiateHeyGenVideo","satisfiesPzi":true},"stages":[{"name":"BUILD","state":"NOT_STARTED"},{"name":"SERVICE","state":"NOT_STARTED"}],"operationType":"UPDATE_FUNCTION"},"done":false}
[debug] [2026-02-16T01:55:27.461Z] <<< [apiv2][status] PATCH https://cloudfunctions.googleapis.com/v1/projects/rocket-prompt/locations/us-central1/functions/sendTestEmail 200
[debug] [2026-02-16T01:55:27.462Z] <<< [apiv2][body] PATCH https://cloudfunctions.googleapis.com/v1/projects/rocket-prompt/locations/us-central1/functions/sendTestEmail {"name":"operations/cm9ja2V0LXByb21wdC91cy1jZW50cmFsMS9zZW5kVGVzdEVtYWlsL0VHWDNkSFhnUmdF","metadata":{"@type":"type.googleapis.com/google.cloud.functions.v1.OperationMetadataV1","target":"projects/rocket-prompt/locations/us-central1/functions/sendTestEmail","type":"UPDATE_FUNCTION","request":{"@type":"type.googleapis.com/google.cloud.functions.v1.CloudFunction","name":"projects/rocket-prompt/locations/us-central1/functions/sendTestEmail","httpsTrigger":{"url":"https://us-central1-rocket-prompt.cloudfunctions.net/sendTestEmail","securityLevel":"SECURE_ALWAYS"},"status":"ACTIVE","entryPoint":"sendTestEmail","updateTime":"2026-02-12T16:31:05.937Z","versionId":"71","labels":{"deployment-tool":"cli-firebase","deployment-callable":"true","firebase-functions-hash":"618a15276845177c7983eb5c1f991571ba8e7902"},"sourceUploadUrl":"https://storage.googleapis.com/uploads-17286520875.us-central1.cloudfunctions.appspot.com/e6460765-ab51-4992-8a95-38410992706c.zip?GoogleAccessId=service-169050684401@gcf-admin-robot.iam.gserviceaccount.com&Expires=1771205456&Signature=bumF7EQ7rFtyeJ3xEAzgNFGiEFpLle9UqsdRYwFi0t5fl1Aa7zmD6aaG3vAC4diZrzMEy6bsk49SCZTyIbaZzoNttyeYaVldVMjZK%2FYu3xQHSADL%2B4iYcjrtzVrQfiTENDASn%2FNKAv8bMQGrxMtfZIQxtgUbcDDR8DXjZQlttdK9yX0lcTjVLUwgoOkbaLr1QPw%2BXo%2BoxpRZt2w3VSpq3qTJTyFV2PEojeOXsGWeWMlYkX5JYUcBhoU98%2FzdqgOT%2BKj0JZoQ8SzAI6ehg6jdlSjMDTuJwhiWDSoGIobrb5vYlLD9oQrX6ma6tQICF54ZUs%2Fg81VtemQply1bYpkJAg%3D%3D","environmentVariables":{"GA_PROPERTY_ID":"G-6HCB340LRG","FIREBASE_CONFIG":"{\"projectId\":\"rocket-prompt\",\"storageBucket\":\"rocket-prompt.firebasestorage.app\"}","GCLOUD_PROJECT":"rocket-prompt","EVENTARC_CLOUD_EVENT_SOURCE":"projects/rocket-prompt/locations/us-central1/functions/sendTestEmail"},"runtime":"nodejs22","buildId":"db98ec2a-9c20-4155-bb86-0dcb1f2da107","buildEnvironmentVariables":{"GOOGLE_NODE_RUN_SCRIPTS":""},"secretEnvironmentVariables":[{"key":"SENDGRID_API_KEY","projectId":"rocket-prompt","secret":"SENDGRID_API_KEY","version":"3"}],"buildName":"projects/169050684401/locations/us-central1/builds/db98ec2a-9c20-4155-bb86-0dcb1f2da107","dockerRegistry":"ARTIFACT_REGISTRY","automaticUpdatePolicy":{},"buildServiceAccount":"projects/rocket-prompt/serviceAccounts/169050684401-compute@developer.gserviceaccount.com"},"versionId":"72","updateTime":"2026-02-16T01:55:27Z"}}
[debug] [2026-02-16T01:55:27.462Z] Checked if tokens are valid: true, expires at: 1771210524661
[debug] [2026-02-16T01:55:27.462Z] Checked if tokens are valid: true, expires at: 1771210524661
[debug] [2026-02-16T01:55:27.462Z] >>> [apiv2][query] GET https://cloudfunctions.googleapis.com/v1/operations/cm9ja2V0LXByb21wdC91cy1jZW50cmFsMS9zZW5kVGVzdEVtYWlsL0VHWDNkSFhnUmdF [none]
[debug] [2026-02-16T01:55:27.464Z] <<< [apiv2][status] PATCH https://cloudfunctions.googleapis.com/v1/projects/rocket-prompt/locations/us-central1/functions/runWeeklyResetTest 200
[debug] [2026-02-16T01:55:27.464Z] <<< [apiv2][body] PATCH https://cloudfunctions.googleapis.com/v1/projects/rocket-prompt/locations/us-central1/functions/runWeeklyResetTest {"name":"operations/cm9ja2V0LXByb21wdC91cy1jZW50cmFsMS9ydW5XZWVrbHlSZXNldFRlc3QvUFJrUjFaTV9LVjQ","metadata":{"@type":"type.googleapis.com/google.cloud.functions.v1.OperationMetadataV1","target":"projects/rocket-prompt/locations/us-central1/functions/runWeeklyResetTest","type":"UPDATE_FUNCTION","request":{"@type":"type.googleapis.com/google.cloud.functions.v1.CloudFunction","name":"projects/rocket-prompt/locations/us-central1/functions/runWeeklyResetTest","httpsTrigger":{"url":"https://us-central1-rocket-prompt.cloudfunctions.net/runWeeklyResetTest","securityLevel":"SECURE_ALWAYS"},"status":"ACTIVE","entryPoint":"runWeeklyResetTest","timeout":"540s","availableMemoryMb":512,"updateTime":"2026-02-12T16:31:18.155Z","versionId":"15","labels":{"deployment-tool":"cli-firebase","deployment-callable":"true","firebase-functions-hash":"618a15276845177c7983eb5c1f991571ba8e7902"},"sourceUploadUrl":"https://storage.googleapis.com/uploads-17286520875.us-central1.cloudfunctions.appspot.com/e6460765-ab51-4992-8a95-38410992706c.zip?GoogleAccessId=service-169050684401@gcf-admin-robot.iam.gserviceaccount.com&Expires=1771205456&Signature=bumF7EQ7rFtyeJ3xEAzgNFGiEFpLle9UqsdRYwFi0t5fl1Aa7zmD6aaG3vAC4diZrzMEy6bsk49SCZTyIbaZzoNttyeYaVldVMjZK%2FYu3xQHSADL%2B4iYcjrtzVrQfiTENDASn%2FNKAv8bMQGrxMtfZIQxtgUbcDDR8DXjZQlttdK9yX0lcTjVLUwgoOkbaLr1QPw%2BXo%2BoxpRZt2w3VSpq3qTJTyFV2PEojeOXsGWeWMlYkX5JYUcBhoU98%2FzdqgOT%2BKj0JZoQ8SzAI6ehg6jdlSjMDTuJwhiWDSoGIobrb5vYlLD9oQrX6ma6tQICF54ZUs%2Fg81VtemQply1bYpkJAg%3D%3D","environmentVariables":{"GA_PROPERTY_ID":"G-6HCB340LRG","FIREBASE_CONFIG":"{\"projectId\":\"rocket-prompt\",\"storageBucket\":\"rocket-prompt.firebasestorage.app\"}","GCLOUD_PROJECT":"rocket-prompt","EVENTARC_CLOUD_EVENT_SOURCE":"projects/rocket-prompt/locations/us-central1/functions/runWeeklyResetTest"},"runtime":"nodejs22","buildId":"143cbe67-682a-4ca1-85c0-3897bd88aa23","buildEnvironmentVariables":{"GOOGLE_NODE_RUN_SCRIPTS":""},"secretEnvironmentVariables":[{"key":"SENDGRID_API_KEY","projectId":"rocket-prompt","secret":"SENDGRID_API_KEY","version":"3"}],"buildName":"projects/169050684401/locations/us-central1/builds/143cbe67-682a-4ca1-85c0-3897bd88aa23","dockerRegistry":"ARTIFACT_REGISTRY","automaticUpdatePolicy":{},"buildServiceAccount":"projects/rocket-prompt/serviceAccounts/169050684401-compute@developer.gserviceaccount.com"},"versionId":"16","updateTime":"2026-02-16T01:55:27Z"}}
[debug] [2026-02-16T01:55:27.465Z] Checked if tokens are valid: true, expires at: 1771210524661
[debug] [2026-02-16T01:55:27.465Z] Checked if tokens are valid: true, expires at: 1771210524661
[debug] [2026-02-16T01:55:27.465Z] >>> [apiv2][query] GET https://cloudfunctions.googleapis.com/v1/operations/cm9ja2V0LXByb21wdC91cy1jZW50cmFsMS9ydW5XZWVrbHlSZXNldFRlc3QvUFJrUjFaTV9LVjQ [none]
[debug] [2026-02-16T01:55:27.472Z] <<< [apiv2][status] PATCH https://cloudfunctions.googleapis.com/v1/projects/rocket-prompt/locations/us-central1/functions/sendTestGoalReminder 200
[debug] [2026-02-16T01:55:27.472Z] <<< [apiv2][body] PATCH https://cloudfunctions.googleapis.com/v1/projects/rocket-prompt/locations/us-central1/functions/sendTestGoalReminder {"name":"operations/cm9ja2V0LXByb21wdC91cy1jZW50cmFsMS9zZW5kVGVzdEdvYWxSZW1pbmRlci9Qel95cEFMaWZQSQ","metadata":{"@type":"type.googleapis.com/google.cloud.functions.v1.OperationMetadataV1","target":"projects/rocket-prompt/locations/us-central1/functions/sendTestGoalReminder","type":"UPDATE_FUNCTION","request":{"@type":"type.googleapis.com/google.cloud.functions.v1.CloudFunction","name":"projects/rocket-prompt/locations/us-central1/functions/sendTestGoalReminder","httpsTrigger":{"url":"https://us-central1-rocket-prompt.cloudfunctions.net/sendTestGoalReminder","securityLevel":"SECURE_ALWAYS"},"status":"ACTIVE","entryPoint":"sendTestGoalReminder","updateTime":"2026-02-12T16:31:02.374Z","versionId":"30","labels":{"deployment-tool":"cli-firebase","deployment-callable":"true","firebase-functions-hash":"618a15276845177c7983eb5c1f991571ba8e7902"},"sourceUploadUrl":"https://storage.googleapis.com/uploads-17286520875.us-central1.cloudfunctions.appspot.com/e6460765-ab51-4992-8a95-38410992706c.zip?GoogleAccessId=service-169050684401@gcf-admin-robot.iam.gserviceaccount.com&Expires=1771205456&Signature=bumF7EQ7rFtyeJ3xEAzgNFGiEFpLle9UqsdRYwFi0t5fl1Aa7zmD6aaG3vAC4diZrzMEy6bsk49SCZTyIbaZzoNttyeYaVldVMjZK%2FYu3xQHSADL%2B4iYcjrtzVrQfiTENDASn%2FNKAv8bMQGrxMtfZIQxtgUbcDDR8DXjZQlttdK9yX0lcTjVLUwgoOkbaLr1QPw%2BXo%2BoxpRZt2w3VSpq3qTJTyFV2PEojeOXsGWeWMlYkX5JYUcBhoU98%2FzdqgOT%2BKj0JZoQ8SzAI6ehg6jdlSjMDTuJwhiWDSoGIobrb5vYlLD9oQrX6ma6tQICF54ZUs%2Fg81VtemQply1bYpkJAg%3D%3D","environmentVariables":{"GA_PROPERTY_ID":"G-6HCB340LRG","FIREBASE_CONFIG":"{\"projectId\":\"rocket-prompt\",\"storageBucket\":\"rocket-prompt.firebasestorage.app\"}","GCLOUD_PROJECT":"rocket-prompt","EVENTARC_CLOUD_EVENT_SOURCE":"projects/rocket-prompt/locations/us-central1/functions/sendTestGoalReminder"},"runtime":"nodejs22","buildId":"db98ec2a-9c20-4155-bb86-0dcb1f2da107","buildEnvironmentVariables":{"GOOGLE_NODE_RUN_SCRIPTS":""},"secretEnvironmentVariables":[{"key":"SENDGRID_API_KEY","projectId":"rocket-prompt","secret":"SENDGRID_API_KEY","version":"3"}],"buildName":"projects/169050684401/locations/us-central1/builds/db98ec2a-9c20-4155-bb86-0dcb1f2da107","dockerRegistry":"ARTIFACT_REGISTRY","automaticUpdatePolicy":{},"buildServiceAccount":"projects/rocket-prompt/serviceAccounts/169050684401-compute@developer.gserviceaccount.com"},"versionId":"31","updateTime":"2026-02-16T01:55:27Z"}}
[debug] [2026-02-16T01:55:27.472Z] Checked if tokens are valid: true, expires at: 1771210524661
[debug] [2026-02-16T01:55:27.472Z] Checked if tokens are valid: true, expires at: 1771210524661
[debug] [2026-02-16T01:55:27.473Z] >>> [apiv2][query] GET https://cloudfunctions.googleapis.com/v1/operations/cm9ja2V0LXByb21wdC91cy1jZW50cmFsMS9zZW5kVGVzdEdvYWxSZW1pbmRlci9Qel95cEFMaWZQSQ [none]
[debug] [2026-02-16T01:55:27.478Z] <<< [apiv2][status] PATCH https://cloudfunctions.googleapis.com/v1/projects/rocket-prompt/locations/us-central1/functions/reactivateSubscription 200
[debug] [2026-02-16T01:55:27.478Z] <<< [apiv2][body] PATCH https://cloudfunctions.googleapis.com/v1/projects/rocket-prompt/locations/us-central1/functions/reactivateSubscription {"name":"operations/cm9ja2V0LXByb21wdC91cy1jZW50cmFsMS9yZWFjdGl2YXRlU3Vic2NyaXB0aW9uL3VxeGZwYkJJUF9n","metadata":{"@type":"type.googleapis.com/google.cloud.functions.v1.OperationMetadataV1","target":"projects/rocket-prompt/locations/us-central1/functions/reactivateSubscription","type":"UPDATE_FUNCTION","request":{"@type":"type.googleapis.com/google.cloud.functions.v1.CloudFunction","name":"projects/rocket-prompt/locations/us-central1/functions/reactivateSubscription","httpsTrigger":{"url":"https://us-central1-rocket-prompt.cloudfunctions.net/reactivateSubscription","securityLevel":"SECURE_ALWAYS"},"status":"ACTIVE","entryPoint":"reactivateSubscription","updateTime":"2026-02-12T16:30:55.269Z","versionId":"37","labels":{"deployment-tool":"cli-firebase","deployment-callable":"true","firebase-functions-hash":"2b734fd2536973b9b7ef964d880b2d948f20adbd"},"sourceUploadUrl":"https://storage.googleapis.com/uploads-17286520875.us-central1.cloudfunctions.appspot.com/e6460765-ab51-4992-8a95-38410992706c.zip?GoogleAccessId=service-169050684401@gcf-admin-robot.iam.gserviceaccount.com&Expires=1771205456&Signature=bumF7EQ7rFtyeJ3xEAzgNFGiEFpLle9UqsdRYwFi0t5fl1Aa7zmD6aaG3vAC4diZrzMEy6bsk49SCZTyIbaZzoNttyeYaVldVMjZK%2FYu3xQHSADL%2B4iYcjrtzVrQfiTENDASn%2FNKAv8bMQGrxMtfZIQxtgUbcDDR8DXjZQlttdK9yX0lcTjVLUwgoOkbaLr1QPw%2BXo%2BoxpRZt2w3VSpq3qTJTyFV2PEojeOXsGWeWMlYkX5JYUcBhoU98%2FzdqgOT%2BKj0JZoQ8SzAI6ehg6jdlSjMDTuJwhiWDSoGIobrb5vYlLD9oQrX6ma6tQICF54ZUs%2Fg81VtemQply1bYpkJAg%3D%3D","environmentVariables":{"GA_PROPERTY_ID":"G-6HCB340LRG","FIREBASE_CONFIG":"{\"projectId\":\"rocket-prompt\",\"storageBucket\":\"rocket-prompt.firebasestorage.app\"}","GCLOUD_PROJECT":"rocket-prompt","EVENTARC_CLOUD_EVENT_SOURCE":"projects/rocket-prompt/locations/us-central1/functions/reactivateSubscription"},"runtime":"nodejs22","buildId":"db98ec2a-9c20-4155-bb86-0dcb1f2da107","buildEnvironmentVariables":{"GOOGLE_NODE_RUN_SCRIPTS":""},"secretEnvironmentVariables":[{"key":"STRIPE_SECRET_KEY","projectId":"rocket-prompt","secret":"STRIPE_SECRET_KEY","version":"2"}],"buildName":"projects/169050684401/locations/us-central1/builds/db98ec2a-9c20-4155-bb86-0dcb1f2da107","dockerRegistry":"ARTIFACT_REGISTRY","automaticUpdatePolicy":{},"buildServiceAccount":"projects/rocket-prompt/serviceAccounts/169050684401-compute@developer.gserviceaccount.com"},"versionId":"38","updateTime":"2026-02-16T01:55:27Z"}}
[debug] [2026-02-16T01:55:27.478Z] Checked if tokens are valid: true, expires at: 1771210524661
[debug] [2026-02-16T01:55:27.478Z] Checked if tokens are valid: true, expires at: 1771210524661
[debug] [2026-02-16T01:55:27.478Z] >>> [apiv2][query] GET https://cloudfunctions.googleapis.com/v1/operations/cm9ja2V0LXByb21wdC91cy1jZW50cmFsMS9yZWFjdGl2YXRlU3Vic2NyaXB0aW9uL3VxeGZwYkJJUF9n [none]
[debug] [2026-02-16T01:55:27.480Z] <<< [apiv2][status] PATCH https://cloudfunctions.googleapis.com/v1/projects/rocket-prompt/locations/us-central1/functions/processWeeklyResets 200
[debug] [2026-02-16T01:55:27.480Z] <<< [apiv2][body] PATCH https://cloudfunctions.googleapis.com/v1/projects/rocket-prompt/locations/us-central1/functions/processWeeklyResets {"name":"operations/cm9ja2V0LXByb21wdC91cy1jZW50cmFsMS9wcm9jZXNzV2Vla2x5UmVzZXRzL2Y1eEZXMUhGbC1z","metadata":{"@type":"type.googleapis.com/google.cloud.functions.v1.OperationMetadataV1","target":"projects/rocket-prompt/locations/us-central1/functions/processWeeklyResets","type":"UPDATE_FUNCTION","request":{"@type":"type.googleapis.com/google.cloud.functions.v1.CloudFunction","name":"projects/rocket-prompt/locations/us-central1/functions/processWeeklyResets","eventTrigger":{"eventType":"google.pubsub.topic.publish","resource":"projects/rocket-prompt/topics/firebase-schedule-processWeeklyResets-us-central1","service":"pubsub.googleapis.com","failurePolicy":{}},"status":"ACTIVE","entryPoint":"processWeeklyResets","timeout":"540s","availableMemoryMb":512,"updateTime":"2026-02-12T16:31:20.023Z","versionId":"15","labels":{"deployment-tool":"cli-firebase","deployment-scheduled":"true","firebase-functions-hash":"618a15276845177c7983eb5c1f991571ba8e7902"},"sourceUploadUrl":"https://storage.googleapis.com/uploads-17286520875.us-central1.cloudfunctions.appspot.com/e6460765-ab51-4992-8a95-38410992706c.zip?GoogleAccessId=service-169050684401@gcf-admin-robot.iam.gserviceaccount.com&Expires=1771205456&Signature=bumF7EQ7rFtyeJ3xEAzgNFGiEFpLle9UqsdRYwFi0t5fl1Aa7zmD6aaG3vAC4diZrzMEy6bsk49SCZTyIbaZzoNttyeYaVldVMjZK%2FYu3xQHSADL%2B4iYcjrtzVrQfiTENDASn%2FNKAv8bMQGrxMtfZIQxtgUbcDDR8DXjZQlttdK9yX0lcTjVLUwgoOkbaLr1QPw%2BXo%2BoxpRZt2w3VSpq3qTJTyFV2PEojeOXsGWeWMlYkX5JYUcBhoU98%2FzdqgOT%2BKj0JZoQ8SzAI6ehg6jdlSjMDTuJwhiWDSoGIobrb5vYlLD9oQrX6ma6tQICF54ZUs%2Fg81VtemQply1bYpkJAg%3D%3D","environmentVariables":{"GA_PROPERTY_ID":"G-6HCB340LRG","FIREBASE_CONFIG":"{\"projectId\":\"rocket-prompt\",\"storageBucket\":\"rocket-prompt.firebasestorage.app\"}","GCLOUD_PROJECT":"rocket-prompt","EVENTARC_CLOUD_EVENT_SOURCE":"projects/rocket-prompt/locations/us-central1/functions/processWeeklyResets"},"runtime":"nodejs22","buildId":"143cbe67-682a-4ca1-85c0-3897bd88aa23","buildEnvironmentVariables":{"GOOGLE_NODE_RUN_SCRIPTS":""},"secretEnvironmentVariables":[{"key":"SENDGRID_API_KEY","projectId":"rocket-prompt","secret":"SENDGRID_API_KEY","version":"3"}],"buildName":"projects/169050684401/locations/us-central1/builds/143cbe67-682a-4ca1-85c0-3897bd88aa23","dockerRegistry":"ARTIFACT_REGISTRY","automaticUpdatePolicy":{},"buildServiceAccount":"projects/rocket-prompt/serviceAccounts/169050684401-compute@developer.gserviceaccount.com"},"versionId":"16","updateTime":"2026-02-16T01:55:27Z"}}
[debug] [2026-02-16T01:55:27.480Z] Checked if tokens are valid: true, expires at: 1771210524661
[debug] [2026-02-16T01:55:27.480Z] Checked if tokens are valid: true, expires at: 1771210524661
[debug] [2026-02-16T01:55:27.481Z] >>> [apiv2][query] GET https://cloudfunctions.googleapis.com/v1/operations/cm9ja2V0LXByb21wdC91cy1jZW50cmFsMS9wcm9jZXNzV2Vla2x5UmVzZXRzL2Y1eEZXMUhGbC1z [none]
[debug] [2026-02-16T01:55:27.482Z] <<< [apiv2][status] PATCH https://cloudfunctions.googleapis.com/v1/projects/rocket-prompt/locations/us-central1/functions/sendVerificationEmail 200
[debug] [2026-02-16T01:55:27.482Z] <<< [apiv2][body] PATCH https://cloudfunctions.googleapis.com/v1/projects/rocket-prompt/locations/us-central1/functions/sendVerificationEmail {"name":"operations/cm9ja2V0LXByb21wdC91cy1jZW50cmFsMS9zZW5kVmVyaWZpY2F0aW9uRW1haWwvdUd3Z2xtVHBKU0U","metadata":{"@type":"type.googleapis.com/google.cloud.functions.v1.OperationMetadataV1","target":"projects/rocket-prompt/locations/us-central1/functions/sendVerificationEmail","type":"UPDATE_FUNCTION","request":{"@type":"type.googleapis.com/google.cloud.functions.v1.CloudFunction","name":"projects/rocket-prompt/locations/us-central1/functions/sendVerificationEmail","httpsTrigger":{"url":"https://us-central1-rocket-prompt.cloudfunctions.net/sendVerificationEmail","securityLevel":"SECURE_ALWAYS"},"status":"ACTIVE","entryPoint":"sendVerificationEmail","updateTime":"2026-02-12T16:30:57.969Z","versionId":"54","labels":{"deployment-tool":"cli-firebase","deployment-callable":"true","firebase-functions-hash":"618a15276845177c7983eb5c1f991571ba8e7902"},"sourceUploadUrl":"https://storage.googleapis.com/uploads-17286520875.us-central1.cloudfunctions.appspot.com/e6460765-ab51-4992-8a95-38410992706c.zip?GoogleAccessId=service-169050684401@gcf-admin-robot.iam.gserviceaccount.com&Expires=1771205456&Signature=bumF7EQ7rFtyeJ3xEAzgNFGiEFpLle9UqsdRYwFi0t5fl1Aa7zmD6aaG3vAC4diZrzMEy6bsk49SCZTyIbaZzoNttyeYaVldVMjZK%2FYu3xQHSADL%2B4iYcjrtzVrQfiTENDASn%2FNKAv8bMQGrxMtfZIQxtgUbcDDR8DXjZQlttdK9yX0lcTjVLUwgoOkbaLr1QPw%2BXo%2BoxpRZt2w3VSpq3qTJTyFV2PEojeOXsGWeWMlYkX5JYUcBhoU98%2FzdqgOT%2BKj0JZoQ8SzAI6ehg6jdlSjMDTuJwhiWDSoGIobrb5vYlLD9oQrX6ma6tQICF54ZUs%2Fg81VtemQply1bYpkJAg%3D%3D","environmentVariables":{"GA_PROPERTY_ID":"G-6HCB340LRG","FIREBASE_CONFIG":"{\"projectId\":\"rocket-prompt\",\"storageBucket\":\"rocket-prompt.firebasestorage.app\"}","GCLOUD_PROJECT":"rocket-prompt","EVENTARC_CLOUD_EVENT_SOURCE":"projects/rocket-prompt/locations/us-central1/functions/sendVerificationEmail"},"runtime":"nodejs22","buildId":"db98ec2a-9c20-4155-bb86-0dcb1f2da107","buildEnvironmentVariables":{"GOOGLE_NODE_RUN_SCRIPTS":""},"secretEnvironmentVariables":[{"key":"SENDGRID_API_KEY","projectId":"rocket-prompt","secret":"SENDGRID_API_KEY","version":"3"}],"buildName":"projects/169050684401/locations/us-central1/builds/db98ec2a-9c20-4155-bb86-0dcb1f2da107","dockerRegistry":"ARTIFACT_REGISTRY","automaticUpdatePolicy":{},"buildServiceAccount":"projects/rocket-prompt/serviceAccounts/169050684401-compute@developer.gserviceaccount.com"},"versionId":"55","updateTime":"2026-02-16T01:55:27Z"}}
[debug] [2026-02-16T01:55:27.482Z] Checked if tokens are valid: true, expires at: 1771210524661
[debug] [2026-02-16T01:55:27.482Z] Checked if tokens are valid: true, expires at: 1771210524661
[debug] [2026-02-16T01:55:27.482Z] >>> [apiv2][query] GET https://cloudfunctions.googleapis.com/v1/operations/cm9ja2V0LXByb21wdC91cy1jZW50cmFsMS9zZW5kVmVyaWZpY2F0aW9uRW1haWwvdUd3Z2xtVHBKU0U [none]
[debug] [2026-02-16T01:55:27.487Z] <<< [apiv2][status] PATCH https://cloudfunctions.googleapis.com/v1/projects/rocket-prompt/locations/us-central1/functions/updateScheduledReminder 200
[debug] [2026-02-16T01:55:27.487Z] <<< [apiv2][body] PATCH https://cloudfunctions.googleapis.com/v1/projects/rocket-prompt/locations/us-central1/functions/updateScheduledReminder {"name":"operations/cm9ja2V0LXByb21wdC91cy1jZW50cmFsMS91cGRhdGVTY2hlZHVsZWRSZW1pbmRlci9UeGlDZWtGVm5Waw","metadata":{"@type":"type.googleapis.com/google.cloud.functions.v1.OperationMetadataV1","target":"projects/rocket-prompt/locations/us-central1/functions/updateScheduledReminder","type":"UPDATE_FUNCTION","request":{"@type":"type.googleapis.com/google.cloud.functions.v1.CloudFunction","name":"projects/rocket-prompt/locations/us-central1/functions/updateScheduledReminder","httpsTrigger":{"url":"https://us-central1-rocket-prompt.cloudfunctions.net/updateScheduledReminder","securityLevel":"SECURE_ALWAYS"},"status":"ACTIVE","entryPoint":"updateScheduledReminder","updateTime":"2026-02-12T16:31:01.698Z","versionId":"28","labels":{"deployment-tool":"cli-firebase","deployment-callable":"true","firebase-functions-hash":"41bc74008db6748b3d763b884d070ba33406658c"},"sourceUploadUrl":"https://storage.googleapis.com/uploads-17286520875.us-central1.cloudfunctions.appspot.com/e6460765-ab51-4992-8a95-38410992706c.zip?GoogleAccessId=service-169050684401@gcf-admin-robot.iam.gserviceaccount.com&Expires=1771205456&Signature=bumF7EQ7rFtyeJ3xEAzgNFGiEFpLle9UqsdRYwFi0t5fl1Aa7zmD6aaG3vAC4diZrzMEy6bsk49SCZTyIbaZzoNttyeYaVldVMjZK%2FYu3xQHSADL%2B4iYcjrtzVrQfiTENDASn%2FNKAv8bMQGrxMtfZIQxtgUbcDDR8DXjZQlttdK9yX0lcTjVLUwgoOkbaLr1QPw%2BXo%2BoxpRZt2w3VSpq3qTJTyFV2PEojeOXsGWeWMlYkX5JYUcBhoU98%2FzdqgOT%2BKj0JZoQ8SzAI6ehg6jdlSjMDTuJwhiWDSoGIobrb5vYlLD9oQrX6ma6tQICF54ZUs%2Fg81VtemQply1bYpkJAg%3D%3D","environmentVariables":{"GA_PROPERTY_ID":"G-6HCB340LRG","FIREBASE_CONFIG":"{\"projectId\":\"rocket-prompt\",\"storageBucket\":\"rocket-prompt.firebasestorage.app\"}","GCLOUD_PROJECT":"rocket-prompt","EVENTARC_CLOUD_EVENT_SOURCE":"projects/rocket-prompt/locations/us-central1/functions/updateScheduledReminder"},"runtime":"nodejs22","buildId":"db98ec2a-9c20-4155-bb86-0dcb1f2da107","buildEnvironmentVariables":{"GOOGLE_NODE_RUN_SCRIPTS":""},"buildName":"projects/169050684401/locations/us-central1/builds/db98ec2a-9c20-4155-bb86-0dcb1f2da107","dockerRegistry":"ARTIFACT_REGISTRY","automaticUpdatePolicy":{},"buildServiceAccount":"projects/rocket-prompt/serviceAccounts/169050684401-compute@developer.gserviceaccount.com"},"versionId":"29","updateTime":"2026-02-16T01:55:27Z"}}
[debug] [2026-02-16T01:55:27.487Z] Checked if tokens are valid: true, expires at: 1771210524661
[debug] [2026-02-16T01:55:27.487Z] Checked if tokens are valid: true, expires at: 1771210524661
[debug] [2026-02-16T01:55:27.488Z] >>> [apiv2][query] GET https://cloudfunctions.googleapis.com/v1/operations/cm9ja2V0LXByb21wdC91cy1jZW50cmFsMS91cGRhdGVTY2hlZHVsZWRSZW1pbmRlci9UeGlDZWtGVm5Waw [none]
[debug] [2026-02-16T01:55:27.488Z] <<< [apiv2][status] PATCH https://cloudfunctions.googleapis.com/v1/projects/rocket-prompt/locations/us-central1/functions/scheduleDemoEmail 200
[debug] [2026-02-16T01:55:27.488Z] <<< [apiv2][body] PATCH https://cloudfunctions.googleapis.com/v1/projects/rocket-prompt/locations/us-central1/functions/scheduleDemoEmail {"name":"operations/cm9ja2V0LXByb21wdC91cy1jZW50cmFsMS9zY2hlZHVsZURlbW9FbWFpbC9oSFFkNWlmTDBoYw","metadata":{"@type":"type.googleapis.com/google.cloud.functions.v1.OperationMetadataV1","target":"projects/rocket-prompt/locations/us-central1/functions/scheduleDemoEmail","type":"UPDATE_FUNCTION","request":{"@type":"type.googleapis.com/google.cloud.functions.v1.CloudFunction","name":"projects/rocket-prompt/locations/us-central1/functions/scheduleDemoEmail","httpsTrigger":{"url":"https://us-central1-rocket-prompt.cloudfunctions.net/scheduleDemoEmail","securityLevel":"SECURE_ALWAYS"},"status":"ACTIVE","entryPoint":"scheduleDemoEmail","updateTime":"2026-02-12T16:31:05.637Z","versionId":"29","labels":{"deployment-tool":"cli-firebase","deployment-callable":"true","firebase-functions-hash":"618a15276845177c7983eb5c1f991571ba8e7902"},"sourceUploadUrl":"https://storage.googleapis.com/uploads-17286520875.us-central1.cloudfunctions.appspot.com/e6460765-ab51-4992-8a95-38410992706c.zip?GoogleAccessId=service-169050684401@gcf-admin-robot.iam.gserviceaccount.com&Expires=1771205456&Signature=bumF7EQ7rFtyeJ3xEAzgNFGiEFpLle9UqsdRYwFi0t5fl1Aa7zmD6aaG3vAC4diZrzMEy6bsk49SCZTyIbaZzoNttyeYaVldVMjZK%2FYu3xQHSADL%2B4iYcjrtzVrQfiTENDASn%2FNKAv8bMQGrxMtfZIQxtgUbcDDR8DXjZQlttdK9yX0lcTjVLUwgoOkbaLr1QPw%2BXo%2BoxpRZt2w3VSpq3qTJTyFV2PEojeOXsGWeWMlYkX5JYUcBhoU98%2FzdqgOT%2BKj0JZoQ8SzAI6ehg6jdlSjMDTuJwhiWDSoGIobrb5vYlLD9oQrX6ma6tQICF54ZUs%2Fg81VtemQply1bYpkJAg%3D%3D","environmentVariables":{"GA_PROPERTY_ID":"G-6HCB340LRG","FIREBASE_CONFIG":"{\"projectId\":\"rocket-prompt\",\"storageBucket\":\"rocket-prompt.firebasestorage.app\"}","GCLOUD_PROJECT":"rocket-prompt","EVENTARC_CLOUD_EVENT_SOURCE":"projects/rocket-prompt/locations/us-central1/functions/scheduleDemoEmail"},"runtime":"nodejs22","buildId":"db98ec2a-9c20-4155-bb86-0dcb1f2da107","buildEnvironmentVariables":{"GOOGLE_NODE_RUN_SCRIPTS":""},"secretEnvironmentVariables":[{"key":"SENDGRID_API_KEY","projectId":"rocket-prompt","secret":"SENDGRID_API_KEY","version":"3"}],"buildName":"projects/169050684401/locations/us-central1/builds/db98ec2a-9c20-4155-bb86-0dcb1f2da107","dockerRegistry":"ARTIFACT_REGISTRY","automaticUpdatePolicy":{},"buildServiceAccount":"projects/rocket-prompt/serviceAccounts/169050684401-compute@developer.gserviceaccount.com"},"versionId":"30","updateTime":"2026-02-16T01:55:27Z"}}
[debug] [2026-02-16T01:55:27.488Z] Checked if tokens are valid: true, expires at: 1771210524661
[debug] [2026-02-16T01:55:27.488Z] Checked if tokens are valid: true, expires at: 1771210524661
[debug] [2026-02-16T01:55:27.488Z] >>> [apiv2][query] GET https://cloudfunctions.googleapis.com/v1/operations/cm9ja2V0LXByb21wdC91cy1jZW50cmFsMS9zY2hlZHVsZURlbW9FbWFpbC9oSFFkNWlmTDBoYw [none]
[debug] [2026-02-16T01:55:27.489Z] <<< [apiv2][status] PATCH https://cloudfunctions.googleapis.com/v1/projects/rocket-prompt/locations/us-central1/functions/stripeWebhookRocketGoals 200
[debug] [2026-02-16T01:55:27.489Z] <<< [apiv2][body] PATCH https://cloudfunctions.googleapis.com/v1/projects/rocket-prompt/locations/us-central1/functions/stripeWebhookRocketGoals {"name":"operations/cm9ja2V0LXByb21wdC91cy1jZW50cmFsMS9zdHJpcGVXZWJob29rUm9ja2V0R29hbHMvSWxURHhUMlc1Wnc","metadata":{"@type":"type.googleapis.com/google.cloud.functions.v1.OperationMetadataV1","target":"projects/rocket-prompt/locations/us-central1/functions/stripeWebhookRocketGoals","type":"UPDATE_FUNCTION","request":{"@type":"type.googleapis.com/google.cloud.functions.v1.CloudFunction","name":"projects/rocket-prompt/locations/us-central1/functions/stripeWebhookRocketGoals","httpsTrigger":{"url":"https://us-central1-rocket-prompt.cloudfunctions.net/stripeWebhookRocketGoals","securityLevel":"SECURE_ALWAYS"},"status":"ACTIVE","entryPoint":"stripeWebhookRocketGoals","updateTime":"2026-02-12T16:30:55.632Z","versionId":"39","labels":{"deployment-tool":"cli-firebase","firebase-functions-hash":"a3ddf38ce16b4251110999bbf7e25664ba4b1bfb"},"sourceUploadUrl":"https://storage.googleapis.com/uploads-17286520875.us-central1.cloudfunctions.appspot.com/e6460765-ab51-4992-8a95-38410992706c.zip?GoogleAccessId=service-169050684401@gcf-admin-robot.iam.gserviceaccount.com&Expires=1771205456&Signature=bumF7EQ7rFtyeJ3xEAzgNFGiEFpLle9UqsdRYwFi0t5fl1Aa7zmD6aaG3vAC4diZrzMEy6bsk49SCZTyIbaZzoNttyeYaVldVMjZK%2FYu3xQHSADL%2B4iYcjrtzVrQfiTENDASn%2FNKAv8bMQGrxMtfZIQxtgUbcDDR8DXjZQlttdK9yX0lcTjVLUwgoOkbaLr1QPw%2BXo%2BoxpRZt2w3VSpq3qTJTyFV2PEojeOXsGWeWMlYkX5JYUcBhoU98%2FzdqgOT%2BKj0JZoQ8SzAI6ehg6jdlSjMDTuJwhiWDSoGIobrb5vYlLD9oQrX6ma6tQICF54ZUs%2Fg81VtemQply1bYpkJAg%3D%3D","environmentVariables":{"GA_PROPERTY_ID":"G-6HCB340LRG","FIREBASE_CONFIG":"{\"projectId\":\"rocket-prompt\",\"storageBucket\":\"rocket-prompt.firebasestorage.app\"}","GCLOUD_PROJECT":"rocket-prompt","EVENTARC_CLOUD_EVENT_SOURCE":"projects/rocket-prompt/locations/us-central1/functions/stripeWebhookRocketGoals"},"runtime":"nodejs22","buildId":"db98ec2a-9c20-4155-bb86-0dcb1f2da107","buildEnvironmentVariables":{"GOOGLE_NODE_RUN_SCRIPTS":""},"secretEnvironmentVariables":[{"key":"STRIPE_WEBHOOK_SECRET_GOALS","projectId":"rocket-prompt","secret":"STRIPE_WEBHOOK_SECRET_GOALS","version":"1"}],"buildName":"projects/169050684401/locations/us-central1/builds/db98ec2a-9c20-4155-bb86-0dcb1f2da107","dockerRegistry":"ARTIFACT_REGISTRY","automaticUpdatePolicy":{},"buildServiceAccount":"projects/rocket-prompt/serviceAccounts/169050684401-compute@developer.gserviceaccount.com"},"versionId":"40","updateTime":"2026-02-16T01:55:27Z"}}
[debug] [2026-02-16T01:55:27.489Z] Checked if tokens are valid: true, expires at: 1771210524661
[debug] [2026-02-16T01:55:27.489Z] Checked if tokens are valid: true, expires at: 1771210524661
[debug] [2026-02-16T01:55:27.490Z] >>> [apiv2][query] GET https://cloudfunctions.googleapis.com/v1/operations/cm9ja2V0LXByb21wdC91cy1jZW50cmFsMS9zdHJpcGVXZWJob29rUm9ja2V0R29hbHMvSWxURHhUMlc1Wnc [none]
[debug] [2026-02-16T01:55:27.490Z] <<< [apiv2][status] PATCH https://cloudfunctions.googleapis.com/v1/projects/rocket-prompt/locations/us-central1/functions/processScheduledReminders 200
[debug] [2026-02-16T01:55:27.490Z] <<< [apiv2][body] PATCH https://cloudfunctions.googleapis.com/v1/projects/rocket-prompt/locations/us-central1/functions/processScheduledReminders {"name":"operations/cm9ja2V0LXByb21wdC91cy1jZW50cmFsMS9wcm9jZXNzU2NoZWR1bGVkUmVtaW5kZXJzL3pRT1hQUVJhRkY0","metadata":{"@type":"type.googleapis.com/google.cloud.functions.v1.OperationMetadataV1","target":"projects/rocket-prompt/locations/us-central1/functions/processScheduledReminders","type":"UPDATE_FUNCTION","request":{"@type":"type.googleapis.com/google.cloud.functions.v1.CloudFunction","name":"projects/rocket-prompt/locations/us-central1/functions/processScheduledReminders","eventTrigger":{"eventType":"google.pubsub.topic.publish","resource":"projects/rocket-prompt/topics/firebase-schedule-processScheduledReminders-us-central1","service":"pubsub.googleapis.com","failurePolicy":{}},"status":"ACTIVE","entryPoint":"processScheduledReminders","timeout":"540s","availableMemoryMb":512,"updateTime":"2026-02-12T16:31:12.513Z","versionId":"29","labels":{"deployment-tool":"cli-firebase","deployment-scheduled":"true","firebase-functions-hash":"618a15276845177c7983eb5c1f991571ba8e7902"},"sourceUploadUrl":"https://storage.googleapis.com/uploads-17286520875.us-central1.cloudfunctions.appspot.com/e6460765-ab51-4992-8a95-38410992706c.zip?GoogleAccessId=service-169050684401@gcf-admin-robot.iam.gserviceaccount.com&Expires=1771205456&Signature=bumF7EQ7rFtyeJ3xEAzgNFGiEFpLle9UqsdRYwFi0t5fl1Aa7zmD6aaG3vAC4diZrzMEy6bsk49SCZTyIbaZzoNttyeYaVldVMjZK%2FYu3xQHSADL%2B4iYcjrtzVrQfiTENDASn%2FNKAv8bMQGrxMtfZIQxtgUbcDDR8DXjZQlttdK9yX0lcTjVLUwgoOkbaLr1QPw%2BXo%2BoxpRZt2w3VSpq3qTJTyFV2PEojeOXsGWeWMlYkX5JYUcBhoU98%2FzdqgOT%2BKj0JZoQ8SzAI6ehg6jdlSjMDTuJwhiWDSoGIobrb5vYlLD9oQrX6ma6tQICF54ZUs%2Fg81VtemQply1bYpkJAg%3D%3D","environmentVariables":{"GA_PROPERTY_ID":"G-6HCB340LRG","FIREBASE_CONFIG":"{\"projectId\":\"rocket-prompt\",\"storageBucket\":\"rocket-prompt.firebasestorage.app\"}","GCLOUD_PROJECT":"rocket-prompt","EVENTARC_CLOUD_EVENT_SOURCE":"projects/rocket-prompt/locations/us-central1/functions/processScheduledReminders"},"runtime":"nodejs22","buildId":"143cbe67-682a-4ca1-85c0-3897bd88aa23","buildEnvironmentVariables":{"GOOGLE_NODE_RUN_SCRIPTS":""},"secretEnvironmentVariables":[{"key":"SENDGRID_API_KEY","projectId":"rocket-prompt","secret":"SENDGRID_API_KEY","version":"3"}],"buildName":"projects/169050684401/locations/us-central1/builds/143cbe67-682a-4ca1-85c0-3897bd88aa23","dockerRegistry":"ARTIFACT_REGISTRY","automaticUpdatePolicy":{},"buildServiceAccount":"projects/rocket-prompt/serviceAccounts/169050684401-compute@developer.gserviceaccount.com"},"versionId":"30","updateTime":"2026-02-16T01:55:27Z"}}
[debug] [2026-02-16T01:55:27.490Z] Checked if tokens are valid: true, expires at: 1771210524661
[debug] [2026-02-16T01:55:27.490Z] Checked if tokens are valid: true, expires at: 1771210524661
[debug] [2026-02-16T01:55:27.490Z] >>> [apiv2][query] GET https://cloudfunctions.googleapis.com/v1/operations/cm9ja2V0LXByb21wdC91cy1jZW50cmFsMS9wcm9jZXNzU2NoZWR1bGVkUmVtaW5kZXJzL3pRT1hQUVJhRkY0 [none]
[debug] [2026-02-16T01:55:27.490Z] <<< [apiv2][status] PATCH https://cloudfunctions.googleapis.com/v1/projects/rocket-prompt/locations/us-central1/functions/getDefaultEmailTemplate 200
[debug] [2026-02-16T01:55:27.490Z] <<< [apiv2][body] PATCH https://cloudfunctions.googleapis.com/v1/projects/rocket-prompt/locations/us-central1/functions/getDefaultEmailTemplate {"name":"operations/cm9ja2V0LXByb21wdC91cy1jZW50cmFsMS9nZXREZWZhdWx0RW1haWxUZW1wbGF0ZS9VdVJxdEVxS3RfVQ","metadata":{"@type":"type.googleapis.com/google.cloud.functions.v1.OperationMetadataV1","target":"projects/rocket-prompt/locations/us-central1/functions/getDefaultEmailTemplate","type":"UPDATE_FUNCTION","request":{"@type":"type.googleapis.com/google.cloud.functions.v1.CloudFunction","name":"projects/rocket-prompt/locations/us-central1/functions/getDefaultEmailTemplate","httpsTrigger":{"url":"https://us-central1-rocket-prompt.cloudfunctions.net/getDefaultEmailTemplate","securityLevel":"SECURE_ALWAYS"},"status":"ACTIVE","entryPoint":"getDefaultEmailTemplate","updateTime":"2026-02-12T16:30:57.994Z","versionId":"28","labels":{"deployment-tool":"cli-firebase","deployment-callable":"true","firebase-functions-hash":"41bc74008db6748b3d763b884d070ba33406658c"},"sourceUploadUrl":"https://storage.googleapis.com/uploads-17286520875.us-central1.cloudfunctions.appspot.com/e6460765-ab51-4992-8a95-38410992706c.zip?GoogleAccessId=service-169050684401@gcf-admin-robot.iam.gserviceaccount.com&Expires=1771205456&Signature=bumF7EQ7rFtyeJ3xEAzgNFGiEFpLle9UqsdRYwFi0t5fl1Aa7zmD6aaG3vAC4diZrzMEy6bsk49SCZTyIbaZzoNttyeYaVldVMjZK%2FYu3xQHSADL%2B4iYcjrtzVrQfiTENDASn%2FNKAv8bMQGrxMtfZIQxtgUbcDDR8DXjZQlttdK9yX0lcTjVLUwgoOkbaLr1QPw%2BXo%2BoxpRZt2w3VSpq3qTJTyFV2PEojeOXsGWeWMlYkX5JYUcBhoU98%2FzdqgOT%2BKj0JZoQ8SzAI6ehg6jdlSjMDTuJwhiWDSoGIobrb5vYlLD9oQrX6ma6tQICF54ZUs%2Fg81VtemQply1bYpkJAg%3D%3D","environmentVariables":{"GA_PROPERTY_ID":"G-6HCB340LRG","FIREBASE_CONFIG":"{\"projectId\":\"rocket-prompt\",\"storageBucket\":\"rocket-prompt.firebasestorage.app\"}","GCLOUD_PROJECT":"rocket-prompt","EVENTARC_CLOUD_EVENT_SOURCE":"projects/rocket-prompt/locations/us-central1/functions/getDefaultEmailTemplate"},"runtime":"nodejs22","buildId":"db98ec2a-9c20-4155-bb86-0dcb1f2da107","buildEnvironmentVariables":{"GOOGLE_NODE_RUN_SCRIPTS":""},"buildName":"projects/169050684401/locations/us-central1/builds/db98ec2a-9c20-4155-bb86-0dcb1f2da107","dockerRegistry":"ARTIFACT_REGISTRY","automaticUpdatePolicy":{},"buildServiceAccount":"projects/rocket-prompt/serviceAccounts/169050684401-compute@developer.gserviceaccount.com"},"versionId":"29","updateTime":"2026-02-16T01:55:27Z"}}
[debug] [2026-02-16T01:55:27.490Z] Checked if tokens are valid: true, expires at: 1771210524661
[debug] [2026-02-16T01:55:27.490Z] Checked if tokens are valid: true, expires at: 1771210524661
[debug] [2026-02-16T01:55:27.490Z] >>> [apiv2][query] GET https://cloudfunctions.googleapis.com/v1/operations/cm9ja2V0LXByb21wdC91cy1jZW50cmFsMS9nZXREZWZhdWx0RW1haWxUZW1wbGF0ZS9VdVJxdEVxS3RfVQ [none]
[debug] [2026-02-16T01:55:27.493Z] <<< [apiv2][status] PATCH https://cloudfunctions.googleapis.com/v1/projects/rocket-prompt/locations/us-central1/functions/sendWelcomeEmail 200
[debug] [2026-02-16T01:55:27.493Z] <<< [apiv2][body] PATCH https://cloudfunctions.googleapis.com/v1/projects/rocket-prompt/locations/us-central1/functions/sendWelcomeEmail {"name":"operations/cm9ja2V0LXByb21wdC91cy1jZW50cmFsMS9zZW5kV2VsY29tZUVtYWlsLzQzZFg3ZVJjT3Bz","metadata":{"@type":"type.googleapis.com/google.cloud.functions.v1.OperationMetadataV1","target":"projects/rocket-prompt/locations/us-central1/functions/sendWelcomeEmail","type":"UPDATE_FUNCTION","request":{"@type":"type.googleapis.com/google.cloud.functions.v1.CloudFunction","name":"projects/rocket-prompt/locations/us-central1/functions/sendWelcomeEmail","httpsTrigger":{"url":"https://us-central1-rocket-prompt.cloudfunctions.net/sendWelcomeEmail","securityLevel":"SECURE_ALWAYS"},"status":"ACTIVE","entryPoint":"sendWelcomeEmail","updateTime":"2026-02-12T16:30:58.551Z","versionId":"12","labels":{"deployment-tool":"cli-firebase","deployment-callable":"true","firebase-functions-hash":"618a15276845177c7983eb5c1f991571ba8e7902"},"sourceUploadUrl":"https://storage.googleapis.com/uploads-17286520875.us-central1.cloudfunctions.appspot.com/e6460765-ab51-4992-8a95-38410992706c.zip?GoogleAccessId=service-169050684401@gcf-admin-robot.iam.gserviceaccount.com&Expires=1771205456&Signature=bumF7EQ7rFtyeJ3xEAzgNFGiEFpLle9UqsdRYwFi0t5fl1Aa7zmD6aaG3vAC4diZrzMEy6bsk49SCZTyIbaZzoNttyeYaVldVMjZK%2FYu3xQHSADL%2B4iYcjrtzVrQfiTENDASn%2FNKAv8bMQGrxMtfZIQxtgUbcDDR8DXjZQlttdK9yX0lcTjVLUwgoOkbaLr1QPw%2BXo%2BoxpRZt2w3VSpq3qTJTyFV2PEojeOXsGWeWMlYkX5JYUcBhoU98%2FzdqgOT%2BKj0JZoQ8SzAI6ehg6jdlSjMDTuJwhiWDSoGIobrb5vYlLD9oQrX6ma6tQICF54ZUs%2Fg81VtemQply1bYpkJAg%3D%3D","environmentVariables":{"GA_PROPERTY_ID":"G-6HCB340LRG","FIREBASE_CONFIG":"{\"projectId\":\"rocket-prompt\",\"storageBucket\":\"rocket-prompt.firebasestorage.app\"}","GCLOUD_PROJECT":"rocket-prompt","EVENTARC_CLOUD_EVENT_SOURCE":"projects/rocket-prompt/locations/us-central1/functions/sendWelcomeEmail"},"runtime":"nodejs22","buildId":"db98ec2a-9c20-4155-bb86-0dcb1f2da107","buildEnvironmentVariables":{"GOOGLE_NODE_RUN_SCRIPTS":""},"secretEnvironmentVariables":[{"key":"SENDGRID_API_KEY","projectId":"rocket-prompt","secret":"SENDGRID_API_KEY","version":"3"}],"buildName":"projects/169050684401/locations/us-central1/builds/db98ec2a-9c20-4155-bb86-0dcb1f2da107","dockerRegistry":"ARTIFACT_REGISTRY","automaticUpdatePolicy":{},"buildServiceAccount":"projects/rocket-prompt/serviceAccounts/169050684401-compute@developer.gserviceaccount.com"},"versionId":"13","updateTime":"2026-02-16T01:55:27Z"}}
[debug] [2026-02-16T01:55:27.493Z] Checked if tokens are valid: true, expires at: 1771210524661
[debug] [2026-02-16T01:55:27.493Z] Checked if tokens are valid: true, expires at: 1771210524661
[debug] [2026-02-16T01:55:27.493Z] >>> [apiv2][query] GET https://cloudfunctions.googleapis.com/v1/operations/cm9ja2V0LXByb21wdC91cy1jZW50cmFsMS9zZW5kV2VsY29tZUVtYWlsLzQzZFg3ZVJjT3Bz [none]
[debug] [2026-02-16T01:55:27.494Z] <<< [apiv2][status] PATCH https://cloudfunctions.googleapis.com/v1/projects/rocket-prompt/locations/us-central1/functions/deleteScheduledReminder 200
[debug] [2026-02-16T01:55:27.494Z] <<< [apiv2][body] PATCH https://cloudfunctions.googleapis.com/v1/projects/rocket-prompt/locations/us-central1/functions/deleteScheduledReminder {"name":"operations/cm9ja2V0LXByb21wdC91cy1jZW50cmFsMS9kZWxldGVTY2hlZHVsZWRSZW1pbmRlci9PZWEzMDU1WmdtUQ","metadata":{"@type":"type.googleapis.com/google.cloud.functions.v1.OperationMetadataV1","target":"projects/rocket-prompt/locations/us-central1/functions/deleteScheduledReminder","type":"UPDATE_FUNCTION","request":{"@type":"type.googleapis.com/google.cloud.functions.v1.CloudFunction","name":"projects/rocket-prompt/locations/us-central1/functions/deleteScheduledReminder","httpsTrigger":{"url":"https://us-central1-rocket-prompt.cloudfunctions.net/deleteScheduledReminder","securityLevel":"SECURE_ALWAYS"},"status":"ACTIVE","entryPoint":"deleteScheduledReminder","updateTime":"2026-02-12T16:31:00.941Z","versionId":"28","labels":{"deployment-tool":"cli-firebase","deployment-callable":"true","firebase-functions-hash":"41bc74008db6748b3d763b884d070ba33406658c"},"sourceUploadUrl":"https://storage.googleapis.com/uploads-17286520875.us-central1.cloudfunctions.appspot.com/e6460765-ab51-4992-8a95-38410992706c.zip?GoogleAccessId=service-169050684401@gcf-admin-robot.iam.gserviceaccount.com&Expires=1771205456&Signature=bumF7EQ7rFtyeJ3xEAzgNFGiEFpLle9UqsdRYwFi0t5fl1Aa7zmD6aaG3vAC4diZrzMEy6bsk49SCZTyIbaZzoNttyeYaVldVMjZK%2FYu3xQHSADL%2B4iYcjrtzVrQfiTENDASn%2FNKAv8bMQGrxMtfZIQxtgUbcDDR8DXjZQlttdK9yX0lcTjVLUwgoOkbaLr1QPw%2BXo%2BoxpRZt2w3VSpq3qTJTyFV2PEojeOXsGWeWMlYkX5JYUcBhoU98%2FzdqgOT%2BKj0JZoQ8SzAI6ehg6jdlSjMDTuJwhiWDSoGIobrb5vYlLD9oQrX6ma6tQICF54ZUs%2Fg81VtemQply1bYpkJAg%3D%3D","environmentVariables":{"GA_PROPERTY_ID":"G-6HCB340LRG","FIREBASE_CONFIG":"{\"projectId\":\"rocket-prompt\",\"storageBucket\":\"rocket-prompt.firebasestorage.app\"}","GCLOUD_PROJECT":"rocket-prompt","EVENTARC_CLOUD_EVENT_SOURCE":"projects/rocket-prompt/locations/us-central1/functions/deleteScheduledReminder"},"runtime":"nodejs22","buildId":"db98ec2a-9c20-4155-bb86-0dcb1f2da107","buildEnvironmentVariables":{"GOOGLE_NODE_RUN_SCRIPTS":""},"buildName":"projects/169050684401/locations/us-central1/builds/db98ec2a-9c20-4155-bb86-0dcb1f2da107","dockerRegistry":"ARTIFACT_REGISTRY","automaticUpdatePolicy":{},"buildServiceAccount":"projects/rocket-prompt/serviceAccounts/169050684401-compute@developer.gserviceaccount.com"},"versionId":"29","updateTime":"2026-02-16T01:55:27Z"}}
[debug] [2026-02-16T01:55:27.494Z] Checked if tokens are valid: true, expires at: 1771210524661
[debug] [2026-02-16T01:55:27.494Z] Checked if tokens are valid: true, expires at: 1771210524661
[debug] [2026-02-16T01:55:27.494Z] >>> [apiv2][query] GET https://cloudfunctions.googleapis.com/v1/operations/cm9ja2V0LXByb21wdC91cy1jZW50cmFsMS9kZWxldGVTY2hlZHVsZWRSZW1pbmRlci9PZWEzMDU1WmdtUQ [none]
[debug] [2026-02-16T01:55:27.494Z] <<< [apiv2][status] PATCH https://cloudfunctions.googleapis.com/v1/projects/rocket-prompt/locations/us-central1/functions/createCheckoutSession 200
[debug] [2026-02-16T01:55:27.494Z] <<< [apiv2][body] PATCH https://cloudfunctions.googleapis.com/v1/projects/rocket-prompt/locations/us-central1/functions/createCheckoutSession {"name":"operations/cm9ja2V0LXByb21wdC91cy1jZW50cmFsMS9jcmVhdGVDaGVja291dFNlc3Npb24vdzlLNFJhdVdEU2M","metadata":{"@type":"type.googleapis.com/google.cloud.functions.v1.OperationMetadataV1","target":"projects/rocket-prompt/locations/us-central1/functions/createCheckoutSession","type":"UPDATE_FUNCTION","request":{"@type":"type.googleapis.com/google.cloud.functions.v1.CloudFunction","name":"projects/rocket-prompt/locations/us-central1/functions/createCheckoutSession","httpsTrigger":{"url":"https://us-central1-rocket-prompt.cloudfunctions.net/createCheckoutSession","securityLevel":"SECURE_ALWAYS"},"status":"ACTIVE","entryPoint":"createCheckoutSession","updateTime":"2026-02-12T16:31:01.071Z","versionId":"55","labels":{"deployment-tool":"cli-firebase","deployment-callable":"true","firebase-functions-hash":"2b734fd2536973b9b7ef964d880b2d948f20adbd"},"sourceUploadUrl":"https://storage.googleapis.com/uploads-17286520875.us-central1.cloudfunctions.appspot.com/e6460765-ab51-4992-8a95-38410992706c.zip?GoogleAccessId=service-169050684401@gcf-admin-robot.iam.gserviceaccount.com&Expires=1771205456&Signature=bumF7EQ7rFtyeJ3xEAzgNFGiEFpLle9UqsdRYwFi0t5fl1Aa7zmD6aaG3vAC4diZrzMEy6bsk49SCZTyIbaZzoNttyeYaVldVMjZK%2FYu3xQHSADL%2B4iYcjrtzVrQfiTENDASn%2FNKAv8bMQGrxMtfZIQxtgUbcDDR8DXjZQlttdK9yX0lcTjVLUwgoOkbaLr1QPw%2BXo%2BoxpRZt2w3VSpq3qTJTyFV2PEojeOXsGWeWMlYkX5JYUcBhoU98%2FzdqgOT%2BKj0JZoQ8SzAI6ehg6jdlSjMDTuJwhiWDSoGIobrb5vYlLD9oQrX6ma6tQICF54ZUs%2Fg81VtemQply1bYpkJAg%3D%3D","environmentVariables":{"GA_PROPERTY_ID":"G-6HCB340LRG","FIREBASE_CONFIG":"{\"projectId\":\"rocket-prompt\",\"storageBucket\":\"rocket-prompt.firebasestorage.app\"}","GCLOUD_PROJECT":"rocket-prompt","EVENTARC_CLOUD_EVENT_SOURCE":"projects/rocket-prompt/locations/us-central1/functions/createCheckoutSession"},"runtime":"nodejs22","buildId":"db98ec2a-9c20-4155-bb86-0dcb1f2da107","buildEnvironmentVariables":{"GOOGLE_NODE_RUN_SCRIPTS":""},"secretEnvironmentVariables":[{"key":"STRIPE_SECRET_KEY","projectId":"rocket-prompt","secret":"STRIPE_SECRET_KEY","version":"2"}],"buildName":"projects/169050684401/locations/us-central1/builds/db98ec2a-9c20-4155-bb86-0dcb1f2da107","dockerRegistry":"ARTIFACT_REGISTRY","automaticUpdatePolicy":{},"buildServiceAccount":"projects/rocket-prompt/serviceAccounts/169050684401-compute@developer.gserviceaccount.com"},"versionId":"56","updateTime":"2026-02-16T01:55:27Z"}}
[debug] [2026-02-16T01:55:27.494Z] Checked if tokens are valid: true, expires at: 1771210524661
[debug] [2026-02-16T01:55:27.494Z] Checked if tokens are valid: true, expires at: 1771210524661
[debug] [2026-02-16T01:55:27.494Z] >>> [apiv2][query] GET https://cloudfunctions.googleapis.com/v1/operations/cm9ja2V0LXByb21wdC91cy1jZW50cmFsMS9jcmVhdGVDaGVja291dFNlc3Npb24vdzlLNFJhdVdEU2M [none]
[debug] [2026-02-16T01:55:27.495Z] <<< [apiv2][status] PATCH https://cloudfunctions.googleapis.com/v1/projects/rocket-prompt/locations/us-central1/functions/sendGoalCreatedEmail 200
[debug] [2026-02-16T01:55:27.495Z] <<< [apiv2][body] PATCH https://cloudfunctions.googleapis.com/v1/projects/rocket-prompt/locations/us-central1/functions/sendGoalCreatedEmail {"name":"operations/cm9ja2V0LXByb21wdC91cy1jZW50cmFsMS9zZW5kR29hbENyZWF0ZWRFbWFpbC9MZDV2cFJjOFBIVQ","metadata":{"@type":"type.googleapis.com/google.cloud.functions.v1.OperationMetadataV1","target":"projects/rocket-prompt/locations/us-central1/functions/sendGoalCreatedEmail","type":"UPDATE_FUNCTION","request":{"@type":"type.googleapis.com/google.cloud.functions.v1.CloudFunction","name":"projects/rocket-prompt/locations/us-central1/functions/sendGoalCreatedEmail","httpsTrigger":{"url":"https://us-central1-rocket-prompt.cloudfunctions.net/sendGoalCreatedEmail","securityLevel":"SECURE_ALWAYS"},"status":"ACTIVE","entryPoint":"sendGoalCreatedEmail","updateTime":"2026-02-12T16:31:01.533Z","versionId":"53","labels":{"deployment-tool":"cli-firebase","deployment-callable":"true","firebase-functions-hash":"618a15276845177c7983eb5c1f991571ba8e7902"},"sourceUploadUrl":"https://storage.googleapis.com/uploads-17286520875.us-central1.cloudfunctions.appspot.com/e6460765-ab51-4992-8a95-38410992706c.zip?GoogleAccessId=service-169050684401@gcf-admin-robot.iam.gserviceaccount.com&Expires=1771205456&Signature=bumF7EQ7rFtyeJ3xEAzgNFGiEFpLle9UqsdRYwFi0t5fl1Aa7zmD6aaG3vAC4diZrzMEy6bsk49SCZTyIbaZzoNttyeYaVldVMjZK%2FYu3xQHSADL%2B4iYcjrtzVrQfiTENDASn%2FNKAv8bMQGrxMtfZIQxtgUbcDDR8DXjZQlttdK9yX0lcTjVLUwgoOkbaLr1QPw%2BXo%2BoxpRZt2w3VSpq3qTJTyFV2PEojeOXsGWeWMlYkX5JYUcBhoU98%2FzdqgOT%2BKj0JZoQ8SzAI6ehg6jdlSjMDTuJwhiWDSoGIobrb5vYlLD9oQrX6ma6tQICF54ZUs%2Fg81VtemQply1bYpkJAg%3D%3D","environmentVariables":{"GA_PROPERTY_ID":"G-6HCB340LRG","FIREBASE_CONFIG":"{\"projectId\":\"rocket-prompt\",\"storageBucket\":\"rocket-prompt.firebasestorage.app\"}","GCLOUD_PROJECT":"rocket-prompt","EVENTARC_CLOUD_EVENT_SOURCE":"projects/rocket-prompt/locations/us-central1/functions/sendGoalCreatedEmail"},"runtime":"nodejs22","buildId":"db98ec2a-9c20-4155-bb86-0dcb1f2da107","buildEnvironmentVariables":{"GOOGLE_NODE_RUN_SCRIPTS":""},"secretEnvironmentVariables":[{"key":"SENDGRID_API_KEY","projectId":"rocket-prompt","secret":"SENDGRID_API_KEY","version":"3"}],"buildName":"projects/169050684401/locations/us-central1/builds/db98ec2a-9c20-4155-bb86-0dcb1f2da107","dockerRegistry":"ARTIFACT_REGISTRY","automaticUpdatePolicy":{},"buildServiceAccount":"projects/rocket-prompt/serviceAccounts/169050684401-compute@developer.gserviceaccount.com"},"versionId":"54","updateTime":"2026-02-16T01:55:27Z"}}
[debug] [2026-02-16T01:55:27.495Z] Checked if tokens are valid: true, expires at: 1771210524661
[debug] [2026-02-16T01:55:27.496Z] Checked if tokens are valid: true, expires at: 1771210524661
[debug] [2026-02-16T01:55:27.496Z] >>> [apiv2][query] GET https://cloudfunctions.googleapis.com/v1/operations/cm9ja2V0LXByb21wdC91cy1jZW50cmFsMS9zZW5kR29hbENyZWF0ZWRFbWFpbC9MZDV2cFJjOFBIVQ [none]
[debug] [2026-02-16T01:55:27.496Z] <<< [apiv2][status] PATCH https://cloudfunctions.googleapis.com/v1/projects/rocket-prompt/locations/us-central1/functions/sendFanInviteEmail 200
[debug] [2026-02-16T01:55:27.496Z] <<< [apiv2][body] PATCH https://cloudfunctions.googleapis.com/v1/projects/rocket-prompt/locations/us-central1/functions/sendFanInviteEmail {"name":"operations/cm9ja2V0LXByb21wdC91cy1jZW50cmFsMS9zZW5kRmFuSW52aXRlRW1haWwvX3MtMzdKNUwzcUk","metadata":{"@type":"type.googleapis.com/google.cloud.functions.v1.OperationMetadataV1","target":"projects/rocket-prompt/locations/us-central1/functions/sendFanInviteEmail","type":"UPDATE_FUNCTION","request":{"@type":"type.googleapis.com/google.cloud.functions.v1.CloudFunction","name":"projects/rocket-prompt/locations/us-central1/functions/sendFanInviteEmail","httpsTrigger":{"url":"https://us-central1-rocket-prompt.cloudfunctions.net/sendFanInviteEmail","securityLevel":"SECURE_ALWAYS"},"status":"ACTIVE","entryPoint":"sendFanInviteEmail","updateTime":"2026-02-12T16:30:53.303Z","versionId":"29","labels":{"deployment-tool":"cli-firebase","deployment-callable":"true","firebase-functions-hash":"618a15276845177c7983eb5c1f991571ba8e7902"},"sourceUploadUrl":"https://storage.googleapis.com/uploads-17286520875.us-central1.cloudfunctions.appspot.com/e6460765-ab51-4992-8a95-38410992706c.zip?GoogleAccessId=service-169050684401@gcf-admin-robot.iam.gserviceaccount.com&Expires=1771205456&Signature=bumF7EQ7rFtyeJ3xEAzgNFGiEFpLle9UqsdRYwFi0t5fl1Aa7zmD6aaG3vAC4diZrzMEy6bsk49SCZTyIbaZzoNttyeYaVldVMjZK%2FYu3xQHSADL%2B4iYcjrtzVrQfiTENDASn%2FNKAv8bMQGrxMtfZIQxtgUbcDDR8DXjZQlttdK9yX0lcTjVLUwgoOkbaLr1QPw%2BXo%2BoxpRZt2w3VSpq3qTJTyFV2PEojeOXsGWeWMlYkX5JYUcBhoU98%2FzdqgOT%2BKj0JZoQ8SzAI6ehg6jdlSjMDTuJwhiWDSoGIobrb5vYlLD9oQrX6ma6tQICF54ZUs%2Fg81VtemQply1bYpkJAg%3D%3D","environmentVariables":{"GA_PROPERTY_ID":"G-6HCB340LRG","FIREBASE_CONFIG":"{\"projectId\":\"rocket-prompt\",\"storageBucket\":\"rocket-prompt.firebasestorage.app\"}","GCLOUD_PROJECT":"rocket-prompt","EVENTARC_CLOUD_EVENT_SOURCE":"projects/rocket-prompt/locations/us-central1/functions/sendFanInviteEmail"},"runtime":"nodejs22","buildId":"db98ec2a-9c20-4155-bb86-0dcb1f2da107","buildEnvironmentVariables":{"GOOGLE_NODE_RUN_SCRIPTS":""},"secretEnvironmentVariables":[{"key":"SENDGRID_API_KEY","projectId":"rocket-prompt","secret":"SENDGRID_API_KEY","version":"3"}],"buildName":"projects/169050684401/locations/us-central1/builds/db98ec2a-9c20-4155-bb86-0dcb1f2da107","dockerRegistry":"ARTIFACT_REGISTRY","automaticUpdatePolicy":{},"buildServiceAccount":"projects/rocket-prompt/serviceAccounts/169050684401-compute@developer.gserviceaccount.com"},"versionId":"30","updateTime":"2026-02-16T01:55:27Z"}}
[debug] [2026-02-16T01:55:27.496Z] Checked if tokens are valid: true, expires at: 1771210524661
[debug] [2026-02-16T01:55:27.496Z] Checked if tokens are valid: true, expires at: 1771210524661
[debug] [2026-02-16T01:55:27.496Z] >>> [apiv2][query] GET https://cloudfunctions.googleapis.com/v1/operations/cm9ja2V0LXByb21wdC91cy1jZW50cmFsMS9zZW5kRmFuSW52aXRlRW1haWwvX3MtMzdKNUwzcUk [none]
[debug] [2026-02-16T01:55:27.497Z] <<< [apiv2][status] PATCH https://cloudfunctions.googleapis.com/v1/projects/rocket-prompt/locations/us-central1/functions/redeemPromoCode 200
[debug] [2026-02-16T01:55:27.497Z] <<< [apiv2][body] PATCH https://cloudfunctions.googleapis.com/v1/projects/rocket-prompt/locations/us-central1/functions/redeemPromoCode {"name":"operations/cm9ja2V0LXByb21wdC91cy1jZW50cmFsMS9yZWRlZW1Qcm9tb0NvZGUvZnM5T2F3b1NEUDA","metadata":{"@type":"type.googleapis.com/google.cloud.functions.v1.OperationMetadataV1","target":"projects/rocket-prompt/locations/us-central1/functions/redeemPromoCode","type":"UPDATE_FUNCTION","request":{"@type":"type.googleapis.com/google.cloud.functions.v1.CloudFunction","name":"projects/rocket-prompt/locations/us-central1/functions/redeemPromoCode","httpsTrigger":{"url":"https://us-central1-rocket-prompt.cloudfunctions.net/redeemPromoCode","securityLevel":"SECURE_ALWAYS"},"status":"ACTIVE","entryPoint":"redeemPromoCode","updateTime":"2026-02-12T16:31:01.210Z","versionId":"35","labels":{"deployment-tool":"cli-firebase","deployment-callable":"true","firebase-functions-hash":"41bc74008db6748b3d763b884d070ba33406658c"},"sourceUploadUrl":"https://storage.googleapis.com/uploads-17286520875.us-central1.cloudfunctions.appspot.com/e6460765-ab51-4992-8a95-38410992706c.zip?GoogleAccessId=service-169050684401@gcf-admin-robot.iam.gserviceaccount.com&Expires=1771205456&Signature=bumF7EQ7rFtyeJ3xEAzgNFGiEFpLle9UqsdRYwFi0t5fl1Aa7zmD6aaG3vAC4diZrzMEy6bsk49SCZTyIbaZzoNttyeYaVldVMjZK%2FYu3xQHSADL%2B4iYcjrtzVrQfiTENDASn%2FNKAv8bMQGrxMtfZIQxtgUbcDDR8DXjZQlttdK9yX0lcTjVLUwgoOkbaLr1QPw%2BXo%2BoxpRZt2w3VSpq3qTJTyFV2PEojeOXsGWeWMlYkX5JYUcBhoU98%2FzdqgOT%2BKj0JZoQ8SzAI6ehg6jdlSjMDTuJwhiWDSoGIobrb5vYlLD9oQrX6ma6tQICF54ZUs%2Fg81VtemQply1bYpkJAg%3D%3D","environmentVariables":{"GA_PROPERTY_ID":"G-6HCB340LRG","FIREBASE_CONFIG":"{\"projectId\":\"rocket-prompt\",\"storageBucket\":\"rocket-prompt.firebasestorage.app\"}","GCLOUD_PROJECT":"rocket-prompt","EVENTARC_CLOUD_EVENT_SOURCE":"projects/rocket-prompt/locations/us-central1/functions/redeemPromoCode"},"runtime":"nodejs22","buildId":"db98ec2a-9c20-4155-bb86-0dcb1f2da107","buildEnvironmentVariables":{"GOOGLE_NODE_RUN_SCRIPTS":""},"buildName":"projects/169050684401/locations/us-central1/builds/db98ec2a-9c20-4155-bb86-0dcb1f2da107","dockerRegistry":"ARTIFACT_REGISTRY","automaticUpdatePolicy":{},"buildServiceAccount":"projects/rocket-prompt/serviceAccounts/169050684401-compute@developer.gserviceaccount.com"},"versionId":"36","updateTime":"2026-02-16T01:55:27Z"}}
[debug] [2026-02-16T01:55:27.497Z] Checked if tokens are valid: true, expires at: 1771210524661
[debug] [2026-02-16T01:55:27.497Z] Checked if tokens are valid: true, expires at: 1771210524661
[debug] [2026-02-16T01:55:27.497Z] >>> [apiv2][query] GET https://cloudfunctions.googleapis.com/v1/operations/cm9ja2V0LXByb21wdC91cy1jZW50cmFsMS9yZWRlZW1Qcm9tb0NvZGUvZnM5T2F3b1NEUDA [none]
[debug] [2026-02-16T01:55:27.498Z] <<< [apiv2][status] PATCH https://cloudfunctions.googleapis.com/v1/projects/rocket-prompt/locations/us-central1/functions/createBillingPortalSession 200
[debug] [2026-02-16T01:55:27.498Z] <<< [apiv2][body] PATCH https://cloudfunctions.googleapis.com/v1/projects/rocket-prompt/locations/us-central1/functions/createBillingPortalSession {"name":"operations/cm9ja2V0LXByb21wdC91cy1jZW50cmFsMS9jcmVhdGVCaWxsaW5nUG9ydGFsU2Vzc2lvbi9URzgwQ1Q5bU5uUQ","metadata":{"@type":"type.googleapis.com/google.cloud.functions.v1.OperationMetadataV1","target":"projects/rocket-prompt/locations/us-central1/functions/createBillingPortalSession","type":"UPDATE_FUNCTION","request":{"@type":"type.googleapis.com/google.cloud.functions.v1.CloudFunction","name":"projects/rocket-prompt/locations/us-central1/functions/createBillingPortalSession","httpsTrigger":{"url":"https://us-central1-rocket-prompt.cloudfunctions.net/createBillingPortalSession","securityLevel":"SECURE_ALWAYS"},"status":"ACTIVE","entryPoint":"createBillingPortalSession","updateTime":"2026-02-12T16:30:55.684Z","versionId":"37","labels":{"deployment-tool":"cli-firebase","deployment-callable":"true","firebase-functions-hash":"2b734fd2536973b9b7ef964d880b2d948f20adbd"},"sourceUploadUrl":"https://storage.googleapis.com/uploads-17286520875.us-central1.cloudfunctions.appspot.com/e6460765-ab51-4992-8a95-38410992706c.zip?GoogleAccessId=service-169050684401@gcf-admin-robot.iam.gserviceaccount.com&Expires=1771205456&Signature=bumF7EQ7rFtyeJ3xEAzgNFGiEFpLle9UqsdRYwFi0t5fl1Aa7zmD6aaG3vAC4diZrzMEy6bsk49SCZTyIbaZzoNttyeYaVldVMjZK%2FYu3xQHSADL%2B4iYcjrtzVrQfiTENDASn%2FNKAv8bMQGrxMtfZIQxtgUbcDDR8DXjZQlttdK9yX0lcTjVLUwgoOkbaLr1QPw%2BXo%2BoxpRZt2w3VSpq3qTJTyFV2PEojeOXsGWeWMlYkX5JYUcBhoU98%2FzdqgOT%2BKj0JZoQ8SzAI6ehg6jdlSjMDTuJwhiWDSoGIobrb5vYlLD9oQrX6ma6tQICF54ZUs%2Fg81VtemQply1bYpkJAg%3D%3D","environmentVariables":{"GA_PROPERTY_ID":"G-6HCB340LRG","FIREBASE_CONFIG":"{\"projectId\":\"rocket-prompt\",\"storageBucket\":\"rocket-prompt.firebasestorage.app\"}","GCLOUD_PROJECT":"rocket-prompt","EVENTARC_CLOUD_EVENT_SOURCE":"projects/rocket-prompt/locations/us-central1/functions/createBillingPortalSession"},"runtime":"nodejs22","buildId":"db98ec2a-9c20-4155-bb86-0dcb1f2da107","buildEnvironmentVariables":{"GOOGLE_NODE_RUN_SCRIPTS":""},"secretEnvironmentVariables":[{"key":"STRIPE_SECRET_KEY","projectId":"rocket-prompt","secret":"STRIPE_SECRET_KEY","version":"2"}],"buildName":"projects/169050684401/locations/us-central1/builds/db98ec2a-9c20-4155-bb86-0dcb1f2da107","dockerRegistry":"ARTIFACT_REGISTRY","automaticUpdatePolicy":{},"buildServiceAccount":"projects/rocket-prompt/serviceAccounts/169050684401-compute@developer.gserviceaccount.com"},"versionId":"38","updateTime":"2026-02-16T01:55:27Z"}}
[debug] [2026-02-16T01:55:27.499Z] Checked if tokens are valid: true, expires at: 1771210524661
[debug] [2026-02-16T01:55:27.499Z] Checked if tokens are valid: true, expires at: 1771210524661
[debug] [2026-02-16T01:55:27.499Z] >>> [apiv2][query] GET https://cloudfunctions.googleapis.com/v1/operations/cm9ja2V0LXByb21wdC91cy1jZW50cmFsMS9jcmVhdGVCaWxsaW5nUG9ydGFsU2Vzc2lvbi9URzgwQ1Q5bU5uUQ [none]
[debug] [2026-02-16T01:55:27.499Z] <<< [apiv2][status] PATCH https://cloudfunctions.googleapis.com/v1/projects/rocket-prompt/locations/us-central1/functions/processAIPrompt 200
[debug] [2026-02-16T01:55:27.499Z] <<< [apiv2][body] PATCH https://cloudfunctions.googleapis.com/v1/projects/rocket-prompt/locations/us-central1/functions/processAIPrompt {"name":"operations/cm9ja2V0LXByb21wdC91cy1jZW50cmFsMS9wcm9jZXNzQUlQcm9tcHQvT0V2MUVOYXpPOGc","metadata":{"@type":"type.googleapis.com/google.cloud.functions.v1.OperationMetadataV1","target":"projects/rocket-prompt/locations/us-central1/functions/processAIPrompt","type":"UPDATE_FUNCTION","request":{"@type":"type.googleapis.com/google.cloud.functions.v1.CloudFunction","name":"projects/rocket-prompt/locations/us-central1/functions/processAIPrompt","eventTrigger":{"eventType":"providers/cloud.firestore/eventTypes/document.create","resource":"projects/rocket-prompt/databases/(default)/documents/public/{documentId}","service":"firestore.googleapis.com"},"status":"ACTIVE","entryPoint":"processAIPrompt","updateTime":"2026-02-12T16:31:01.309Z","versionId":"70","labels":{"deployment-tool":"cli-firebase","firebase-functions-hash":"8cccf774767a1e841527f76f60f6384852585d79"},"sourceUploadUrl":"https://storage.googleapis.com/uploads-17286520875.us-central1.cloudfunctions.appspot.com/e6460765-ab51-4992-8a95-38410992706c.zip?GoogleAccessId=service-169050684401@gcf-admin-robot.iam.gserviceaccount.com&Expires=1771205456&Signature=bumF7EQ7rFtyeJ3xEAzgNFGiEFpLle9UqsdRYwFi0t5fl1Aa7zmD6aaG3vAC4diZrzMEy6bsk49SCZTyIbaZzoNttyeYaVldVMjZK%2FYu3xQHSADL%2B4iYcjrtzVrQfiTENDASn%2FNKAv8bMQGrxMtfZIQxtgUbcDDR8DXjZQlttdK9yX0lcTjVLUwgoOkbaLr1QPw%2BXo%2BoxpRZt2w3VSpq3qTJTyFV2PEojeOXsGWeWMlYkX5JYUcBhoU98%2FzdqgOT%2BKj0JZoQ8SzAI6ehg6jdlSjMDTuJwhiWDSoGIobrb5vYlLD9oQrX6ma6tQICF54ZUs%2Fg81VtemQply1bYpkJAg%3D%3D","environmentVariables":{"GA_PROPERTY_ID":"G-6HCB340LRG","FIREBASE_CONFIG":"{\"projectId\":\"rocket-prompt\",\"storageBucket\":\"rocket-prompt.firebasestorage.app\"}","GCLOUD_PROJECT":"rocket-prompt","EVENTARC_CLOUD_EVENT_SOURCE":"projects/rocket-prompt/locations/us-central1/functions/processAIPrompt"},"runtime":"nodejs22","buildId":"db98ec2a-9c20-4155-bb86-0dcb1f2da107","buildEnvironmentVariables":{"GOOGLE_NODE_RUN_SCRIPTS":""},"secretEnvironmentVariables":[{"key":"GEMINI_API_KEY","projectId":"rocket-prompt","secret":"GEMINI_API_KEY","version":"3"}],"buildName":"projects/169050684401/locations/us-central1/builds/db98ec2a-9c20-4155-bb86-0dcb1f2da107","dockerRegistry":"ARTIFACT_REGISTRY","automaticUpdatePolicy":{},"buildServiceAccount":"projects/rocket-prompt/serviceAccounts/169050684401-compute@developer.gserviceaccount.com"},"versionId":"71","updateTime":"2026-02-16T01:55:27Z"}}
[debug] [2026-02-16T01:55:27.499Z] Checked if tokens are valid: true, expires at: 1771210524661
[debug] [2026-02-16T01:55:27.499Z] Checked if tokens are valid: true, expires at: 1771210524661
[debug] [2026-02-16T01:55:27.499Z] >>> [apiv2][query] GET https://cloudfunctions.googleapis.com/v1/operations/cm9ja2V0LXByb21wdC91cy1jZW50cmFsMS9wcm9jZXNzQUlQcm9tcHQvT0V2MUVOYXpPOGc [none]
[debug] [2026-02-16T01:55:27.500Z] <<< [apiv2][status] PATCH https://cloudfunctions.googleapis.com/v1/projects/rocket-prompt/locations/us-central1/functions/cancelSubscription 200
[debug] [2026-02-16T01:55:27.500Z] <<< [apiv2][body] PATCH https://cloudfunctions.googleapis.com/v1/projects/rocket-prompt/locations/us-central1/functions/cancelSubscription {"name":"operations/cm9ja2V0LXByb21wdC91cy1jZW50cmFsMS9jYW5jZWxTdWJzY3JpcHRpb24vaXREdThuWkppUVE","metadata":{"@type":"type.googleapis.com/google.cloud.functions.v1.OperationMetadataV1","target":"projects/rocket-prompt/locations/us-central1/functions/cancelSubscription","type":"UPDATE_FUNCTION","request":{"@type":"type.googleapis.com/google.cloud.functions.v1.CloudFunction","name":"projects/rocket-prompt/locations/us-central1/functions/cancelSubscription","httpsTrigger":{"url":"https://us-central1-rocket-prompt.cloudfunctions.net/cancelSubscription","securityLevel":"SECURE_ALWAYS"},"status":"ACTIVE","entryPoint":"cancelSubscription","updateTime":"2026-02-12T16:30:54.155Z","versionId":"37","labels":{"deployment-tool":"cli-firebase","deployment-callable":"true","firebase-functions-hash":"2b734fd2536973b9b7ef964d880b2d948f20adbd"},"sourceUploadUrl":"https://storage.googleapis.com/uploads-17286520875.us-central1.cloudfunctions.appspot.com/e6460765-ab51-4992-8a95-38410992706c.zip?GoogleAccessId=service-169050684401@gcf-admin-robot.iam.gserviceaccount.com&Expires=1771205456&Signature=bumF7EQ7rFtyeJ3xEAzgNFGiEFpLle9UqsdRYwFi0t5fl1Aa7zmD6aaG3vAC4diZrzMEy6bsk49SCZTyIbaZzoNttyeYaVldVMjZK%2FYu3xQHSADL%2B4iYcjrtzVrQfiTENDASn%2FNKAv8bMQGrxMtfZIQxtgUbcDDR8DXjZQlttdK9yX0lcTjVLUwgoOkbaLr1QPw%2BXo%2BoxpRZt2w3VSpq3qTJTyFV2PEojeOXsGWeWMlYkX5JYUcBhoU98%2FzdqgOT%2BKj0JZoQ8SzAI6ehg6jdlSjMDTuJwhiWDSoGIobrb5vYlLD9oQrX6ma6tQICF54ZUs%2Fg81VtemQply1bYpkJAg%3D%3D","environmentVariables":{"GA_PROPERTY_ID":"G-6HCB340LRG","FIREBASE_CONFIG":"{\"projectId\":\"rocket-prompt\",\"storageBucket\":\"rocket-prompt.firebasestorage.app\"}","GCLOUD_PROJECT":"rocket-prompt","EVENTARC_CLOUD_EVENT_SOURCE":"projects/rocket-prompt/locations/us-central1/functions/cancelSubscription"},"runtime":"nodejs22","buildId":"db98ec2a-9c20-4155-bb86-0dcb1f2da107","buildEnvironmentVariables":{"GOOGLE_NODE_RUN_SCRIPTS":""},"secretEnvironmentVariables":[{"key":"STRIPE_SECRET_KEY","projectId":"rocket-prompt","secret":"STRIPE_SECRET_KEY","version":"2"}],"buildName":"projects/169050684401/locations/us-central1/builds/db98ec2a-9c20-4155-bb86-0dcb1f2da107","dockerRegistry":"ARTIFACT_REGISTRY","automaticUpdatePolicy":{},"buildServiceAccount":"projects/rocket-prompt/serviceAccounts/169050684401-compute@developer.gserviceaccount.com"},"versionId":"38","updateTime":"2026-02-16T01:55:27Z"}}
[debug] [2026-02-16T01:55:27.500Z] Checked if tokens are valid: true, expires at: 1771210524661
[debug] [2026-02-16T01:55:27.500Z] Checked if tokens are valid: true, expires at: 1771210524661
[debug] [2026-02-16T01:55:27.500Z] >>> [apiv2][query] GET https://cloudfunctions.googleapis.com/v1/operations/cm9ja2V0LXByb21wdC91cy1jZW50cmFsMS9jYW5jZWxTdWJzY3JpcHRpb24vaXREdThuWkppUVE [none]
[debug] [2026-02-16T01:55:27.516Z] <<< [apiv2][status] PATCH https://cloudfunctions.googleapis.com/v1/projects/rocket-prompt/locations/us-central1/functions/addScheduledReminder 200
[debug] [2026-02-16T01:55:27.516Z] <<< [apiv2][body] PATCH https://cloudfunctions.googleapis.com/v1/projects/rocket-prompt/locations/us-central1/functions/addScheduledReminder {"name":"operations/cm9ja2V0LXByb21wdC91cy1jZW50cmFsMS9hZGRTY2hlZHVsZWRSZW1pbmRlci9Gd1RVbUhic1VIRQ","metadata":{"@type":"type.googleapis.com/google.cloud.functions.v1.OperationMetadataV1","target":"projects/rocket-prompt/locations/us-central1/functions/addScheduledReminder","type":"UPDATE_FUNCTION","request":{"@type":"type.googleapis.com/google.cloud.functions.v1.CloudFunction","name":"projects/rocket-prompt/locations/us-central1/functions/addScheduledReminder","httpsTrigger":{"url":"https://us-central1-rocket-prompt.cloudfunctions.net/addScheduledReminder","securityLevel":"SECURE_ALWAYS"},"status":"ACTIVE","entryPoint":"addScheduledReminder","updateTime":"2026-02-12T16:31:05.476Z","versionId":"28","labels":{"deployment-tool":"cli-firebase","deployment-callable":"true","firebase-functions-hash":"41bc74008db6748b3d763b884d070ba33406658c"},"sourceUploadUrl":"https://storage.googleapis.com/uploads-17286520875.us-central1.cloudfunctions.appspot.com/e6460765-ab51-4992-8a95-38410992706c.zip?GoogleAccessId=service-169050684401@gcf-admin-robot.iam.gserviceaccount.com&Expires=1771205456&Signature=bumF7EQ7rFtyeJ3xEAzgNFGiEFpLle9UqsdRYwFi0t5fl1Aa7zmD6aaG3vAC4diZrzMEy6bsk49SCZTyIbaZzoNttyeYaVldVMjZK%2FYu3xQHSADL%2B4iYcjrtzVrQfiTENDASn%2FNKAv8bMQGrxMtfZIQxtgUbcDDR8DXjZQlttdK9yX0lcTjVLUwgoOkbaLr1QPw%2BXo%2BoxpRZt2w3VSpq3qTJTyFV2PEojeOXsGWeWMlYkX5JYUcBhoU98%2FzdqgOT%2BKj0JZoQ8SzAI6ehg6jdlSjMDTuJwhiWDSoGIobrb5vYlLD9oQrX6ma6tQICF54ZUs%2Fg81VtemQply1bYpkJAg%3D%3D","environmentVariables":{"GA_PROPERTY_ID":"G-6HCB340LRG","FIREBASE_CONFIG":"{\"projectId\":\"rocket-prompt\",\"storageBucket\":\"rocket-prompt.firebasestorage.app\"}","GCLOUD_PROJECT":"rocket-prompt","EVENTARC_CLOUD_EVENT_SOURCE":"projects/rocket-prompt/locations/us-central1/functions/addScheduledReminder"},"runtime":"nodejs22","buildId":"db98ec2a-9c20-4155-bb86-0dcb1f2da107","buildEnvironmentVariables":{"GOOGLE_NODE_RUN_SCRIPTS":""},"buildName":"projects/169050684401/locations/us-central1/builds/db98ec2a-9c20-4155-bb86-0dcb1f2da107","dockerRegistry":"ARTIFACT_REGISTRY","automaticUpdatePolicy":{},"buildServiceAccount":"projects/rocket-prompt/serviceAccounts/169050684401-compute@developer.gserviceaccount.com"},"versionId":"29","updateTime":"2026-02-16T01:55:27Z"}}
[debug] [2026-02-16T01:55:27.516Z] Checked if tokens are valid: true, expires at: 1771210524661
[debug] [2026-02-16T01:55:27.516Z] Checked if tokens are valid: true, expires at: 1771210524661
[debug] [2026-02-16T01:55:27.517Z] >>> [apiv2][query] GET https://cloudfunctions.googleapis.com/v1/operations/cm9ja2V0LXByb21wdC91cy1jZW50cmFsMS9hZGRTY2hlZHVsZWRSZW1pbmRlci9Gd1RVbUhic1VIRQ [none]
[debug] [2026-02-16T01:55:27.518Z] <<< [apiv2][status] PATCH https://cloudfunctions.googleapis.com/v1/projects/rocket-prompt/locations/us-central1/functions/sendTestDailyReminder 200
[debug] [2026-02-16T01:55:27.518Z] <<< [apiv2][body] PATCH https://cloudfunctions.googleapis.com/v1/projects/rocket-prompt/locations/us-central1/functions/sendTestDailyReminder {"name":"operations/cm9ja2V0LXByb21wdC91cy1jZW50cmFsMS9zZW5kVGVzdERhaWx5UmVtaW5kZXIvT3JjX0tBY0ZkZ2s","metadata":{"@type":"type.googleapis.com/google.cloud.functions.v1.OperationMetadataV1","target":"projects/rocket-prompt/locations/us-central1/functions/sendTestDailyReminder","type":"UPDATE_FUNCTION","request":{"@type":"type.googleapis.com/google.cloud.functions.v1.CloudFunction","name":"projects/rocket-prompt/locations/us-central1/functions/sendTestDailyReminder","httpsTrigger":{"url":"https://us-central1-rocket-prompt.cloudfunctions.net/sendTestDailyReminder","securityLevel":"SECURE_ALWAYS"},"status":"ACTIVE","entryPoint":"sendTestDailyReminder","updateTime":"2026-02-12T16:31:04.868Z","versionId":"7","labels":{"deployment-tool":"cli-firebase","deployment-callable":"true","firebase-functions-hash":"618a15276845177c7983eb5c1f991571ba8e7902"},"sourceUploadUrl":"https://storage.googleapis.com/uploads-17286520875.us-central1.cloudfunctions.appspot.com/e6460765-ab51-4992-8a95-38410992706c.zip?GoogleAccessId=service-169050684401@gcf-admin-robot.iam.gserviceaccount.com&Expires=1771205456&Signature=bumF7EQ7rFtyeJ3xEAzgNFGiEFpLle9UqsdRYwFi0t5fl1Aa7zmD6aaG3vAC4diZrzMEy6bsk49SCZTyIbaZzoNttyeYaVldVMjZK%2FYu3xQHSADL%2B4iYcjrtzVrQfiTENDASn%2FNKAv8bMQGrxMtfZIQxtgUbcDDR8DXjZQlttdK9yX0lcTjVLUwgoOkbaLr1QPw%2BXo%2BoxpRZt2w3VSpq3qTJTyFV2PEojeOXsGWeWMlYkX5JYUcBhoU98%2FzdqgOT%2BKj0JZoQ8SzAI6ehg6jdlSjMDTuJwhiWDSoGIobrb5vYlLD9oQrX6ma6tQICF54ZUs%2Fg81VtemQply1bYpkJAg%3D%3D","environmentVariables":{"GA_PROPERTY_ID":"G-6HCB340LRG","FIREBASE_CONFIG":"{\"projectId\":\"rocket-prompt\",\"storageBucket\":\"rocket-prompt.firebasestorage.app\"}","GCLOUD_PROJECT":"rocket-prompt","EVENTARC_CLOUD_EVENT_SOURCE":"projects/rocket-prompt/locations/us-central1/functions/sendTestDailyReminder"},"runtime":"nodejs22","buildId":"db98ec2a-9c20-4155-bb86-0dcb1f2da107","buildEnvironmentVariables":{"GOOGLE_NODE_RUN_SCRIPTS":""},"secretEnvironmentVariables":[{"key":"SENDGRID_API_KEY","projectId":"rocket-prompt","secret":"SENDGRID_API_KEY","version":"3"}],"buildName":"projects/169050684401/locations/us-central1/builds/db98ec2a-9c20-4155-bb86-0dcb1f2da107","dockerRegistry":"ARTIFACT_REGISTRY","automaticUpdatePolicy":{},"buildServiceAccount":"projects/rocket-prompt/serviceAccounts/169050684401-compute@developer.gserviceaccount.com"},"versionId":"8","updateTime":"2026-02-16T01:55:27Z"}}
[debug] [2026-02-16T01:55:27.519Z] Checked if tokens are valid: true, expires at: 1771210524661
[debug] [2026-02-16T01:55:27.519Z] Checked if tokens are valid: true, expires at: 1771210524661
[debug] [2026-02-16T01:55:27.519Z] >>> [apiv2][query] GET https://cloudfunctions.googleapis.com/v1/operations/cm9ja2V0LXByb21wdC91cy1jZW50cmFsMS9zZW5kVGVzdERhaWx5UmVtaW5kZXIvT3JjX0tBY0ZkZ2s [none]
[debug] [2026-02-16T01:55:27.535Z] <<< [apiv2][status] PATCH https://cloudfunctions.googleapis.com/v1/projects/rocket-prompt/locations/us-central1/functions/previewGoalReminder 200
[debug] [2026-02-16T01:55:27.535Z] <<< [apiv2][body] PATCH https://cloudfunctions.googleapis.com/v1/projects/rocket-prompt/locations/us-central1/functions/previewGoalReminder {"name":"operations/cm9ja2V0LXByb21wdC91cy1jZW50cmFsMS9wcmV2aWV3R29hbFJlbWluZGVyL0d5TDNUMEIwM3M4","metadata":{"@type":"type.googleapis.com/google.cloud.functions.v1.OperationMetadataV1","target":"projects/rocket-prompt/locations/us-central1/functions/previewGoalReminder","type":"UPDATE_FUNCTION","request":{"@type":"type.googleapis.com/google.cloud.functions.v1.CloudFunction","name":"projects/rocket-prompt/locations/us-central1/functions/previewGoalReminder","httpsTrigger":{"url":"https://us-central1-rocket-prompt.cloudfunctions.net/previewGoalReminder","securityLevel":"SECURE_ALWAYS"},"status":"ACTIVE","entryPoint":"previewGoalReminder","updateTime":"2026-02-12T16:31:01.109Z","versionId":"30","labels":{"deployment-tool":"cli-firebase","deployment-callable":"true","firebase-functions-hash":"618a15276845177c7983eb5c1f991571ba8e7902"},"sourceUploadUrl":"https://storage.googleapis.com/uploads-17286520875.us-central1.cloudfunctions.appspot.com/e6460765-ab51-4992-8a95-38410992706c.zip?GoogleAccessId=service-169050684401@gcf-admin-robot.iam.gserviceaccount.com&Expires=1771205456&Signature=bumF7EQ7rFtyeJ3xEAzgNFGiEFpLle9UqsdRYwFi0t5fl1Aa7zmD6aaG3vAC4diZrzMEy6bsk49SCZTyIbaZzoNttyeYaVldVMjZK%2FYu3xQHSADL%2B4iYcjrtzVrQfiTENDASn%2FNKAv8bMQGrxMtfZIQxtgUbcDDR8DXjZQlttdK9yX0lcTjVLUwgoOkbaLr1QPw%2BXo%2BoxpRZt2w3VSpq3qTJTyFV2PEojeOXsGWeWMlYkX5JYUcBhoU98%2FzdqgOT%2BKj0JZoQ8SzAI6ehg6jdlSjMDTuJwhiWDSoGIobrb5vYlLD9oQrX6ma6tQICF54ZUs%2Fg81VtemQply1bYpkJAg%3D%3D","environmentVariables":{"GA_PROPERTY_ID":"G-6HCB340LRG","FIREBASE_CONFIG":"{\"projectId\":\"rocket-prompt\",\"storageBucket\":\"rocket-prompt.firebasestorage.app\"}","GCLOUD_PROJECT":"rocket-prompt","EVENTARC_CLOUD_EVENT_SOURCE":"projects/rocket-prompt/locations/us-central1/functions/previewGoalReminder"},"runtime":"nodejs22","buildId":"db98ec2a-9c20-4155-bb86-0dcb1f2da107","buildEnvironmentVariables":{"GOOGLE_NODE_RUN_SCRIPTS":""},"secretEnvironmentVariables":[{"key":"SENDGRID_API_KEY","projectId":"rocket-prompt","secret":"SENDGRID_API_KEY","version":"3"}],"buildName":"projects/169050684401/locations/us-central1/builds/db98ec2a-9c20-4155-bb86-0dcb1f2da107","dockerRegistry":"ARTIFACT_REGISTRY","automaticUpdatePolicy":{},"buildServiceAccount":"projects/rocket-prompt/serviceAccounts/169050684401-compute@developer.gserviceaccount.com"},"versionId":"31","updateTime":"2026-02-16T01:55:27Z"}}
[debug] [2026-02-16T01:55:27.535Z] Checked if tokens are valid: true, expires at: 1771210524661
[debug] [2026-02-16T01:55:27.535Z] Checked if tokens are valid: true, expires at: 1771210524661
[debug] [2026-02-16T01:55:27.535Z] >>> [apiv2][query] GET https://cloudfunctions.googleapis.com/v1/operations/cm9ja2V0LXByb21wdC91cy1jZW50cmFsMS9wcmV2aWV3R29hbFJlbWluZGVyL0d5TDNUMEIwM3M4 [none]
[debug] [2026-02-16T01:55:27.537Z] <<< [apiv2][status] PATCH https://cloudfunctions.googleapis.com/v1/projects/rocket-prompt/locations/us-central1/functions/getScheduledReminders 200
[debug] [2026-02-16T01:55:27.537Z] <<< [apiv2][body] PATCH https://cloudfunctions.googleapis.com/v1/projects/rocket-prompt/locations/us-central1/functions/getScheduledReminders {"name":"operations/cm9ja2V0LXByb21wdC91cy1jZW50cmFsMS9nZXRTY2hlZHVsZWRSZW1pbmRlcnMvT3liUEJod21YU2M","metadata":{"@type":"type.googleapis.com/google.cloud.functions.v1.OperationMetadataV1","target":"projects/rocket-prompt/locations/us-central1/functions/getScheduledReminders","type":"UPDATE_FUNCTION","request":{"@type":"type.googleapis.com/google.cloud.functions.v1.CloudFunction","name":"projects/rocket-prompt/locations/us-central1/functions/getScheduledReminders","httpsTrigger":{"url":"https://us-central1-rocket-prompt.cloudfunctions.net/getScheduledReminders","securityLevel":"SECURE_ALWAYS"},"status":"ACTIVE","entryPoint":"getScheduledReminders","updateTime":"2026-02-12T16:30:58.486Z","versionId":"28","labels":{"deployment-tool":"cli-firebase","deployment-callable":"true","firebase-functions-hash":"41bc74008db6748b3d763b884d070ba33406658c"},"sourceUploadUrl":"https://storage.googleapis.com/uploads-17286520875.us-central1.cloudfunctions.appspot.com/e6460765-ab51-4992-8a95-38410992706c.zip?GoogleAccessId=service-169050684401@gcf-admin-robot.iam.gserviceaccount.com&Expires=1771205456&Signature=bumF7EQ7rFtyeJ3xEAzgNFGiEFpLle9UqsdRYwFi0t5fl1Aa7zmD6aaG3vAC4diZrzMEy6bsk49SCZTyIbaZzoNttyeYaVldVMjZK%2FYu3xQHSADL%2B4iYcjrtzVrQfiTENDASn%2FNKAv8bMQGrxMtfZIQxtgUbcDDR8DXjZQlttdK9yX0lcTjVLUwgoOkbaLr1QPw%2BXo%2BoxpRZt2w3VSpq3qTJTyFV2PEojeOXsGWeWMlYkX5JYUcBhoU98%2FzdqgOT%2BKj0JZoQ8SzAI6ehg6jdlSjMDTuJwhiWDSoGIobrb5vYlLD9oQrX6ma6tQICF54ZUs%2Fg81VtemQply1bYpkJAg%3D%3D","environmentVariables":{"GA_PROPERTY_ID":"G-6HCB340LRG","FIREBASE_CONFIG":"{\"projectId\":\"rocket-prompt\",\"storageBucket\":\"rocket-prompt.firebasestorage.app\"}","GCLOUD_PROJECT":"rocket-prompt","EVENTARC_CLOUD_EVENT_SOURCE":"projects/rocket-prompt/locations/us-central1/functions/getScheduledReminders"},"runtime":"nodejs22","buildId":"db98ec2a-9c20-4155-bb86-0dcb1f2da107","buildEnvironmentVariables":{"GOOGLE_NODE_RUN_SCRIPTS":""},"buildName":"projects/169050684401/locations/us-central1/builds/db98ec2a-9c20-4155-bb86-0dcb1f2da107","dockerRegistry":"ARTIFACT_REGISTRY","automaticUpdatePolicy":{},"buildServiceAccount":"projects/rocket-prompt/serviceAccounts/169050684401-compute@developer.gserviceaccount.com"},"versionId":"29","updateTime":"2026-02-16T01:55:27Z"}}
[debug] [2026-02-16T01:55:27.537Z] Checked if tokens are valid: true, expires at: 1771210524661
[debug] [2026-02-16T01:55:27.537Z] Checked if tokens are valid: true, expires at: 1771210524661
[debug] [2026-02-16T01:55:27.537Z] >>> [apiv2][query] GET https://cloudfunctions.googleapis.com/v1/operations/cm9ja2V0LXByb21wdC91cy1jZW50cmFsMS9nZXRTY2hlZHVsZWRSZW1pbmRlcnMvT3liUEJod21YU2M [none]
[debug] [2026-02-16T01:55:27.542Z] <<< [apiv2][status] PATCH https://cloudfunctions.googleapis.com/v1/projects/rocket-prompt/locations/us-central1/functions/sendTestSMS 200
[debug] [2026-02-16T01:55:27.542Z] <<< [apiv2][body] PATCH https://cloudfunctions.googleapis.com/v1/projects/rocket-prompt/locations/us-central1/functions/sendTestSMS {"name":"operations/cm9ja2V0LXByb21wdC91cy1jZW50cmFsMS9zZW5kVGVzdFNNUy9GaTBrYVhrV2IyTQ","metadata":{"@type":"type.googleapis.com/google.cloud.functions.v1.OperationMetadataV1","target":"projects/rocket-prompt/locations/us-central1/functions/sendTestSMS","type":"UPDATE_FUNCTION","request":{"@type":"type.googleapis.com/google.cloud.functions.v1.CloudFunction","name":"projects/rocket-prompt/locations/us-central1/functions/sendTestSMS","httpsTrigger":{"url":"https://us-central1-rocket-prompt.cloudfunctions.net/sendTestSMS","securityLevel":"SECURE_ALWAYS"},"status":"ACTIVE","entryPoint":"sendTestSMS","updateTime":"2026-02-12T16:31:01.407Z","versionId":"34","labels":{"deployment-tool":"cli-firebase","deployment-callable":"true","firebase-functions-hash":"ca781756249ad7fc9598babcb3c779ba6bee6da0"},"sourceUploadUrl":"https://storage.googleapis.com/uploads-17286520875.us-central1.cloudfunctions.appspot.com/e6460765-ab51-4992-8a95-38410992706c.zip?GoogleAccessId=service-169050684401@gcf-admin-robot.iam.gserviceaccount.com&Expires=1771205456&Signature=bumF7EQ7rFtyeJ3xEAzgNFGiEFpLle9UqsdRYwFi0t5fl1Aa7zmD6aaG3vAC4diZrzMEy6bsk49SCZTyIbaZzoNttyeYaVldVMjZK%2FYu3xQHSADL%2B4iYcjrtzVrQfiTENDASn%2FNKAv8bMQGrxMtfZIQxtgUbcDDR8DXjZQlttdK9yX0lcTjVLUwgoOkbaLr1QPw%2BXo%2BoxpRZt2w3VSpq3qTJTyFV2PEojeOXsGWeWMlYkX5JYUcBhoU98%2FzdqgOT%2BKj0JZoQ8SzAI6ehg6jdlSjMDTuJwhiWDSoGIobrb5vYlLD9oQrX6ma6tQICF54ZUs%2Fg81VtemQply1bYpkJAg%3D%3D","environmentVariables":{"GA_PROPERTY_ID":"G-6HCB340LRG","FIREBASE_CONFIG":"{\"projectId\":\"rocket-prompt\",\"storageBucket\":\"rocket-prompt.firebasestorage.app\"}","GCLOUD_PROJECT":"rocket-prompt","EVENTARC_CLOUD_EVENT_SOURCE":"projects/rocket-prompt/locations/us-central1/functions/sendTestSMS"},"runtime":"nodejs22","buildId":"db98ec2a-9c20-4155-bb86-0dcb1f2da107","buildEnvironmentVariables":{"GOOGLE_NODE_RUN_SCRIPTS":""},"secretEnvironmentVariables":[{"key":"TWILIO_ACCOUNT_SID","projectId":"rocket-prompt","secret":"TWILIO_ACCOUNT_SID","version":"2"},{"key":"TWILIO_AUTH_TOKEN","projectId":"rocket-prompt","secret":"TWILIO_AUTH_TOKEN","version":"2"},{"key":"TWILIO_PHONE_NUMBER","projectId":"rocket-prompt","secret":"TWILIO_PHONE_NUMBER","version":"2"}],"buildName":"projects/169050684401/locations/us-central1/builds/db98ec2a-9c20-4155-bb86-0dcb1f2da107","dockerRegistry":"ARTIFACT_REGISTRY","automaticUpdatePolicy":{},"buildServiceAccount":"projects/rocket-prompt/serviceAccounts/169050684401-compute@developer.gserviceaccount.com"},"versionId":"35","updateTime":"2026-02-16T01:55:27Z"}}
[debug] [2026-02-16T01:55:27.542Z] Checked if tokens are valid: true, expires at: 1771210524661
[debug] [2026-02-16T01:55:27.542Z] Checked if tokens are valid: true, expires at: 1771210524661
[debug] [2026-02-16T01:55:27.542Z] >>> [apiv2][query] GET https://cloudfunctions.googleapis.com/v1/operations/cm9ja2V0LXByb21wdC91cy1jZW50cmFsMS9zZW5kVGVzdFNNUy9GaTBrYVhrV2IyTQ [none]
[debug] [2026-02-16T01:55:27.581Z] <<< [apiv2][status] GET https://cloudfunctions.googleapis.com/v1/operations/cm9ja2V0LXByb21wdC91cy1jZW50cmFsMS9yZWFjdGl2YXRlU3Vic2NyaXB0aW9uL3VxeGZwYkJJUF9n 200
[debug] [2026-02-16T01:55:27.581Z] <<< [apiv2][body] GET https://cloudfunctions.googleapis.com/v1/operations/cm9ja2V0LXByb21wdC91cy1jZW50cmFsMS9yZWFjdGl2YXRlU3Vic2NyaXB0aW9uL3VxeGZwYkJJUF9n {"name":"operations/cm9ja2V0LXByb21wdC91cy1jZW50cmFsMS9yZWFjdGl2YXRlU3Vic2NyaXB0aW9uL3VxeGZwYkJJUF9n","metadata":{"@type":"type.googleapis.com/google.cloud.functions.v1.OperationMetadataV1","target":"projects/rocket-prompt/locations/us-central1/functions/reactivateSubscription","type":"UPDATE_FUNCTION","request":{"@type":"type.googleapis.com/google.cloud.functions.v1.CloudFunction","name":"projects/rocket-prompt/locations/us-central1/functions/reactivateSubscription","httpsTrigger":{"url":"https://us-central1-rocket-prompt.cloudfunctions.net/reactivateSubscription","securityLevel":"SECURE_ALWAYS"},"status":"ACTIVE","entryPoint":"reactivateSubscription","updateTime":"2026-02-12T16:30:55.269Z","versionId":"37","labels":{"deployment-tool":"cli-firebase","deployment-callable":"true","firebase-functions-hash":"2b734fd2536973b9b7ef964d880b2d948f20adbd"},"sourceUploadUrl":"https://storage.googleapis.com/uploads-17286520875.us-central1.cloudfunctions.appspot.com/e6460765-ab51-4992-8a95-38410992706c.zip?GoogleAccessId=service-169050684401@gcf-admin-robot.iam.gserviceaccount.com&Expires=1771205456&Signature=bumF7EQ7rFtyeJ3xEAzgNFGiEFpLle9UqsdRYwFi0t5fl1Aa7zmD6aaG3vAC4diZrzMEy6bsk49SCZTyIbaZzoNttyeYaVldVMjZK%2FYu3xQHSADL%2B4iYcjrtzVrQfiTENDASn%2FNKAv8bMQGrxMtfZIQxtgUbcDDR8DXjZQlttdK9yX0lcTjVLUwgoOkbaLr1QPw%2BXo%2BoxpRZt2w3VSpq3qTJTyFV2PEojeOXsGWeWMlYkX5JYUcBhoU98%2FzdqgOT%2BKj0JZoQ8SzAI6ehg6jdlSjMDTuJwhiWDSoGIobrb5vYlLD9oQrX6ma6tQICF54ZUs%2Fg81VtemQply1bYpkJAg%3D%3D","environmentVariables":{"GA_PROPERTY_ID":"G-6HCB340LRG","FIREBASE_CONFIG":"{\"projectId\":\"rocket-prompt\",\"storageBucket\":\"rocket-prompt.firebasestorage.app\"}","GCLOUD_PROJECT":"rocket-prompt","EVENTARC_CLOUD_EVENT_SOURCE":"projects/rocket-prompt/locations/us-central1/functions/reactivateSubscription"},"runtime":"nodejs22","buildId":"db98ec2a-9c20-4155-bb86-0dcb1f2da107","buildEnvironmentVariables":{"GOOGLE_NODE_RUN_SCRIPTS":""},"secretEnvironmentVariables":[{"key":"STRIPE_SECRET_KEY","projectId":"rocket-prompt","secret":"STRIPE_SECRET_KEY","version":"2"}],"buildName":"projects/169050684401/locations/us-central1/builds/db98ec2a-9c20-4155-bb86-0dcb1f2da107","dockerRegistry":"ARTIFACT_REGISTRY","automaticUpdatePolicy":{},"buildServiceAccount":"projects/rocket-prompt/serviceAccounts/169050684401-compute@developer.gserviceaccount.com"},"versionId":"38","updateTime":"2026-02-16T01:55:27Z"}}
[debug] [2026-02-16T01:55:27.581Z] <<< [apiv2][status] GET https://cloudfunctions.googleapis.com/v1/operations/cm9ja2V0LXByb21wdC91cy1jZW50cmFsMS9zZW5kVGVzdEVtYWlsL0VHWDNkSFhnUmdF 200
[debug] [2026-02-16T01:55:27.581Z] <<< [apiv2][body] GET https://cloudfunctions.googleapis.com/v1/operations/cm9ja2V0LXByb21wdC91cy1jZW50cmFsMS9zZW5kVGVzdEVtYWlsL0VHWDNkSFhnUmdF {"name":"operations/cm9ja2V0LXByb21wdC91cy1jZW50cmFsMS9zZW5kVGVzdEVtYWlsL0VHWDNkSFhnUmdF","metadata":{"@type":"type.googleapis.com/google.cloud.functions.v1.OperationMetadataV1","target":"projects/rocket-prompt/locations/us-central1/functions/sendTestEmail","type":"UPDATE_FUNCTION","request":{"@type":"type.googleapis.com/google.cloud.functions.v1.CloudFunction","name":"projects/rocket-prompt/locations/us-central1/functions/sendTestEmail","httpsTrigger":{"url":"https://us-central1-rocket-prompt.cloudfunctions.net/sendTestEmail","securityLevel":"SECURE_ALWAYS"},"status":"ACTIVE","entryPoint":"sendTestEmail","updateTime":"2026-02-12T16:31:05.937Z","versionId":"71","labels":{"deployment-tool":"cli-firebase","deployment-callable":"true","firebase-functions-hash":"618a15276845177c7983eb5c1f991571ba8e7902"},"sourceUploadUrl":"https://storage.googleapis.com/uploads-17286520875.us-central1.cloudfunctions.appspot.com/e6460765-ab51-4992-8a95-38410992706c.zip?GoogleAccessId=service-169050684401@gcf-admin-robot.iam.gserviceaccount.com&Expires=1771205456&Signature=bumF7EQ7rFtyeJ3xEAzgNFGiEFpLle9UqsdRYwFi0t5fl1Aa7zmD6aaG3vAC4diZrzMEy6bsk49SCZTyIbaZzoNttyeYaVldVMjZK%2FYu3xQHSADL%2B4iYcjrtzVrQfiTENDASn%2FNKAv8bMQGrxMtfZIQxtgUbcDDR8DXjZQlttdK9yX0lcTjVLUwgoOkbaLr1QPw%2BXo%2BoxpRZt2w3VSpq3qTJTyFV2PEojeOXsGWeWMlYkX5JYUcBhoU98%2FzdqgOT%2BKj0JZoQ8SzAI6ehg6jdlSjMDTuJwhiWDSoGIobrb5vYlLD9oQrX6ma6tQICF54ZUs%2Fg81VtemQply1bYpkJAg%3D%3D","environmentVariables":{"GA_PROPERTY_ID":"G-6HCB340LRG","FIREBASE_CONFIG":"{\"projectId\":\"rocket-prompt\",\"storageBucket\":\"rocket-prompt.firebasestorage.app\"}","GCLOUD_PROJECT":"rocket-prompt","EVENTARC_CLOUD_EVENT_SOURCE":"projects/rocket-prompt/locations/us-central1/functions/sendTestEmail"},"runtime":"nodejs22","buildId":"db98ec2a-9c20-4155-bb86-0dcb1f2da107","buildEnvironmentVariables":{"GOOGLE_NODE_RUN_SCRIPTS":""},"secretEnvironmentVariables":[{"key":"SENDGRID_API_KEY","projectId":"rocket-prompt","secret":"SENDGRID_API_KEY","version":"3"}],"buildName":"projects/169050684401/locations/us-central1/builds/db98ec2a-9c20-4155-bb86-0dcb1f2da107","dockerRegistry":"ARTIFACT_REGISTRY","automaticUpdatePolicy":{},"buildServiceAccount":"projects/rocket-prompt/serviceAccounts/169050684401-compute@developer.gserviceaccount.com"},"versionId":"72","updateTime":"2026-02-16T01:55:27Z"}}
[debug] [2026-02-16T01:55:27.589Z] <<< [apiv2][status] GET https://cloudfunctions.googleapis.com/v1/operations/cm9ja2V0LXByb21wdC91cy1jZW50cmFsMS91cGRhdGVTY2hlZHVsZWRSZW1pbmRlci9UeGlDZWtGVm5Waw 200
[debug] [2026-02-16T01:55:27.589Z] <<< [apiv2][body] GET https://cloudfunctions.googleapis.com/v1/operations/cm9ja2V0LXByb21wdC91cy1jZW50cmFsMS91cGRhdGVTY2hlZHVsZWRSZW1pbmRlci9UeGlDZWtGVm5Waw {"name":"operations/cm9ja2V0LXByb21wdC91cy1jZW50cmFsMS91cGRhdGVTY2hlZHVsZWRSZW1pbmRlci9UeGlDZWtGVm5Waw","metadata":{"@type":"type.googleapis.com/google.cloud.functions.v1.OperationMetadataV1","target":"projects/rocket-prompt/locations/us-central1/functions/updateScheduledReminder","type":"UPDATE_FUNCTION","request":{"@type":"type.googleapis.com/google.cloud.functions.v1.CloudFunction","name":"projects/rocket-prompt/locations/us-central1/functions/updateScheduledReminder","httpsTrigger":{"url":"https://us-central1-rocket-prompt.cloudfunctions.net/updateScheduledReminder","securityLevel":"SECURE_ALWAYS"},"status":"ACTIVE","entryPoint":"updateScheduledReminder","updateTime":"2026-02-12T16:31:01.698Z","versionId":"28","labels":{"deployment-tool":"cli-firebase","deployment-callable":"true","firebase-functions-hash":"41bc74008db6748b3d763b884d070ba33406658c"},"sourceUploadUrl":"https://storage.googleapis.com/uploads-17286520875.us-central1.cloudfunctions.appspot.com/e6460765-ab51-4992-8a95-38410992706c.zip?GoogleAccessId=service-169050684401@gcf-admin-robot.iam.gserviceaccount.com&Expires=1771205456&Signature=bumF7EQ7rFtyeJ3xEAzgNFGiEFpLle9UqsdRYwFi0t5fl1Aa7zmD6aaG3vAC4diZrzMEy6bsk49SCZTyIbaZzoNttyeYaVldVMjZK%2FYu3xQHSADL%2B4iYcjrtzVrQfiTENDASn%2FNKAv8bMQGrxMtfZIQxtgUbcDDR8DXjZQlttdK9yX0lcTjVLUwgoOkbaLr1QPw%2BXo%2BoxpRZt2w3VSpq3qTJTyFV2PEojeOXsGWeWMlYkX5JYUcBhoU98%2FzdqgOT%2BKj0JZoQ8SzAI6ehg6jdlSjMDTuJwhiWDSoGIobrb5vYlLD9oQrX6ma6tQICF54ZUs%2Fg81VtemQply1bYpkJAg%3D%3D","environmentVariables":{"GA_PROPERTY_ID":"G-6HCB340LRG","FIREBASE_CONFIG":"{\"projectId\":\"rocket-prompt\",\"storageBucket\":\"rocket-prompt.firebasestorage.app\"}","GCLOUD_PROJECT":"rocket-prompt","EVENTARC_CLOUD_EVENT_SOURCE":"projects/rocket-prompt/locations/us-central1/functions/updateScheduledReminder"},"runtime":"nodejs22","buildId":"db98ec2a-9c20-4155-bb86-0dcb1f2da107","buildEnvironmentVariables":{"GOOGLE_NODE_RUN_SCRIPTS":""},"buildName":"projects/169050684401/locations/us-central1/builds/db98ec2a-9c20-4155-bb86-0dcb1f2da107","dockerRegistry":"ARTIFACT_REGISTRY","automaticUpdatePolicy":{},"buildServiceAccount":"projects/rocket-prompt/serviceAccounts/169050684401-compute@developer.gserviceaccount.com"},"versionId":"29","updateTime":"2026-02-16T01:55:27Z"}}
[debug] [2026-02-16T01:55:27.590Z] <<< [apiv2][status] GET https://cloudfunctions.googleapis.com/v1/operations/cm9ja2V0LXByb21wdC91cy1jZW50cmFsMS9zZW5kVGVzdEdvYWxSZW1pbmRlci9Qel95cEFMaWZQSQ 200
[debug] [2026-02-16T01:55:27.590Z] <<< [apiv2][body] GET https://cloudfunctions.googleapis.com/v1/operations/cm9ja2V0LXByb21wdC91cy1jZW50cmFsMS9zZW5kVGVzdEdvYWxSZW1pbmRlci9Qel95cEFMaWZQSQ {"name":"operations/cm9ja2V0LXByb21wdC91cy1jZW50cmFsMS9zZW5kVGVzdEdvYWxSZW1pbmRlci9Qel95cEFMaWZQSQ","metadata":{"@type":"type.googleapis.com/google.cloud.functions.v1.OperationMetadataV1","target":"projects/rocket-prompt/locations/us-central1/functions/sendTestGoalReminder","type":"UPDATE_FUNCTION","request":{"@type":"type.googleapis.com/google.cloud.functions.v1.CloudFunction","name":"projects/rocket-prompt/locations/us-central1/functions/sendTestGoalReminder","httpsTrigger":{"url":"https://us-central1-rocket-prompt.cloudfunctions.net/sendTestGoalReminder","securityLevel":"SECURE_ALWAYS"},"status":"ACTIVE","entryPoint":"sendTestGoalReminder","updateTime":"2026-02-12T16:31:02.374Z","versionId":"30","labels":{"deployment-tool":"cli-firebase","deployment-callable":"true","firebase-functions-hash":"618a15276845177c7983eb5c1f991571ba8e7902"},"sourceUploadUrl":"https://storage.googleapis.com/uploads-17286520875.us-central1.cloudfunctions.appspot.com/e6460765-ab51-4992-8a95-38410992706c.zip?GoogleAccessId=service-169050684401@gcf-admin-robot.iam.gserviceaccount.com&Expires=1771205456&Signature=bumF7EQ7rFtyeJ3xEAzgNFGiEFpLle9UqsdRYwFi0t5fl1Aa7zmD6aaG3vAC4diZrzMEy6bsk49SCZTyIbaZzoNttyeYaVldVMjZK%2FYu3xQHSADL%2B4iYcjrtzVrQfiTENDASn%2FNKAv8bMQGrxMtfZIQxtgUbcDDR8DXjZQlttdK9yX0lcTjVLUwgoOkbaLr1QPw%2BXo%2BoxpRZt2w3VSpq3qTJTyFV2PEojeOXsGWeWMlYkX5JYUcBhoU98%2FzdqgOT%2BKj0JZoQ8SzAI6ehg6jdlSjMDTuJwhiWDSoGIobrb5vYlLD9oQrX6ma6tQICF54ZUs%2Fg81VtemQply1bYpkJAg%3D%3D","environmentVariables":{"GA_PROPERTY_ID":"G-6HCB340LRG","FIREBASE_CONFIG":"{\"projectId\":\"rocket-prompt\",\"storageBucket\":\"rocket-prompt.firebasestorage.app\"}","GCLOUD_PROJECT":"rocket-prompt","EVENTARC_CLOUD_EVENT_SOURCE":"projects/rocket-prompt/locations/us-central1/functions/sendTestGoalReminder"},"runtime":"nodejs22","buildId":"db98ec2a-9c20-4155-bb86-0dcb1f2da107","buildEnvironmentVariables":{"GOOGLE_NODE_RUN_SCRIPTS":""},"secretEnvironmentVariables":[{"key":"SENDGRID_API_KEY","projectId":"rocket-prompt","secret":"SENDGRID_API_KEY","version":"3"}],"buildName":"projects/169050684401/locations/us-central1/builds/db98ec2a-9c20-4155-bb86-0dcb1f2da107","dockerRegistry":"ARTIFACT_REGISTRY","automaticUpdatePolicy":{},"buildServiceAccount":"projects/rocket-prompt/serviceAccounts/169050684401-compute@developer.gserviceaccount.com"},"versionId":"31","updateTime":"2026-02-16T01:55:27Z"}}
[debug] [2026-02-16T01:55:27.590Z] <<< [apiv2][status] GET https://cloudfunctions.googleapis.com/v1/operations/cm9ja2V0LXByb21wdC91cy1jZW50cmFsMS9wcm9jZXNzV2Vla2x5UmVzZXRzL2Y1eEZXMUhGbC1z 200
[debug] [2026-02-16T01:55:27.591Z] <<< [apiv2][body] GET https://cloudfunctions.googleapis.com/v1/operations/cm9ja2V0LXByb21wdC91cy1jZW50cmFsMS9wcm9jZXNzV2Vla2x5UmVzZXRzL2Y1eEZXMUhGbC1z {"name":"operations/cm9ja2V0LXByb21wdC91cy1jZW50cmFsMS9wcm9jZXNzV2Vla2x5UmVzZXRzL2Y1eEZXMUhGbC1z","metadata":{"@type":"type.googleapis.com/google.cloud.functions.v1.OperationMetadataV1","target":"projects/rocket-prompt/locations/us-central1/functions/processWeeklyResets","type":"UPDATE_FUNCTION","request":{"@type":"type.googleapis.com/google.cloud.functions.v1.CloudFunction","name":"projects/rocket-prompt/locations/us-central1/functions/processWeeklyResets","eventTrigger":{"eventType":"google.pubsub.topic.publish","resource":"projects/rocket-prompt/topics/firebase-schedule-processWeeklyResets-us-central1","service":"pubsub.googleapis.com","failurePolicy":{}},"status":"ACTIVE","entryPoint":"processWeeklyResets","timeout":"540s","availableMemoryMb":512,"updateTime":"2026-02-12T16:31:20.023Z","versionId":"15","labels":{"deployment-tool":"cli-firebase","deployment-scheduled":"true","firebase-functions-hash":"618a15276845177c7983eb5c1f991571ba8e7902"},"sourceUploadUrl":"https://storage.googleapis.com/uploads-17286520875.us-central1.cloudfunctions.appspot.com/e6460765-ab51-4992-8a95-38410992706c.zip?GoogleAccessId=service-169050684401@gcf-admin-robot.iam.gserviceaccount.com&Expires=1771205456&Signature=bumF7EQ7rFtyeJ3xEAzgNFGiEFpLle9UqsdRYwFi0t5fl1Aa7zmD6aaG3vAC4diZrzMEy6bsk49SCZTyIbaZzoNttyeYaVldVMjZK%2FYu3xQHSADL%2B4iYcjrtzVrQfiTENDASn%2FNKAv8bMQGrxMtfZIQxtgUbcDDR8DXjZQlttdK9yX0lcTjVLUwgoOkbaLr1QPw%2BXo%2BoxpRZt2w3VSpq3qTJTyFV2PEojeOXsGWeWMlYkX5JYUcBhoU98%2FzdqgOT%2BKj0JZoQ8SzAI6ehg6jdlSjMDTuJwhiWDSoGIobrb5vYlLD9oQrX6ma6tQICF54ZUs%2Fg81VtemQply1bYpkJAg%3D%3D","environmentVariables":{"GA_PROPERTY_ID":"G-6HCB340LRG","FIREBASE_CONFIG":"{\"projectId\":\"rocket-prompt\",\"storageBucket\":\"rocket-prompt.firebasestorage.app\"}","GCLOUD_PROJECT":"rocket-prompt","EVENTARC_CLOUD_EVENT_SOURCE":"projects/rocket-prompt/locations/us-central1/functions/processWeeklyResets"},"runtime":"nodejs22","buildId":"143cbe67-682a-4ca1-85c0-3897bd88aa23","buildEnvironmentVariables":{"GOOGLE_NODE_RUN_SCRIPTS":""},"secretEnvironmentVariables":[{"key":"SENDGRID_API_KEY","projectId":"rocket-prompt","secret":"SENDGRID_API_KEY","version":"3"}],"buildName":"projects/169050684401/locations/us-central1/builds/143cbe67-682a-4ca1-85c0-3897bd88aa23","dockerRegistry":"ARTIFACT_REGISTRY","automaticUpdatePolicy":{},"buildServiceAccount":"projects/rocket-prompt/serviceAccounts/169050684401-compute@developer.gserviceaccount.com"},"versionId":"16","updateTime":"2026-02-16T01:55:27Z"}}
[debug] [2026-02-16T01:55:27.591Z] <<< [apiv2][status] GET https://cloudfunctions.googleapis.com/v1/operations/cm9ja2V0LXByb21wdC91cy1jZW50cmFsMS9zZW5kVmVyaWZpY2F0aW9uRW1haWwvdUd3Z2xtVHBKU0U 200
[debug] [2026-02-16T01:55:27.591Z] <<< [apiv2][body] GET https://cloudfunctions.googleapis.com/v1/operations/cm9ja2V0LXByb21wdC91cy1jZW50cmFsMS9zZW5kVmVyaWZpY2F0aW9uRW1haWwvdUd3Z2xtVHBKU0U {"name":"operations/cm9ja2V0LXByb21wdC91cy1jZW50cmFsMS9zZW5kVmVyaWZpY2F0aW9uRW1haWwvdUd3Z2xtVHBKU0U","metadata":{"@type":"type.googleapis.com/google.cloud.functions.v1.OperationMetadataV1","target":"projects/rocket-prompt/locations/us-central1/functions/sendVerificationEmail","type":"UPDATE_FUNCTION","request":{"@type":"type.googleapis.com/google.cloud.functions.v1.CloudFunction","name":"projects/rocket-prompt/locations/us-central1/functions/sendVerificationEmail","httpsTrigger":{"url":"https://us-central1-rocket-prompt.cloudfunctions.net/sendVerificationEmail","securityLevel":"SECURE_ALWAYS"},"status":"ACTIVE","entryPoint":"sendVerificationEmail","updateTime":"2026-02-12T16:30:57.969Z","versionId":"54","labels":{"deployment-tool":"cli-firebase","deployment-callable":"true","firebase-functions-hash":"618a15276845177c7983eb5c1f991571ba8e7902"},"sourceUploadUrl":"https://storage.googleapis.com/uploads-17286520875.us-central1.cloudfunctions.appspot.com/e6460765-ab51-4992-8a95-38410992706c.zip?GoogleAccessId=service-169050684401@gcf-admin-robot.iam.gserviceaccount.com&Expires=1771205456&Signature=bumF7EQ7rFtyeJ3xEAzgNFGiEFpLle9UqsdRYwFi0t5fl1Aa7zmD6aaG3vAC4diZrzMEy6bsk49SCZTyIbaZzoNttyeYaVldVMjZK%2FYu3xQHSADL%2B4iYcjrtzVrQfiTENDASn%2FNKAv8bMQGrxMtfZIQxtgUbcDDR8DXjZQlttdK9yX0lcTjVLUwgoOkbaLr1QPw%2BXo%2BoxpRZt2w3VSpq3qTJTyFV2PEojeOXsGWeWMlYkX5JYUcBhoU98%2FzdqgOT%2BKj0JZoQ8SzAI6ehg6jdlSjMDTuJwhiWDSoGIobrb5vYlLD9oQrX6ma6tQICF54ZUs%2Fg81VtemQply1bYpkJAg%3D%3D","environmentVariables":{"GA_PROPERTY_ID":"G-6HCB340LRG","FIREBASE_CONFIG":"{\"projectId\":\"rocket-prompt\",\"storageBucket\":\"rocket-prompt.firebasestorage.app\"}","GCLOUD_PROJECT":"rocket-prompt","EVENTARC_CLOUD_EVENT_SOURCE":"projects/rocket-prompt/locations/us-central1/functions/sendVerificationEmail"},"runtime":"nodejs22","buildId":"db98ec2a-9c20-4155-bb86-0dcb1f2da107","buildEnvironmentVariables":{"GOOGLE_NODE_RUN_SCRIPTS":""},"secretEnvironmentVariables":[{"key":"SENDGRID_API_KEY","projectId":"rocket-prompt","secret":"SENDGRID_API_KEY","version":"3"}],"buildName":"projects/169050684401/locations/us-central1/builds/db98ec2a-9c20-4155-bb86-0dcb1f2da107","dockerRegistry":"ARTIFACT_REGISTRY","automaticUpdatePolicy":{},"buildServiceAccount":"projects/rocket-prompt/serviceAccounts/169050684401-compute@developer.gserviceaccount.com"},"versionId":"55","updateTime":"2026-02-16T01:55:27Z"}}
[debug] [2026-02-16T01:55:27.595Z] <<< [apiv2][status] GET https://cloudfunctions.googleapis.com/v1/operations/cm9ja2V0LXByb21wdC91cy1jZW50cmFsMS9wcm9jZXNzU2NoZWR1bGVkUmVtaW5kZXJzL3pRT1hQUVJhRkY0 200
[debug] [2026-02-16T01:55:27.595Z] <<< [apiv2][body] GET https://cloudfunctions.googleapis.com/v1/operations/cm9ja2V0LXByb21wdC91cy1jZW50cmFsMS9wcm9jZXNzU2NoZWR1bGVkUmVtaW5kZXJzL3pRT1hQUVJhRkY0 {"name":"operations/cm9ja2V0LXByb21wdC91cy1jZW50cmFsMS9wcm9jZXNzU2NoZWR1bGVkUmVtaW5kZXJzL3pRT1hQUVJhRkY0","metadata":{"@type":"type.googleapis.com/google.cloud.functions.v1.OperationMetadataV1","target":"projects/rocket-prompt/locations/us-central1/functions/processScheduledReminders","type":"UPDATE_FUNCTION","request":{"@type":"type.googleapis.com/google.cloud.functions.v1.CloudFunction","name":"projects/rocket-prompt/locations/us-central1/functions/processScheduledReminders","eventTrigger":{"eventType":"google.pubsub.topic.publish","resource":"projects/rocket-prompt/topics/firebase-schedule-processScheduledReminders-us-central1","service":"pubsub.googleapis.com","failurePolicy":{}},"status":"ACTIVE","entryPoint":"processScheduledReminders","timeout":"540s","availableMemoryMb":512,"updateTime":"2026-02-12T16:31:12.513Z","versionId":"29","labels":{"deployment-tool":"cli-firebase","deployment-scheduled":"true","firebase-functions-hash":"618a15276845177c7983eb5c1f991571ba8e7902"},"sourceUploadUrl":"https://storage.googleapis.com/uploads-17286520875.us-central1.cloudfunctions.appspot.com/e6460765-ab51-4992-8a95-38410992706c.zip?GoogleAccessId=service-169050684401@gcf-admin-robot.iam.gserviceaccount.com&Expires=1771205456&Signature=bumF7EQ7rFtyeJ3xEAzgNFGiEFpLle9UqsdRYwFi0t5fl1Aa7zmD6aaG3vAC4diZrzMEy6bsk49SCZTyIbaZzoNttyeYaVldVMjZK%2FYu3xQHSADL%2B4iYcjrtzVrQfiTENDASn%2FNKAv8bMQGrxMtfZIQxtgUbcDDR8DXjZQlttdK9yX0lcTjVLUwgoOkbaLr1QPw%2BXo%2BoxpRZt2w3VSpq3qTJTyFV2PEojeOXsGWeWMlYkX5JYUcBhoU98%2FzdqgOT%2BKj0JZoQ8SzAI6ehg6jdlSjMDTuJwhiWDSoGIobrb5vYlLD9oQrX6ma6tQICF54ZUs%2Fg81VtemQply1bYpkJAg%3D%3D","environmentVariables":{"GA_PROPERTY_ID":"G-6HCB340LRG","FIREBASE_CONFIG":"{\"projectId\":\"rocket-prompt\",\"storageBucket\":\"rocket-prompt.firebasestorage.app\"}","GCLOUD_PROJECT":"rocket-prompt","EVENTARC_CLOUD_EVENT_SOURCE":"projects/rocket-prompt/locations/us-central1/functions/processScheduledReminders"},"runtime":"nodejs22","buildId":"143cbe67-682a-4ca1-85c0-3897bd88aa23","buildEnvironmentVariables":{"GOOGLE_NODE_RUN_SCRIPTS":""},"secretEnvironmentVariables":[{"key":"SENDGRID_API_KEY","projectId":"rocket-prompt","secret":"SENDGRID_API_KEY","version":"3"}],"buildName":"projects/169050684401/locations/us-central1/builds/143cbe67-682a-4ca1-85c0-3897bd88aa23","dockerRegistry":"ARTIFACT_REGISTRY","automaticUpdatePolicy":{},"buildServiceAccount":"projects/rocket-prompt/serviceAccounts/169050684401-compute@developer.gserviceaccount.com"},"versionId":"30","updateTime":"2026-02-16T01:55:27Z"}}
[debug] [2026-02-16T01:55:27.595Z] <<< [apiv2][status] GET https://cloudfunctions.googleapis.com/v1/operations/cm9ja2V0LXByb21wdC91cy1jZW50cmFsMS9kZWxldGVTY2hlZHVsZWRSZW1pbmRlci9PZWEzMDU1WmdtUQ 200
[debug] [2026-02-16T01:55:27.595Z] <<< [apiv2][body] GET https://cloudfunctions.googleapis.com/v1/operations/cm9ja2V0LXByb21wdC91cy1jZW50cmFsMS9kZWxldGVTY2hlZHVsZWRSZW1pbmRlci9PZWEzMDU1WmdtUQ {"name":"operations/cm9ja2V0LXByb21wdC91cy1jZW50cmFsMS9kZWxldGVTY2hlZHVsZWRSZW1pbmRlci9PZWEzMDU1WmdtUQ","metadata":{"@type":"type.googleapis.com/google.cloud.functions.v1.OperationMetadataV1","target":"projects/rocket-prompt/locations/us-central1/functions/deleteScheduledReminder","type":"UPDATE_FUNCTION","request":{"@type":"type.googleapis.com/google.cloud.functions.v1.CloudFunction","name":"projects/rocket-prompt/locations/us-central1/functions/deleteScheduledReminder","httpsTrigger":{"url":"https://us-central1-rocket-prompt.cloudfunctions.net/deleteScheduledReminder","securityLevel":"SECURE_ALWAYS"},"status":"ACTIVE","entryPoint":"deleteScheduledReminder","updateTime":"2026-02-12T16:31:00.941Z","versionId":"28","labels":{"deployment-tool":"cli-firebase","deployment-callable":"true","firebase-functions-hash":"41bc74008db6748b3d763b884d070ba33406658c"},"sourceUploadUrl":"https://storage.googleapis.com/uploads-17286520875.us-central1.cloudfunctions.appspot.com/e6460765-ab51-4992-8a95-38410992706c.zip?GoogleAccessId=service-169050684401@gcf-admin-robot.iam.gserviceaccount.com&Expires=1771205456&Signature=bumF7EQ7rFtyeJ3xEAzgNFGiEFpLle9UqsdRYwFi0t5fl1Aa7zmD6aaG3vAC4diZrzMEy6bsk49SCZTyIbaZzoNttyeYaVldVMjZK%2FYu3xQHSADL%2B4iYcjrtzVrQfiTENDASn%2FNKAv8bMQGrxMtfZIQxtgUbcDDR8DXjZQlttdK9yX0lcTjVLUwgoOkbaLr1QPw%2BXo%2BoxpRZt2w3VSpq3qTJTyFV2PEojeOXsGWeWMlYkX5JYUcBhoU98%2FzdqgOT%2BKj0JZoQ8SzAI6ehg6jdlSjMDTuJwhiWDSoGIobrb5vYlLD9oQrX6ma6tQICF54ZUs%2Fg81VtemQply1bYpkJAg%3D%3D","environmentVariables":{"GA_PROPERTY_ID":"G-6HCB340LRG","FIREBASE_CONFIG":"{\"projectId\":\"rocket-prompt\",\"storageBucket\":\"rocket-prompt.firebasestorage.app\"}","GCLOUD_PROJECT":"rocket-prompt","EVENTARC_CLOUD_EVENT_SOURCE":"projects/rocket-prompt/locations/us-central1/functions/deleteScheduledReminder"},"runtime":"nodejs22","buildId":"db98ec2a-9c20-4155-bb86-0dcb1f2da107","buildEnvironmentVariables":{"GOOGLE_NODE_RUN_SCRIPTS":""},"buildName":"projects/169050684401/locations/us-central1/builds/db98ec2a-9c20-4155-bb86-0dcb1f2da107","dockerRegistry":"ARTIFACT_REGISTRY","automaticUpdatePolicy":{},"buildServiceAccount":"projects/rocket-prompt/serviceAccounts/169050684401-compute@developer.gserviceaccount.com"},"versionId":"29","updateTime":"2026-02-16T01:55:27Z"}}
[debug] [2026-02-16T01:55:27.596Z] <<< [apiv2][status] GET https://cloudfunctions.googleapis.com/v1/operations/cm9ja2V0LXByb21wdC91cy1jZW50cmFsMS9zY2hlZHVsZURlbW9FbWFpbC9oSFFkNWlmTDBoYw 200
[debug] [2026-02-16T01:55:27.596Z] <<< [apiv2][body] GET https://cloudfunctions.googleapis.com/v1/operations/cm9ja2V0LXByb21wdC91cy1jZW50cmFsMS9zY2hlZHVsZURlbW9FbWFpbC9oSFFkNWlmTDBoYw {"name":"operations/cm9ja2V0LXByb21wdC91cy1jZW50cmFsMS9zY2hlZHVsZURlbW9FbWFpbC9oSFFkNWlmTDBoYw","metadata":{"@type":"type.googleapis.com/google.cloud.functions.v1.OperationMetadataV1","target":"projects/rocket-prompt/locations/us-central1/functions/scheduleDemoEmail","type":"UPDATE_FUNCTION","request":{"@type":"type.googleapis.com/google.cloud.functions.v1.CloudFunction","name":"projects/rocket-prompt/locations/us-central1/functions/scheduleDemoEmail","httpsTrigger":{"url":"https://us-central1-rocket-prompt.cloudfunctions.net/scheduleDemoEmail","securityLevel":"SECURE_ALWAYS"},"status":"ACTIVE","entryPoint":"scheduleDemoEmail","updateTime":"2026-02-12T16:31:05.637Z","versionId":"29","labels":{"deployment-tool":"cli-firebase","deployment-callable":"true","firebase-functions-hash":"618a15276845177c7983eb5c1f991571ba8e7902"},"sourceUploadUrl":"https://storage.googleapis.com/uploads-17286520875.us-central1.cloudfunctions.appspot.com/e6460765-ab51-4992-8a95-38410992706c.zip?GoogleAccessId=service-169050684401@gcf-admin-robot.iam.gserviceaccount.com&Expires=1771205456&Signature=bumF7EQ7rFtyeJ3xEAzgNFGiEFpLle9UqsdRYwFi0t5fl1Aa7zmD6aaG3vAC4diZrzMEy6bsk49SCZTyIbaZzoNttyeYaVldVMjZK%2FYu3xQHSADL%2B4iYcjrtzVrQfiTENDASn%2FNKAv8bMQGrxMtfZIQxtgUbcDDR8DXjZQlttdK9yX0lcTjVLUwgoOkbaLr1QPw%2BXo%2BoxpRZt2w3VSpq3qTJTyFV2PEojeOXsGWeWMlYkX5JYUcBhoU98%2FzdqgOT%2BKj0JZoQ8SzAI6ehg6jdlSjMDTuJwhiWDSoGIobrb5vYlLD9oQrX6ma6tQICF54ZUs%2Fg81VtemQply1bYpkJAg%3D%3D","environmentVariables":{"GA_PROPERTY_ID":"G-6HCB340LRG","FIREBASE_CONFIG":"{\"projectId\":\"rocket-prompt\",\"storageBucket\":\"rocket-prompt.firebasestorage.app\"}","GCLOUD_PROJECT":"rocket-prompt","EVENTARC_CLOUD_EVENT_SOURCE":"projects/rocket-prompt/locations/us-central1/functions/scheduleDemoEmail"},"runtime":"nodejs22","buildId":"db98ec2a-9c20-4155-bb86-0dcb1f2da107","buildEnvironmentVariables":{"GOOGLE_NODE_RUN_SCRIPTS":""},"secretEnvironmentVariables":[{"key":"SENDGRID_API_KEY","projectId":"rocket-prompt","secret":"SENDGRID_API_KEY","version":"3"}],"buildName":"projects/169050684401/locations/us-central1/builds/db98ec2a-9c20-4155-bb86-0dcb1f2da107","dockerRegistry":"ARTIFACT_REGISTRY","automaticUpdatePolicy":{},"buildServiceAccount":"projects/rocket-prompt/serviceAccounts/169050684401-compute@developer.gserviceaccount.com"},"versionId":"30","updateTime":"2026-02-16T01:55:27Z"}}
[debug] [2026-02-16T01:55:27.598Z] <<< [apiv2][status] GET https://cloudfunctions.googleapis.com/v1/operations/cm9ja2V0LXByb21wdC91cy1jZW50cmFsMS9jcmVhdGVDaGVja291dFNlc3Npb24vdzlLNFJhdVdEU2M 200
[debug] [2026-02-16T01:55:27.598Z] <<< [apiv2][body] GET https://cloudfunctions.googleapis.com/v1/operations/cm9ja2V0LXByb21wdC91cy1jZW50cmFsMS9jcmVhdGVDaGVja291dFNlc3Npb24vdzlLNFJhdVdEU2M {"name":"operations/cm9ja2V0LXByb21wdC91cy1jZW50cmFsMS9jcmVhdGVDaGVja291dFNlc3Npb24vdzlLNFJhdVdEU2M","metadata":{"@type":"type.googleapis.com/google.cloud.functions.v1.OperationMetadataV1","target":"projects/rocket-prompt/locations/us-central1/functions/createCheckoutSession","type":"UPDATE_FUNCTION","request":{"@type":"type.googleapis.com/google.cloud.functions.v1.CloudFunction","name":"projects/rocket-prompt/locations/us-central1/functions/createCheckoutSession","httpsTrigger":{"url":"https://us-central1-rocket-prompt.cloudfunctions.net/createCheckoutSession","securityLevel":"SECURE_ALWAYS"},"status":"ACTIVE","entryPoint":"createCheckoutSession","updateTime":"2026-02-12T16:31:01.071Z","versionId":"55","labels":{"deployment-tool":"cli-firebase","deployment-callable":"true","firebase-functions-hash":"2b734fd2536973b9b7ef964d880b2d948f20adbd"},"sourceUploadUrl":"https://storage.googleapis.com/uploads-17286520875.us-central1.cloudfunctions.appspot.com/e6460765-ab51-4992-8a95-38410992706c.zip?GoogleAccessId=service-169050684401@gcf-admin-robot.iam.gserviceaccount.com&Expires=1771205456&Signature=bumF7EQ7rFtyeJ3xEAzgNFGiEFpLle9UqsdRYwFi0t5fl1Aa7zmD6aaG3vAC4diZrzMEy6bsk49SCZTyIbaZzoNttyeYaVldVMjZK%2FYu3xQHSADL%2B4iYcjrtzVrQfiTENDASn%2FNKAv8bMQGrxMtfZIQxtgUbcDDR8DXjZQlttdK9yX0lcTjVLUwgoOkbaLr1QPw%2BXo%2BoxpRZt2w3VSpq3qTJTyFV2PEojeOXsGWeWMlYkX5JYUcBhoU98%2FzdqgOT%2BKj0JZoQ8SzAI6ehg6jdlSjMDTuJwhiWDSoGIobrb5vYlLD9oQrX6ma6tQICF54ZUs%2Fg81VtemQply1bYpkJAg%3D%3D","environmentVariables":{"GA_PROPERTY_ID":"G-6HCB340LRG","FIREBASE_CONFIG":"{\"projectId\":\"rocket-prompt\",\"storageBucket\":\"rocket-prompt.firebasestorage.app\"}","GCLOUD_PROJECT":"rocket-prompt","EVENTARC_CLOUD_EVENT_SOURCE":"projects/rocket-prompt/locations/us-central1/functions/createCheckoutSession"},"runtime":"nodejs22","buildId":"db98ec2a-9c20-4155-bb86-0dcb1f2da107","buildEnvironmentVariables":{"GOOGLE_NODE_RUN_SCRIPTS":""},"secretEnvironmentVariables":[{"key":"STRIPE_SECRET_KEY","projectId":"rocket-prompt","secret":"STRIPE_SECRET_KEY","version":"2"}],"buildName":"projects/169050684401/locations/us-central1/builds/db98ec2a-9c20-4155-bb86-0dcb1f2da107","dockerRegistry":"ARTIFACT_REGISTRY","automaticUpdatePolicy":{},"buildServiceAccount":"projects/rocket-prompt/serviceAccounts/169050684401-compute@developer.gserviceaccount.com"},"versionId":"56","updateTime":"2026-02-16T01:55:27Z"}}
[debug] [2026-02-16T01:55:27.607Z] <<< [apiv2][status] GET https://cloudfunctions.googleapis.com/v1/operations/cm9ja2V0LXByb21wdC91cy1jZW50cmFsMS9ydW5XZWVrbHlSZXNldFRlc3QvUFJrUjFaTV9LVjQ 200
[debug] [2026-02-16T01:55:27.607Z] <<< [apiv2][body] GET https://cloudfunctions.googleapis.com/v1/operations/cm9ja2V0LXByb21wdC91cy1jZW50cmFsMS9ydW5XZWVrbHlSZXNldFRlc3QvUFJrUjFaTV9LVjQ {"name":"operations/cm9ja2V0LXByb21wdC91cy1jZW50cmFsMS9ydW5XZWVrbHlSZXNldFRlc3QvUFJrUjFaTV9LVjQ","metadata":{"@type":"type.googleapis.com/google.cloud.functions.v1.OperationMetadataV1","target":"projects/rocket-prompt/locations/us-central1/functions/runWeeklyResetTest","type":"UPDATE_FUNCTION","request":{"@type":"type.googleapis.com/google.cloud.functions.v1.CloudFunction","name":"projects/rocket-prompt/locations/us-central1/functions/runWeeklyResetTest","httpsTrigger":{"url":"https://us-central1-rocket-prompt.cloudfunctions.net/runWeeklyResetTest","securityLevel":"SECURE_ALWAYS"},"status":"ACTIVE","entryPoint":"runWeeklyResetTest","timeout":"540s","availableMemoryMb":512,"updateTime":"2026-02-12T16:31:18.155Z","versionId":"15","labels":{"deployment-tool":"cli-firebase","deployment-callable":"true","firebase-functions-hash":"618a15276845177c7983eb5c1f991571ba8e7902"},"sourceUploadUrl":"https://storage.googleapis.com/uploads-17286520875.us-central1.cloudfunctions.appspot.com/e6460765-ab51-4992-8a95-38410992706c.zip?GoogleAccessId=service-169050684401@gcf-admin-robot.iam.gserviceaccount.com&Expires=1771205456&Signature=bumF7EQ7rFtyeJ3xEAzgNFGiEFpLle9UqsdRYwFi0t5fl1Aa7zmD6aaG3vAC4diZrzMEy6bsk49SCZTyIbaZzoNttyeYaVldVMjZK%2FYu3xQHSADL%2B4iYcjrtzVrQfiTENDASn%2FNKAv8bMQGrxMtfZIQxtgUbcDDR8DXjZQlttdK9yX0lcTjVLUwgoOkbaLr1QPw%2BXo%2BoxpRZt2w3VSpq3qTJTyFV2PEojeOXsGWeWMlYkX5JYUcBhoU98%2FzdqgOT%2BKj0JZoQ8SzAI6ehg6jdlSjMDTuJwhiWDSoGIobrb5vYlLD9oQrX6ma6tQICF54ZUs%2Fg81VtemQply1bYpkJAg%3D%3D","environmentVariables":{"GA_PROPERTY_ID":"G-6HCB340LRG","FIREBASE_CONFIG":"{\"projectId\":\"rocket-prompt\",\"storageBucket\":\"rocket-prompt.firebasestorage.app\"}","GCLOUD_PROJECT":"rocket-prompt","EVENTARC_CLOUD_EVENT_SOURCE":"projects/rocket-prompt/locations/us-central1/functions/runWeeklyResetTest"},"runtime":"nodejs22","buildId":"143cbe67-682a-4ca1-85c0-3897bd88aa23","buildEnvironmentVariables":{"GOOGLE_NODE_RUN_SCRIPTS":""},"secretEnvironmentVariables":[{"key":"SENDGRID_API_KEY","projectId":"rocket-prompt","secret":"SENDGRID_API_KEY","version":"3"}],"buildName":"projects/169050684401/locations/us-central1/builds/143cbe67-682a-4ca1-85c0-3897bd88aa23","dockerRegistry":"ARTIFACT_REGISTRY","automaticUpdatePolicy":{},"buildServiceAccount":"projects/rocket-prompt/serviceAccounts/169050684401-compute@developer.gserviceaccount.com"},"versionId":"16","updateTime":"2026-02-16T01:55:27Z"}}
[debug] [2026-02-16T01:55:27.607Z] <<< [apiv2][status] GET https://cloudfunctions.googleapis.com/v1/operations/cm9ja2V0LXByb21wdC91cy1jZW50cmFsMS9zZW5kR29hbENyZWF0ZWRFbWFpbC9MZDV2cFJjOFBIVQ 200
[debug] [2026-02-16T01:55:27.607Z] <<< [apiv2][body] GET https://cloudfunctions.googleapis.com/v1/operations/cm9ja2V0LXByb21wdC91cy1jZW50cmFsMS9zZW5kR29hbENyZWF0ZWRFbWFpbC9MZDV2cFJjOFBIVQ {"name":"operations/cm9ja2V0LXByb21wdC91cy1jZW50cmFsMS9zZW5kR29hbENyZWF0ZWRFbWFpbC9MZDV2cFJjOFBIVQ","metadata":{"@type":"type.googleapis.com/google.cloud.functions.v1.OperationMetadataV1","target":"projects/rocket-prompt/locations/us-central1/functions/sendGoalCreatedEmail","type":"UPDATE_FUNCTION","request":{"@type":"type.googleapis.com/google.cloud.functions.v1.CloudFunction","name":"projects/rocket-prompt/locations/us-central1/functions/sendGoalCreatedEmail","httpsTrigger":{"url":"https://us-central1-rocket-prompt.cloudfunctions.net/sendGoalCreatedEmail","securityLevel":"SECURE_ALWAYS"},"status":"ACTIVE","entryPoint":"sendGoalCreatedEmail","updateTime":"2026-02-12T16:31:01.533Z","versionId":"53","labels":{"deployment-tool":"cli-firebase","deployment-callable":"true","firebase-functions-hash":"618a15276845177c7983eb5c1f991571ba8e7902"},"sourceUploadUrl":"https://storage.googleapis.com/uploads-17286520875.us-central1.cloudfunctions.appspot.com/e6460765-ab51-4992-8a95-38410992706c.zip?GoogleAccessId=service-169050684401@gcf-admin-robot.iam.gserviceaccount.com&Expires=1771205456&Signature=bumF7EQ7rFtyeJ3xEAzgNFGiEFpLle9UqsdRYwFi0t5fl1Aa7zmD6aaG3vAC4diZrzMEy6bsk49SCZTyIbaZzoNttyeYaVldVMjZK%2FYu3xQHSADL%2B4iYcjrtzVrQfiTENDASn%2FNKAv8bMQGrxMtfZIQxtgUbcDDR8DXjZQlttdK9yX0lcTjVLUwgoOkbaLr1QPw%2BXo%2BoxpRZt2w3VSpq3qTJTyFV2PEojeOXsGWeWMlYkX5JYUcBhoU98%2FzdqgOT%2BKj0JZoQ8SzAI6ehg6jdlSjMDTuJwhiWDSoGIobrb5vYlLD9oQrX6ma6tQICF54ZUs%2Fg81VtemQply1bYpkJAg%3D%3D","environmentVariables":{"GA_PROPERTY_ID":"G-6HCB340LRG","FIREBASE_CONFIG":"{\"projectId\":\"rocket-prompt\",\"storageBucket\":\"rocket-prompt.firebasestorage.app\"}","GCLOUD_PROJECT":"rocket-prompt","EVENTARC_CLOUD_EVENT_SOURCE":"projects/rocket-prompt/locations/us-central1/functions/sendGoalCreatedEmail"},"runtime":"nodejs22","buildId":"db98ec2a-9c20-4155-bb86-0dcb1f2da107","buildEnvironmentVariables":{"GOOGLE_NODE_RUN_SCRIPTS":""},"secretEnvironmentVariables":[{"key":"SENDGRID_API_KEY","projectId":"rocket-prompt","secret":"SENDGRID_API_KEY","version":"3"}],"buildName":"projects/169050684401/locations/us-central1/builds/db98ec2a-9c20-4155-bb86-0dcb1f2da107","dockerRegistry":"ARTIFACT_REGISTRY","automaticUpdatePolicy":{},"buildServiceAccount":"projects/rocket-prompt/serviceAccounts/169050684401-compute@developer.gserviceaccount.com"},"versionId":"54","updateTime":"2026-02-16T01:55:27Z"}}
[debug] [2026-02-16T01:55:27.607Z] <<< [apiv2][status] GET https://cloudfunctions.googleapis.com/v1/operations/cm9ja2V0LXByb21wdC91cy1jZW50cmFsMS9zdHJpcGVXZWJob29rUm9ja2V0R29hbHMvSWxURHhUMlc1Wnc 200
[debug] [2026-02-16T01:55:27.607Z] <<< [apiv2][body] GET https://cloudfunctions.googleapis.com/v1/operations/cm9ja2V0LXByb21wdC91cy1jZW50cmFsMS9zdHJpcGVXZWJob29rUm9ja2V0R29hbHMvSWxURHhUMlc1Wnc {"name":"operations/cm9ja2V0LXByb21wdC91cy1jZW50cmFsMS9zdHJpcGVXZWJob29rUm9ja2V0R29hbHMvSWxURHhUMlc1Wnc","metadata":{"@type":"type.googleapis.com/google.cloud.functions.v1.OperationMetadataV1","target":"projects/rocket-prompt/locations/us-central1/functions/stripeWebhookRocketGoals","type":"UPDATE_FUNCTION","request":{"@type":"type.googleapis.com/google.cloud.functions.v1.CloudFunction","name":"projects/rocket-prompt/locations/us-central1/functions/stripeWebhookRocketGoals","httpsTrigger":{"url":"https://us-central1-rocket-prompt.cloudfunctions.net/stripeWebhookRocketGoals","securityLevel":"SECURE_ALWAYS"},"status":"ACTIVE","entryPoint":"stripeWebhookRocketGoals","updateTime":"2026-02-12T16:30:55.632Z","versionId":"39","labels":{"deployment-tool":"cli-firebase","firebase-functions-hash":"a3ddf38ce16b4251110999bbf7e25664ba4b1bfb"},"sourceUploadUrl":"https://storage.googleapis.com/uploads-17286520875.us-central1.cloudfunctions.appspot.com/e6460765-ab51-4992-8a95-38410992706c.zip?GoogleAccessId=service-169050684401@gcf-admin-robot.iam.gserviceaccount.com&Expires=1771205456&Signature=bumF7EQ7rFtyeJ3xEAzgNFGiEFpLle9UqsdRYwFi0t5fl1Aa7zmD6aaG3vAC4diZrzMEy6bsk49SCZTyIbaZzoNttyeYaVldVMjZK%2FYu3xQHSADL%2B4iYcjrtzVrQfiTENDASn%2FNKAv8bMQGrxMtfZIQxtgUbcDDR8DXjZQlttdK9yX0lcTjVLUwgoOkbaLr1QPw%2BXo%2BoxpRZt2w3VSpq3qTJTyFV2PEojeOXsGWeWMlYkX5JYUcBhoU98%2FzdqgOT%2BKj0JZoQ8SzAI6ehg6jdlSjMDTuJwhiWDSoGIobrb5vYlLD9oQrX6ma6tQICF54ZUs%2Fg81VtemQply1bYpkJAg%3D%3D","environmentVariables":{"GA_PROPERTY_ID":"G-6HCB340LRG","FIREBASE_CONFIG":"{\"projectId\":\"rocket-prompt\",\"storageBucket\":\"rocket-prompt.firebasestorage.app\"}","GCLOUD_PROJECT":"rocket-prompt","EVENTARC_CLOUD_EVENT_SOURCE":"projects/rocket-prompt/locations/us-central1/functions/stripeWebhookRocketGoals"},"runtime":"nodejs22","buildId":"db98ec2a-9c20-4155-bb86-0dcb1f2da107","buildEnvironmentVariables":{"GOOGLE_NODE_RUN_SCRIPTS":""},"secretEnvironmentVariables":[{"key":"STRIPE_WEBHOOK_SECRET_GOALS","projectId":"rocket-prompt","secret":"STRIPE_WEBHOOK_SECRET_GOALS","version":"1"}],"buildName":"projects/169050684401/locations/us-central1/builds/db98ec2a-9c20-4155-bb86-0dcb1f2da107","dockerRegistry":"ARTIFACT_REGISTRY","automaticUpdatePolicy":{},"buildServiceAccount":"projects/rocket-prompt/serviceAccounts/169050684401-compute@developer.gserviceaccount.com"},"versionId":"40","updateTime":"2026-02-16T01:55:27Z"}}
[debug] [2026-02-16T01:55:27.609Z] <<< [apiv2][status] GET https://cloudfunctions.googleapis.com/v1/operations/cm9ja2V0LXByb21wdC91cy1jZW50cmFsMS9zZW5kV2VsY29tZUVtYWlsLzQzZFg3ZVJjT3Bz 200
[debug] [2026-02-16T01:55:27.609Z] <<< [apiv2][body] GET https://cloudfunctions.googleapis.com/v1/operations/cm9ja2V0LXByb21wdC91cy1jZW50cmFsMS9zZW5kV2VsY29tZUVtYWlsLzQzZFg3ZVJjT3Bz {"name":"operations/cm9ja2V0LXByb21wdC91cy1jZW50cmFsMS9zZW5kV2VsY29tZUVtYWlsLzQzZFg3ZVJjT3Bz","metadata":{"@type":"type.googleapis.com/google.cloud.functions.v1.OperationMetadataV1","target":"projects/rocket-prompt/locations/us-central1/functions/sendWelcomeEmail","type":"UPDATE_FUNCTION","request":{"@type":"type.googleapis.com/google.cloud.functions.v1.CloudFunction","name":"projects/rocket-prompt/locations/us-central1/functions/sendWelcomeEmail","httpsTrigger":{"url":"https://us-central1-rocket-prompt.cloudfunctions.net/sendWelcomeEmail","securityLevel":"SECURE_ALWAYS"},"status":"ACTIVE","entryPoint":"sendWelcomeEmail","updateTime":"2026-02-12T16:30:58.551Z","versionId":"12","labels":{"deployment-tool":"cli-firebase","deployment-callable":"true","firebase-functions-hash":"618a15276845177c7983eb5c1f991571ba8e7902"},"sourceUploadUrl":"https://storage.googleapis.com/uploads-17286520875.us-central1.cloudfunctions.appspot.com/e6460765-ab51-4992-8a95-38410992706c.zip?GoogleAccessId=service-169050684401@gcf-admin-robot.iam.gserviceaccount.com&Expires=1771205456&Signature=bumF7EQ7rFtyeJ3xEAzgNFGiEFpLle9UqsdRYwFi0t5fl1Aa7zmD6aaG3vAC4diZrzMEy6bsk49SCZTyIbaZzoNttyeYaVldVMjZK%2FYu3xQHSADL%2B4iYcjrtzVrQfiTENDASn%2FNKAv8bMQGrxMtfZIQxtgUbcDDR8DXjZQlttdK9yX0lcTjVLUwgoOkbaLr1QPw%2BXo%2BoxpRZt2w3VSpq3qTJTyFV2PEojeOXsGWeWMlYkX5JYUcBhoU98%2FzdqgOT%2BKj0JZoQ8SzAI6ehg6jdlSjMDTuJwhiWDSoGIobrb5vYlLD9oQrX6ma6tQICF54ZUs%2Fg81VtemQply1bYpkJAg%3D%3D","environmentVariables":{"GA_PROPERTY_ID":"G-6HCB340LRG","FIREBASE_CONFIG":"{\"projectId\":\"rocket-prompt\",\"storageBucket\":\"rocket-prompt.firebasestorage.app\"}","GCLOUD_PROJECT":"rocket-prompt","EVENTARC_CLOUD_EVENT_SOURCE":"projects/rocket-prompt/locations/us-central1/functions/sendWelcomeEmail"},"runtime":"nodejs22","buildId":"db98ec2a-9c20-4155-bb86-0dcb1f2da107","buildEnvironmentVariables":{"GOOGLE_NODE_RUN_SCRIPTS":""},"secretEnvironmentVariables":[{"key":"SENDGRID_API_KEY","projectId":"rocket-prompt","secret":"SENDGRID_API_KEY","version":"3"}],"buildName":"projects/169050684401/locations/us-central1/builds/db98ec2a-9c20-4155-bb86-0dcb1f2da107","dockerRegistry":"ARTIFACT_REGISTRY","automaticUpdatePolicy":{},"buildServiceAccount":"projects/rocket-prompt/serviceAccounts/169050684401-compute@developer.gserviceaccount.com"},"versionId":"13","updateTime":"2026-02-16T01:55:27Z"}}
[debug] [2026-02-16T01:55:27.610Z] <<< [apiv2][status] GET https://cloudfunctions.googleapis.com/v1/operations/cm9ja2V0LXByb21wdC91cy1jZW50cmFsMS9zZW5kRmFuSW52aXRlRW1haWwvX3MtMzdKNUwzcUk 200
[debug] [2026-02-16T01:55:27.610Z] <<< [apiv2][body] GET https://cloudfunctions.googleapis.com/v1/operations/cm9ja2V0LXByb21wdC91cy1jZW50cmFsMS9zZW5kRmFuSW52aXRlRW1haWwvX3MtMzdKNUwzcUk {"name":"operations/cm9ja2V0LXByb21wdC91cy1jZW50cmFsMS9zZW5kRmFuSW52aXRlRW1haWwvX3MtMzdKNUwzcUk","metadata":{"@type":"type.googleapis.com/google.cloud.functions.v1.OperationMetadataV1","target":"projects/rocket-prompt/locations/us-central1/functions/sendFanInviteEmail","type":"UPDATE_FUNCTION","request":{"@type":"type.googleapis.com/google.cloud.functions.v1.CloudFunction","name":"projects/rocket-prompt/locations/us-central1/functions/sendFanInviteEmail","httpsTrigger":{"url":"https://us-central1-rocket-prompt.cloudfunctions.net/sendFanInviteEmail","securityLevel":"SECURE_ALWAYS"},"status":"ACTIVE","entryPoint":"sendFanInviteEmail","updateTime":"2026-02-12T16:30:53.303Z","versionId":"29","labels":{"deployment-tool":"cli-firebase","deployment-callable":"true","firebase-functions-hash":"618a15276845177c7983eb5c1f991571ba8e7902"},"sourceUploadUrl":"https://storage.googleapis.com/uploads-17286520875.us-central1.cloudfunctions.appspot.com/e6460765-ab51-4992-8a95-38410992706c.zip?GoogleAccessId=service-169050684401@gcf-admin-robot.iam.gserviceaccount.com&Expires=1771205456&Signature=bumF7EQ7rFtyeJ3xEAzgNFGiEFpLle9UqsdRYwFi0t5fl1Aa7zmD6aaG3vAC4diZrzMEy6bsk49SCZTyIbaZzoNttyeYaVldVMjZK%2FYu3xQHSADL%2B4iYcjrtzVrQfiTENDASn%2FNKAv8bMQGrxMtfZIQxtgUbcDDR8DXjZQlttdK9yX0lcTjVLUwgoOkbaLr1QPw%2BXo%2BoxpRZt2w3VSpq3qTJTyFV2PEojeOXsGWeWMlYkX5JYUcBhoU98%2FzdqgOT%2BKj0JZoQ8SzAI6ehg6jdlSjMDTuJwhiWDSoGIobrb5vYlLD9oQrX6ma6tQICF54ZUs%2Fg81VtemQply1bYpkJAg%3D%3D","environmentVariables":{"GA_PROPERTY_ID":"G-6HCB340LRG","FIREBASE_CONFIG":"{\"projectId\":\"rocket-prompt\",\"storageBucket\":\"rocket-prompt.firebasestorage.app\"}","GCLOUD_PROJECT":"rocket-prompt","EVENTARC_CLOUD_EVENT_SOURCE":"projects/rocket-prompt/locations/us-central1/functions/sendFanInviteEmail"},"runtime":"nodejs22","buildId":"db98ec2a-9c20-4155-bb86-0dcb1f2da107","buildEnvironmentVariables":{"GOOGLE_NODE_RUN_SCRIPTS":""},"secretEnvironmentVariables":[{"key":"SENDGRID_API_KEY","projectId":"rocket-prompt","secret":"SENDGRID_API_KEY","version":"3"}],"buildName":"projects/169050684401/locations/us-central1/builds/db98ec2a-9c20-4155-bb86-0dcb1f2da107","dockerRegistry":"ARTIFACT_REGISTRY","automaticUpdatePolicy":{},"buildServiceAccount":"projects/rocket-prompt/serviceAccounts/169050684401-compute@developer.gserviceaccount.com"},"versionId":"30","updateTime":"2026-02-16T01:55:27Z"}}
[debug] [2026-02-16T01:55:27.611Z] <<< [apiv2][status] GET https://cloudfunctions.googleapis.com/v1/operations/cm9ja2V0LXByb21wdC91cy1jZW50cmFsMS9wcm9jZXNzQUlQcm9tcHQvT0V2MUVOYXpPOGc 200
[debug] [2026-02-16T01:55:27.611Z] <<< [apiv2][body] GET https://cloudfunctions.googleapis.com/v1/operations/cm9ja2V0LXByb21wdC91cy1jZW50cmFsMS9wcm9jZXNzQUlQcm9tcHQvT0V2MUVOYXpPOGc {"name":"operations/cm9ja2V0LXByb21wdC91cy1jZW50cmFsMS9wcm9jZXNzQUlQcm9tcHQvT0V2MUVOYXpPOGc","metadata":{"@type":"type.googleapis.com/google.cloud.functions.v1.OperationMetadataV1","target":"projects/rocket-prompt/locations/us-central1/functions/processAIPrompt","type":"UPDATE_FUNCTION","request":{"@type":"type.googleapis.com/google.cloud.functions.v1.CloudFunction","name":"projects/rocket-prompt/locations/us-central1/functions/processAIPrompt","eventTrigger":{"eventType":"providers/cloud.firestore/eventTypes/document.create","resource":"projects/rocket-prompt/databases/(default)/documents/public/{documentId}","service":"firestore.googleapis.com"},"status":"ACTIVE","entryPoint":"processAIPrompt","updateTime":"2026-02-12T16:31:01.309Z","versionId":"70","labels":{"deployment-tool":"cli-firebase","firebase-functions-hash":"8cccf774767a1e841527f76f60f6384852585d79"},"sourceUploadUrl":"https://storage.googleapis.com/uploads-17286520875.us-central1.cloudfunctions.appspot.com/e6460765-ab51-4992-8a95-38410992706c.zip?GoogleAccessId=service-169050684401@gcf-admin-robot.iam.gserviceaccount.com&Expires=1771205456&Signature=bumF7EQ7rFtyeJ3xEAzgNFGiEFpLle9UqsdRYwFi0t5fl1Aa7zmD6aaG3vAC4diZrzMEy6bsk49SCZTyIbaZzoNttyeYaVldVMjZK%2FYu3xQHSADL%2B4iYcjrtzVrQfiTENDASn%2FNKAv8bMQGrxMtfZIQxtgUbcDDR8DXjZQlttdK9yX0lcTjVLUwgoOkbaLr1QPw%2BXo%2BoxpRZt2w3VSpq3qTJTyFV2PEojeOXsGWeWMlYkX5JYUcBhoU98%2FzdqgOT%2BKj0JZoQ8SzAI6ehg6jdlSjMDTuJwhiWDSoGIobrb5vYlLD9oQrX6ma6tQICF54ZUs%2Fg81VtemQply1bYpkJAg%3D%3D","environmentVariables":{"GA_PROPERTY_ID":"G-6HCB340LRG","FIREBASE_CONFIG":"{\"projectId\":\"rocket-prompt\",\"storageBucket\":\"rocket-prompt.firebasestorage.app\"}","GCLOUD_PROJECT":"rocket-prompt","EVENTARC_CLOUD_EVENT_SOURCE":"projects/rocket-prompt/locations/us-central1/functions/processAIPrompt"},"runtime":"nodejs22","buildId":"db98ec2a-9c20-4155-bb86-0dcb1f2da107","buildEnvironmentVariables":{"GOOGLE_NODE_RUN_SCRIPTS":""},"secretEnvironmentVariables":[{"key":"GEMINI_API_KEY","projectId":"rocket-prompt","secret":"GEMINI_API_KEY","version":"3"}],"buildName":"projects/169050684401/locations/us-central1/builds/db98ec2a-9c20-4155-bb86-0dcb1f2da107","dockerRegistry":"ARTIFACT_REGISTRY","automaticUpdatePolicy":{},"buildServiceAccount":"projects/rocket-prompt/serviceAccounts/169050684401-compute@developer.gserviceaccount.com"},"versionId":"71","updateTime":"2026-02-16T01:55:27Z"}}
[debug] [2026-02-16T01:55:27.611Z] <<< [apiv2][status] GET https://cloudfunctions.googleapis.com/v1/operations/cm9ja2V0LXByb21wdC91cy1jZW50cmFsMS9yZWRlZW1Qcm9tb0NvZGUvZnM5T2F3b1NEUDA 200
[debug] [2026-02-16T01:55:27.611Z] <<< [apiv2][body] GET https://cloudfunctions.googleapis.com/v1/operations/cm9ja2V0LXByb21wdC91cy1jZW50cmFsMS9yZWRlZW1Qcm9tb0NvZGUvZnM5T2F3b1NEUDA {"name":"operations/cm9ja2V0LXByb21wdC91cy1jZW50cmFsMS9yZWRlZW1Qcm9tb0NvZGUvZnM5T2F3b1NEUDA","metadata":{"@type":"type.googleapis.com/google.cloud.functions.v1.OperationMetadataV1","target":"projects/rocket-prompt/locations/us-central1/functions/redeemPromoCode","type":"UPDATE_FUNCTION","request":{"@type":"type.googleapis.com/google.cloud.functions.v1.CloudFunction","name":"projects/rocket-prompt/locations/us-central1/functions/redeemPromoCode","httpsTrigger":{"url":"https://us-central1-rocket-prompt.cloudfunctions.net/redeemPromoCode","securityLevel":"SECURE_ALWAYS"},"status":"ACTIVE","entryPoint":"redeemPromoCode","updateTime":"2026-02-12T16:31:01.210Z","versionId":"35","labels":{"deployment-tool":"cli-firebase","deployment-callable":"true","firebase-functions-hash":"41bc74008db6748b3d763b884d070ba33406658c"},"sourceUploadUrl":"https://storage.googleapis.com/uploads-17286520875.us-central1.cloudfunctions.appspot.com/e6460765-ab51-4992-8a95-38410992706c.zip?GoogleAccessId=service-169050684401@gcf-admin-robot.iam.gserviceaccount.com&Expires=1771205456&Signature=bumF7EQ7rFtyeJ3xEAzgNFGiEFpLle9UqsdRYwFi0t5fl1Aa7zmD6aaG3vAC4diZrzMEy6bsk49SCZTyIbaZzoNttyeYaVldVMjZK%2FYu3xQHSADL%2B4iYcjrtzVrQfiTENDASn%2FNKAv8bMQGrxMtfZIQxtgUbcDDR8DXjZQlttdK9yX0lcTjVLUwgoOkbaLr1QPw%2BXo%2BoxpRZt2w3VSpq3qTJTyFV2PEojeOXsGWeWMlYkX5JYUcBhoU98%2FzdqgOT%2BKj0JZoQ8SzAI6ehg6jdlSjMDTuJwhiWDSoGIobrb5vYlLD9oQrX6ma6tQICF54ZUs%2Fg81VtemQply1bYpkJAg%3D%3D","environmentVariables":{"GA_PROPERTY_ID":"G-6HCB340LRG","FIREBASE_CONFIG":"{\"projectId\":\"rocket-prompt\",\"storageBucket\":\"rocket-prompt.firebasestorage.app\"}","GCLOUD_PROJECT":"rocket-prompt","EVENTARC_CLOUD_EVENT_SOURCE":"projects/rocket-prompt/locations/us-central1/functions/redeemPromoCode"},"runtime":"nodejs22","buildId":"db98ec2a-9c20-4155-bb86-0dcb1f2da107","buildEnvironmentVariables":{"GOOGLE_NODE_RUN_SCRIPTS":""},"buildName":"projects/169050684401/locations/us-central1/builds/db98ec2a-9c20-4155-bb86-0dcb1f2da107","dockerRegistry":"ARTIFACT_REGISTRY","automaticUpdatePolicy":{},"buildServiceAccount":"projects/rocket-prompt/serviceAccounts/169050684401-compute@developer.gserviceaccount.com"},"versionId":"36","updateTime":"2026-02-16T01:55:27Z"}}
[debug] [2026-02-16T01:55:27.612Z] <<< [apiv2][status] GET https://cloudfunctions.googleapis.com/v1/operations/cm9ja2V0LXByb21wdC91cy1jZW50cmFsMS9jYW5jZWxTdWJzY3JpcHRpb24vaXREdThuWkppUVE 200
[debug] [2026-02-16T01:55:27.612Z] <<< [apiv2][body] GET https://cloudfunctions.googleapis.com/v1/operations/cm9ja2V0LXByb21wdC91cy1jZW50cmFsMS9jYW5jZWxTdWJzY3JpcHRpb24vaXREdThuWkppUVE {"name":"operations/cm9ja2V0LXByb21wdC91cy1jZW50cmFsMS9jYW5jZWxTdWJzY3JpcHRpb24vaXREdThuWkppUVE","metadata":{"@type":"type.googleapis.com/google.cloud.functions.v1.OperationMetadataV1","target":"projects/rocket-prompt/locations/us-central1/functions/cancelSubscription","type":"UPDATE_FUNCTION","request":{"@type":"type.googleapis.com/google.cloud.functions.v1.CloudFunction","name":"projects/rocket-prompt/locations/us-central1/functions/cancelSubscription","httpsTrigger":{"url":"https://us-central1-rocket-prompt.cloudfunctions.net/cancelSubscription","securityLevel":"SECURE_ALWAYS"},"status":"ACTIVE","entryPoint":"cancelSubscription","updateTime":"2026-02-12T16:30:54.155Z","versionId":"37","labels":{"deployment-tool":"cli-firebase","deployment-callable":"true","firebase-functions-hash":"2b734fd2536973b9b7ef964d880b2d948f20adbd"},"sourceUploadUrl":"https://storage.googleapis.com/uploads-17286520875.us-central1.cloudfunctions.appspot.com/e6460765-ab51-4992-8a95-38410992706c.zip?GoogleAccessId=service-169050684401@gcf-admin-robot.iam.gserviceaccount.com&Expires=1771205456&Signature=bumF7EQ7rFtyeJ3xEAzgNFGiEFpLle9UqsdRYwFi0t5fl1Aa7zmD6aaG3vAC4diZrzMEy6bsk49SCZTyIbaZzoNttyeYaVldVMjZK%2FYu3xQHSADL%2B4iYcjrtzVrQfiTENDASn%2FNKAv8bMQGrxMtfZIQxtgUbcDDR8DXjZQlttdK9yX0lcTjVLUwgoOkbaLr1QPw%2BXo%2BoxpRZt2w3VSpq3qTJTyFV2PEojeOXsGWeWMlYkX5JYUcBhoU98%2FzdqgOT%2BKj0JZoQ8SzAI6ehg6jdlSjMDTuJwhiWDSoGIobrb5vYlLD9oQrX6ma6tQICF54ZUs%2Fg81VtemQply1bYpkJAg%3D%3D","environmentVariables":{"GA_PROPERTY_ID":"G-6HCB340LRG","FIREBASE_CONFIG":"{\"projectId\":\"rocket-prompt\",\"storageBucket\":\"rocket-prompt.firebasestorage.app\"}","GCLOUD_PROJECT":"rocket-prompt","EVENTARC_CLOUD_EVENT_SOURCE":"projects/rocket-prompt/locations/us-central1/functions/cancelSubscription"},"runtime":"nodejs22","buildId":"db98ec2a-9c20-4155-bb86-0dcb1f2da107","buildEnvironmentVariables":{"GOOGLE_NODE_RUN_SCRIPTS":""},"secretEnvironmentVariables":[{"key":"STRIPE_SECRET_KEY","projectId":"rocket-prompt","secret":"STRIPE_SECRET_KEY","version":"2"}],"buildName":"projects/169050684401/locations/us-central1/builds/db98ec2a-9c20-4155-bb86-0dcb1f2da107","dockerRegistry":"ARTIFACT_REGISTRY","automaticUpdatePolicy":{},"buildServiceAccount":"projects/rocket-prompt/serviceAccounts/169050684401-compute@developer.gserviceaccount.com"},"versionId":"38","updateTime":"2026-02-16T01:55:27Z"}}
[debug] [2026-02-16T01:55:27.612Z] <<< [apiv2][status] GET https://cloudfunctions.googleapis.com/v1/operations/cm9ja2V0LXByb21wdC91cy1jZW50cmFsMS9nZXREZWZhdWx0RW1haWxUZW1wbGF0ZS9VdVJxdEVxS3RfVQ 200
[debug] [2026-02-16T01:55:27.612Z] <<< [apiv2][body] GET https://cloudfunctions.googleapis.com/v1/operations/cm9ja2V0LXByb21wdC91cy1jZW50cmFsMS9nZXREZWZhdWx0RW1haWxUZW1wbGF0ZS9VdVJxdEVxS3RfVQ {"name":"operations/cm9ja2V0LXByb21wdC91cy1jZW50cmFsMS9nZXREZWZhdWx0RW1haWxUZW1wbGF0ZS9VdVJxdEVxS3RfVQ","metadata":{"@type":"type.googleapis.com/google.cloud.functions.v1.OperationMetadataV1","target":"projects/rocket-prompt/locations/us-central1/functions/getDefaultEmailTemplate","type":"UPDATE_FUNCTION","request":{"@type":"type.googleapis.com/google.cloud.functions.v1.CloudFunction","name":"projects/rocket-prompt/locations/us-central1/functions/getDefaultEmailTemplate","httpsTrigger":{"url":"https://us-central1-rocket-prompt.cloudfunctions.net/getDefaultEmailTemplate","securityLevel":"SECURE_ALWAYS"},"status":"ACTIVE","entryPoint":"getDefaultEmailTemplate","updateTime":"2026-02-12T16:30:57.994Z","versionId":"28","labels":{"deployment-tool":"cli-firebase","deployment-callable":"true","firebase-functions-hash":"41bc74008db6748b3d763b884d070ba33406658c"},"sourceUploadUrl":"https://storage.googleapis.com/uploads-17286520875.us-central1.cloudfunctions.appspot.com/e6460765-ab51-4992-8a95-38410992706c.zip?GoogleAccessId=service-169050684401@gcf-admin-robot.iam.gserviceaccount.com&Expires=1771205456&Signature=bumF7EQ7rFtyeJ3xEAzgNFGiEFpLle9UqsdRYwFi0t5fl1Aa7zmD6aaG3vAC4diZrzMEy6bsk49SCZTyIbaZzoNttyeYaVldVMjZK%2FYu3xQHSADL%2B4iYcjrtzVrQfiTENDASn%2FNKAv8bMQGrxMtfZIQxtgUbcDDR8DXjZQlttdK9yX0lcTjVLUwgoOkbaLr1QPw%2BXo%2BoxpRZt2w3VSpq3qTJTyFV2PEojeOXsGWeWMlYkX5JYUcBhoU98%2FzdqgOT%2BKj0JZoQ8SzAI6ehg6jdlSjMDTuJwhiWDSoGIobrb5vYlLD9oQrX6ma6tQICF54ZUs%2Fg81VtemQply1bYpkJAg%3D%3D","environmentVariables":{"GA_PROPERTY_ID":"G-6HCB340LRG","FIREBASE_CONFIG":"{\"projectId\":\"rocket-prompt\",\"storageBucket\":\"rocket-prompt.firebasestorage.app\"}","GCLOUD_PROJECT":"rocket-prompt","EVENTARC_CLOUD_EVENT_SOURCE":"projects/rocket-prompt/locations/us-central1/functions/getDefaultEmailTemplate"},"runtime":"nodejs22","buildId":"db98ec2a-9c20-4155-bb86-0dcb1f2da107","buildEnvironmentVariables":{"GOOGLE_NODE_RUN_SCRIPTS":""},"buildName":"projects/169050684401/locations/us-central1/builds/db98ec2a-9c20-4155-bb86-0dcb1f2da107","dockerRegistry":"ARTIFACT_REGISTRY","automaticUpdatePolicy":{},"buildServiceAccount":"projects/rocket-prompt/serviceAccounts/169050684401-compute@developer.gserviceaccount.com"},"versionId":"29","updateTime":"2026-02-16T01:55:27Z"}}
[debug] [2026-02-16T01:55:27.617Z] <<< [apiv2][status] GET https://cloudfunctions.googleapis.com/v1/operations/cm9ja2V0LXByb21wdC91cy1jZW50cmFsMS9jcmVhdGVCaWxsaW5nUG9ydGFsU2Vzc2lvbi9URzgwQ1Q5bU5uUQ 200
[debug] [2026-02-16T01:55:27.617Z] <<< [apiv2][body] GET https://cloudfunctions.googleapis.com/v1/operations/cm9ja2V0LXByb21wdC91cy1jZW50cmFsMS9jcmVhdGVCaWxsaW5nUG9ydGFsU2Vzc2lvbi9URzgwQ1Q5bU5uUQ {"name":"operations/cm9ja2V0LXByb21wdC91cy1jZW50cmFsMS9jcmVhdGVCaWxsaW5nUG9ydGFsU2Vzc2lvbi9URzgwQ1Q5bU5uUQ","metadata":{"@type":"type.googleapis.com/google.cloud.functions.v1.OperationMetadataV1","target":"projects/rocket-prompt/locations/us-central1/functions/createBillingPortalSession","type":"UPDATE_FUNCTION","request":{"@type":"type.googleapis.com/google.cloud.functions.v1.CloudFunction","name":"projects/rocket-prompt/locations/us-central1/functions/createBillingPortalSession","httpsTrigger":{"url":"https://us-central1-rocket-prompt.cloudfunctions.net/createBillingPortalSession","securityLevel":"SECURE_ALWAYS"},"status":"ACTIVE","entryPoint":"createBillingPortalSession","updateTime":"2026-02-12T16:30:55.684Z","versionId":"37","labels":{"deployment-tool":"cli-firebase","deployment-callable":"true","firebase-functions-hash":"2b734fd2536973b9b7ef964d880b2d948f20adbd"},"sourceUploadUrl":"https://storage.googleapis.com/uploads-17286520875.us-central1.cloudfunctions.appspot.com/e6460765-ab51-4992-8a95-38410992706c.zip?GoogleAccessId=service-169050684401@gcf-admin-robot.iam.gserviceaccount.com&Expires=1771205456&Signature=bumF7EQ7rFtyeJ3xEAzgNFGiEFpLle9UqsdRYwFi0t5fl1Aa7zmD6aaG3vAC4diZrzMEy6bsk49SCZTyIbaZzoNttyeYaVldVMjZK%2FYu3xQHSADL%2B4iYcjrtzVrQfiTENDASn%2FNKAv8bMQGrxMtfZIQxtgUbcDDR8DXjZQlttdK9yX0lcTjVLUwgoOkbaLr1QPw%2BXo%2BoxpRZt2w3VSpq3qTJTyFV2PEojeOXsGWeWMlYkX5JYUcBhoU98%2FzdqgOT%2BKj0JZoQ8SzAI6ehg6jdlSjMDTuJwhiWDSoGIobrb5vYlLD9oQrX6ma6tQICF54ZUs%2Fg81VtemQply1bYpkJAg%3D%3D","environmentVariables":{"GA_PROPERTY_ID":"G-6HCB340LRG","FIREBASE_CONFIG":"{\"projectId\":\"rocket-prompt\",\"storageBucket\":\"rocket-prompt.firebasestorage.app\"}","GCLOUD_PROJECT":"rocket-prompt","EVENTARC_CLOUD_EVENT_SOURCE":"projects/rocket-prompt/locations/us-central1/functions/createBillingPortalSession"},"runtime":"nodejs22","buildId":"db98ec2a-9c20-4155-bb86-0dcb1f2da107","buildEnvironmentVariables":{"GOOGLE_NODE_RUN_SCRIPTS":""},"secretEnvironmentVariables":[{"key":"STRIPE_SECRET_KEY","projectId":"rocket-prompt","secret":"STRIPE_SECRET_KEY","version":"2"}],"buildName":"projects/169050684401/locations/us-central1/builds/db98ec2a-9c20-4155-bb86-0dcb1f2da107","dockerRegistry":"ARTIFACT_REGISTRY","automaticUpdatePolicy":{},"buildServiceAccount":"projects/rocket-prompt/serviceAccounts/169050684401-compute@developer.gserviceaccount.com"},"versionId":"38","updateTime":"2026-02-16T01:55:27Z"}}
[debug] [2026-02-16T01:55:27.622Z] <<< [apiv2][status] GET https://cloudfunctions.googleapis.com/v1/operations/cm9ja2V0LXByb21wdC91cy1jZW50cmFsMS9zZW5kVGVzdERhaWx5UmVtaW5kZXIvT3JjX0tBY0ZkZ2s 200
[debug] [2026-02-16T01:55:27.622Z] <<< [apiv2][body] GET https://cloudfunctions.googleapis.com/v1/operations/cm9ja2V0LXByb21wdC91cy1jZW50cmFsMS9zZW5kVGVzdERhaWx5UmVtaW5kZXIvT3JjX0tBY0ZkZ2s {"name":"operations/cm9ja2V0LXByb21wdC91cy1jZW50cmFsMS9zZW5kVGVzdERhaWx5UmVtaW5kZXIvT3JjX0tBY0ZkZ2s","metadata":{"@type":"type.googleapis.com/google.cloud.functions.v1.OperationMetadataV1","target":"projects/rocket-prompt/locations/us-central1/functions/sendTestDailyReminder","type":"UPDATE_FUNCTION","request":{"@type":"type.googleapis.com/google.cloud.functions.v1.CloudFunction","name":"projects/rocket-prompt/locations/us-central1/functions/sendTestDailyReminder","httpsTrigger":{"url":"https://us-central1-rocket-prompt.cloudfunctions.net/sendTestDailyReminder","securityLevel":"SECURE_ALWAYS"},"status":"ACTIVE","entryPoint":"sendTestDailyReminder","updateTime":"2026-02-12T16:31:04.868Z","versionId":"7","labels":{"deployment-tool":"cli-firebase","deployment-callable":"true","firebase-functions-hash":"618a15276845177c7983eb5c1f991571ba8e7902"},"sourceUploadUrl":"https://storage.googleapis.com/uploads-17286520875.us-central1.cloudfunctions.appspot.com/e6460765-ab51-4992-8a95-38410992706c.zip?GoogleAccessId=service-169050684401@gcf-admin-robot.iam.gserviceaccount.com&Expires=1771205456&Signature=bumF7EQ7rFtyeJ3xEAzgNFGiEFpLle9UqsdRYwFi0t5fl1Aa7zmD6aaG3vAC4diZrzMEy6bsk49SCZTyIbaZzoNttyeYaVldVMjZK%2FYu3xQHSADL%2B4iYcjrtzVrQfiTENDASn%2FNKAv8bMQGrxMtfZIQxtgUbcDDR8DXjZQlttdK9yX0lcTjVLUwgoOkbaLr1QPw%2BXo%2BoxpRZt2w3VSpq3qTJTyFV2PEojeOXsGWeWMlYkX5JYUcBhoU98%2FzdqgOT%2BKj0JZoQ8SzAI6ehg6jdlSjMDTuJwhiWDSoGIobrb5vYlLD9oQrX6ma6tQICF54ZUs%2Fg81VtemQply1bYpkJAg%3D%3D","environmentVariables":{"GA_PROPERTY_ID":"G-6HCB340LRG","FIREBASE_CONFIG":"{\"projectId\":\"rocket-prompt\",\"storageBucket\":\"rocket-prompt.firebasestorage.app\"}","GCLOUD_PROJECT":"rocket-prompt","EVENTARC_CLOUD_EVENT_SOURCE":"projects/rocket-prompt/locations/us-central1/functions/sendTestDailyReminder"},"runtime":"nodejs22","buildId":"db98ec2a-9c20-4155-bb86-0dcb1f2da107","buildEnvironmentVariables":{"GOOGLE_NODE_RUN_SCRIPTS":""},"secretEnvironmentVariables":[{"key":"SENDGRID_API_KEY","projectId":"rocket-prompt","secret":"SENDGRID_API_KEY","version":"3"}],"buildName":"projects/169050684401/locations/us-central1/builds/db98ec2a-9c20-4155-bb86-0dcb1f2da107","dockerRegistry":"ARTIFACT_REGISTRY","automaticUpdatePolicy":{},"buildServiceAccount":"projects/rocket-prompt/serviceAccounts/169050684401-compute@developer.gserviceaccount.com"},"versionId":"8","updateTime":"2026-02-16T01:55:27Z"}}
[debug] [2026-02-16T01:55:27.631Z] <<< [apiv2][status] GET https://cloudfunctions.googleapis.com/v1/operations/cm9ja2V0LXByb21wdC91cy1jZW50cmFsMS9wcmV2aWV3R29hbFJlbWluZGVyL0d5TDNUMEIwM3M4 200
[debug] [2026-02-16T01:55:27.631Z] <<< [apiv2][body] GET https://cloudfunctions.googleapis.com/v1/operations/cm9ja2V0LXByb21wdC91cy1jZW50cmFsMS9wcmV2aWV3R29hbFJlbWluZGVyL0d5TDNUMEIwM3M4 {"name":"operations/cm9ja2V0LXByb21wdC91cy1jZW50cmFsMS9wcmV2aWV3R29hbFJlbWluZGVyL0d5TDNUMEIwM3M4","metadata":{"@type":"type.googleapis.com/google.cloud.functions.v1.OperationMetadataV1","target":"projects/rocket-prompt/locations/us-central1/functions/previewGoalReminder","type":"UPDATE_FUNCTION","request":{"@type":"type.googleapis.com/google.cloud.functions.v1.CloudFunction","name":"projects/rocket-prompt/locations/us-central1/functions/previewGoalReminder","httpsTrigger":{"url":"https://us-central1-rocket-prompt.cloudfunctions.net/previewGoalReminder","securityLevel":"SECURE_ALWAYS"},"status":"ACTIVE","entryPoint":"previewGoalReminder","updateTime":"2026-02-12T16:31:01.109Z","versionId":"30","labels":{"deployment-tool":"cli-firebase","deployment-callable":"true","firebase-functions-hash":"618a15276845177c7983eb5c1f991571ba8e7902"},"sourceUploadUrl":"https://storage.googleapis.com/uploads-17286520875.us-central1.cloudfunctions.appspot.com/e6460765-ab51-4992-8a95-38410992706c.zip?GoogleAccessId=service-169050684401@gcf-admin-robot.iam.gserviceaccount.com&Expires=1771205456&Signature=bumF7EQ7rFtyeJ3xEAzgNFGiEFpLle9UqsdRYwFi0t5fl1Aa7zmD6aaG3vAC4diZrzMEy6bsk49SCZTyIbaZzoNttyeYaVldVMjZK%2FYu3xQHSADL%2B4iYcjrtzVrQfiTENDASn%2FNKAv8bMQGrxMtfZIQxtgUbcDDR8DXjZQlttdK9yX0lcTjVLUwgoOkbaLr1QPw%2BXo%2BoxpRZt2w3VSpq3qTJTyFV2PEojeOXsGWeWMlYkX5JYUcBhoU98%2FzdqgOT%2BKj0JZoQ8SzAI6ehg6jdlSjMDTuJwhiWDSoGIobrb5vYlLD9oQrX6ma6tQICF54ZUs%2Fg81VtemQply1bYpkJAg%3D%3D","environmentVariables":{"GA_PROPERTY_ID":"G-6HCB340LRG","FIREBASE_CONFIG":"{\"projectId\":\"rocket-prompt\",\"storageBucket\":\"rocket-prompt.firebasestorage.app\"}","GCLOUD_PROJECT":"rocket-prompt","EVENTARC_CLOUD_EVENT_SOURCE":"projects/rocket-prompt/locations/us-central1/functions/previewGoalReminder"},"runtime":"nodejs22","buildId":"db98ec2a-9c20-4155-bb86-0dcb1f2da107","buildEnvironmentVariables":{"GOOGLE_NODE_RUN_SCRIPTS":""},"secretEnvironmentVariables":[{"key":"SENDGRID_API_KEY","projectId":"rocket-prompt","secret":"SENDGRID_API_KEY","version":"3"}],"buildName":"projects/169050684401/locations/us-central1/builds/db98ec2a-9c20-4155-bb86-0dcb1f2da107","dockerRegistry":"ARTIFACT_REGISTRY","automaticUpdatePolicy":{},"buildServiceAccount":"projects/rocket-prompt/serviceAccounts/169050684401-compute@developer.gserviceaccount.com"},"versionId":"31","updateTime":"2026-02-16T01:55:27Z"}}
[debug] [2026-02-16T01:55:27.632Z] <<< [apiv2][status] GET https://cloudfunctions.googleapis.com/v1/operations/cm9ja2V0LXByb21wdC91cy1jZW50cmFsMS9hZGRTY2hlZHVsZWRSZW1pbmRlci9Gd1RVbUhic1VIRQ 200
[debug] [2026-02-16T01:55:27.632Z] <<< [apiv2][body] GET https://cloudfunctions.googleapis.com/v1/operations/cm9ja2V0LXByb21wdC91cy1jZW50cmFsMS9hZGRTY2hlZHVsZWRSZW1pbmRlci9Gd1RVbUhic1VIRQ {"name":"operations/cm9ja2V0LXByb21wdC91cy1jZW50cmFsMS9hZGRTY2hlZHVsZWRSZW1pbmRlci9Gd1RVbUhic1VIRQ","metadata":{"@type":"type.googleapis.com/google.cloud.functions.v1.OperationMetadataV1","target":"projects/rocket-prompt/locations/us-central1/functions/addScheduledReminder","type":"UPDATE_FUNCTION","request":{"@type":"type.googleapis.com/google.cloud.functions.v1.CloudFunction","name":"projects/rocket-prompt/locations/us-central1/functions/addScheduledReminder","httpsTrigger":{"url":"https://us-central1-rocket-prompt.cloudfunctions.net/addScheduledReminder","securityLevel":"SECURE_ALWAYS"},"status":"ACTIVE","entryPoint":"addScheduledReminder","updateTime":"2026-02-12T16:31:05.476Z","versionId":"28","labels":{"deployment-tool":"cli-firebase","deployment-callable":"true","firebase-functions-hash":"41bc74008db6748b3d763b884d070ba33406658c"},"sourceUploadUrl":"https://storage.googleapis.com/uploads-17286520875.us-central1.cloudfunctions.appspot.com/e6460765-ab51-4992-8a95-38410992706c.zip?GoogleAccessId=service-169050684401@gcf-admin-robot.iam.gserviceaccount.com&Expires=1771205456&Signature=bumF7EQ7rFtyeJ3xEAzgNFGiEFpLle9UqsdRYwFi0t5fl1Aa7zmD6aaG3vAC4diZrzMEy6bsk49SCZTyIbaZzoNttyeYaVldVMjZK%2FYu3xQHSADL%2B4iYcjrtzVrQfiTENDASn%2FNKAv8bMQGrxMtfZIQxtgUbcDDR8DXjZQlttdK9yX0lcTjVLUwgoOkbaLr1QPw%2BXo%2BoxpRZt2w3VSpq3qTJTyFV2PEojeOXsGWeWMlYkX5JYUcBhoU98%2FzdqgOT%2BKj0JZoQ8SzAI6ehg6jdlSjMDTuJwhiWDSoGIobrb5vYlLD9oQrX6ma6tQICF54ZUs%2Fg81VtemQply1bYpkJAg%3D%3D","environmentVariables":{"GA_PROPERTY_ID":"G-6HCB340LRG","FIREBASE_CONFIG":"{\"projectId\":\"rocket-prompt\",\"storageBucket\":\"rocket-prompt.firebasestorage.app\"}","GCLOUD_PROJECT":"rocket-prompt","EVENTARC_CLOUD_EVENT_SOURCE":"projects/rocket-prompt/locations/us-central1/functions/addScheduledReminder"},"runtime":"nodejs22","buildId":"db98ec2a-9c20-4155-bb86-0dcb1f2da107","buildEnvironmentVariables":{"GOOGLE_NODE_RUN_SCRIPTS":""},"buildName":"projects/169050684401/locations/us-central1/builds/db98ec2a-9c20-4155-bb86-0dcb1f2da107","dockerRegistry":"ARTIFACT_REGISTRY","automaticUpdatePolicy":{},"buildServiceAccount":"projects/rocket-prompt/serviceAccounts/169050684401-compute@developer.gserviceaccount.com"},"versionId":"29","updateTime":"2026-02-16T01:55:27Z"}}
[debug] [2026-02-16T01:55:27.646Z] <<< [apiv2][status] GET https://cloudfunctions.googleapis.com/v1/operations/cm9ja2V0LXByb21wdC91cy1jZW50cmFsMS9zZW5kVGVzdFNNUy9GaTBrYVhrV2IyTQ 200
[debug] [2026-02-16T01:55:27.646Z] <<< [apiv2][body] GET https://cloudfunctions.googleapis.com/v1/operations/cm9ja2V0LXByb21wdC91cy1jZW50cmFsMS9zZW5kVGVzdFNNUy9GaTBrYVhrV2IyTQ {"name":"operations/cm9ja2V0LXByb21wdC91cy1jZW50cmFsMS9zZW5kVGVzdFNNUy9GaTBrYVhrV2IyTQ","metadata":{"@type":"type.googleapis.com/google.cloud.functions.v1.OperationMetadataV1","target":"projects/rocket-prompt/locations/us-central1/functions/sendTestSMS","type":"UPDATE_FUNCTION","request":{"@type":"type.googleapis.com/google.cloud.functions.v1.CloudFunction","name":"projects/rocket-prompt/locations/us-central1/functions/sendTestSMS","httpsTrigger":{"url":"https://us-central1-rocket-prompt.cloudfunctions.net/sendTestSMS","securityLevel":"SECURE_ALWAYS"},"status":"ACTIVE","entryPoint":"sendTestSMS","updateTime":"2026-02-12T16:31:01.407Z","versionId":"34","labels":{"deployment-tool":"cli-firebase","deployment-callable":"true","firebase-functions-hash":"ca781756249ad7fc9598babcb3c779ba6bee6da0"},"sourceUploadUrl":"https://storage.googleapis.com/uploads-17286520875.us-central1.cloudfunctions.appspot.com/e6460765-ab51-4992-8a95-38410992706c.zip?GoogleAccessId=service-169050684401@gcf-admin-robot.iam.gserviceaccount.com&Expires=1771205456&Signature=bumF7EQ7rFtyeJ3xEAzgNFGiEFpLle9UqsdRYwFi0t5fl1Aa7zmD6aaG3vAC4diZrzMEy6bsk49SCZTyIbaZzoNttyeYaVldVMjZK%2FYu3xQHSADL%2B4iYcjrtzVrQfiTENDASn%2FNKAv8bMQGrxMtfZIQxtgUbcDDR8DXjZQlttdK9yX0lcTjVLUwgoOkbaLr1QPw%2BXo%2BoxpRZt2w3VSpq3qTJTyFV2PEojeOXsGWeWMlYkX5JYUcBhoU98%2FzdqgOT%2BKj0JZoQ8SzAI6ehg6jdlSjMDTuJwhiWDSoGIobrb5vYlLD9oQrX6ma6tQICF54ZUs%2Fg81VtemQply1bYpkJAg%3D%3D","environmentVariables":{"GA_PROPERTY_ID":"G-6HCB340LRG","FIREBASE_CONFIG":"{\"projectId\":\"rocket-prompt\",\"storageBucket\":\"rocket-prompt.firebasestorage.app\"}","GCLOUD_PROJECT":"rocket-prompt","EVENTARC_CLOUD_EVENT_SOURCE":"projects/rocket-prompt/locations/us-central1/functions/sendTestSMS"},"runtime":"nodejs22","buildId":"db98ec2a-9c20-4155-bb86-0dcb1f2da107","buildEnvironmentVariables":{"GOOGLE_NODE_RUN_SCRIPTS":""},"secretEnvironmentVariables":[{"key":"TWILIO_ACCOUNT_SID","projectId":"rocket-prompt","secret":"TWILIO_ACCOUNT_SID","version":"2"},{"key":"TWILIO_AUTH_TOKEN","projectId":"rocket-prompt","secret":"TWILIO_AUTH_TOKEN","version":"2"},{"key":"TWILIO_PHONE_NUMBER","projectId":"rocket-prompt","secret":"TWILIO_PHONE_NUMBER","version":"2"}],"buildName":"projects/169050684401/locations/us-central1/builds/db98ec2a-9c20-4155-bb86-0dcb1f2da107","dockerRegistry":"ARTIFACT_REGISTRY","automaticUpdatePolicy":{},"buildServiceAccount":"projects/rocket-prompt/serviceAccounts/169050684401-compute@developer.gserviceaccount.com"},"versionId":"35","updateTime":"2026-02-16T01:55:27Z"}}
[debug] [2026-02-16T01:55:27.651Z] <<< [apiv2][status] GET https://cloudfunctions.googleapis.com/v1/operations/cm9ja2V0LXByb21wdC91cy1jZW50cmFsMS9nZXRTY2hlZHVsZWRSZW1pbmRlcnMvT3liUEJod21YU2M 200
[debug] [2026-02-16T01:55:27.651Z] <<< [apiv2][body] GET https://cloudfunctions.googleapis.com/v1/operations/cm9ja2V0LXByb21wdC91cy1jZW50cmFsMS9nZXRTY2hlZHVsZWRSZW1pbmRlcnMvT3liUEJod21YU2M {"name":"operations/cm9ja2V0LXByb21wdC91cy1jZW50cmFsMS9nZXRTY2hlZHVsZWRSZW1pbmRlcnMvT3liUEJod21YU2M","metadata":{"@type":"type.googleapis.com/google.cloud.functions.v1.OperationMetadataV1","target":"projects/rocket-prompt/locations/us-central1/functions/getScheduledReminders","type":"UPDATE_FUNCTION","request":{"@type":"type.googleapis.com/google.cloud.functions.v1.CloudFunction","name":"projects/rocket-prompt/locations/us-central1/functions/getScheduledReminders","httpsTrigger":{"url":"https://us-central1-rocket-prompt.cloudfunctions.net/getScheduledReminders","securityLevel":"SECURE_ALWAYS"},"status":"ACTIVE","entryPoint":"getScheduledReminders","updateTime":"2026-02-12T16:30:58.486Z","versionId":"28","labels":{"deployment-tool":"cli-firebase","deployment-callable":"true","firebase-functions-hash":"41bc74008db6748b3d763b884d070ba33406658c"},"sourceUploadUrl":"https://storage.googleapis.com/uploads-17286520875.us-central1.cloudfunctions.appspot.com/e6460765-ab51-4992-8a95-38410992706c.zip?GoogleAccessId=service-169050684401@gcf-admin-robot.iam.gserviceaccount.com&Expires=1771205456&Signature=bumF7EQ7rFtyeJ3xEAzgNFGiEFpLle9UqsdRYwFi0t5fl1Aa7zmD6aaG3vAC4diZrzMEy6bsk49SCZTyIbaZzoNttyeYaVldVMjZK%2FYu3xQHSADL%2B4iYcjrtzVrQfiTENDASn%2FNKAv8bMQGrxMtfZIQxtgUbcDDR8DXjZQlttdK9yX0lcTjVLUwgoOkbaLr1QPw%2BXo%2BoxpRZt2w3VSpq3qTJTyFV2PEojeOXsGWeWMlYkX5JYUcBhoU98%2FzdqgOT%2BKj0JZoQ8SzAI6ehg6jdlSjMDTuJwhiWDSoGIobrb5vYlLD9oQrX6ma6tQICF54ZUs%2Fg81VtemQply1bYpkJAg%3D%3D","environmentVariables":{"GA_PROPERTY_ID":"G-6HCB340LRG","FIREBASE_CONFIG":"{\"projectId\":\"rocket-prompt\",\"storageBucket\":\"rocket-prompt.firebasestorage.app\"}","GCLOUD_PROJECT":"rocket-prompt","EVENTARC_CLOUD_EVENT_SOURCE":"projects/rocket-prompt/locations/us-central1/functions/getScheduledReminders"},"runtime":"nodejs22","buildId":"db98ec2a-9c20-4155-bb86-0dcb1f2da107","buildEnvironmentVariables":{"GOOGLE_NODE_RUN_SCRIPTS":""},"buildName":"projects/169050684401/locations/us-central1/builds/db98ec2a-9c20-4155-bb86-0dcb1f2da107","dockerRegistry":"ARTIFACT_REGISTRY","automaticUpdatePolicy":{},"buildServiceAccount":"projects/rocket-prompt/serviceAccounts/169050684401-compute@developer.gserviceaccount.com"},"versionId":"29","updateTime":"2026-02-16T01:55:27Z"}}
[debug] [2026-02-16T01:55:27.941Z] [update-default-us-central1-initiateHeyGenVideo] Retrying task index 0
[debug] [2026-02-16T01:55:27.941Z] Checked if tokens are valid: true, expires at: 1771210524661
[debug] [2026-02-16T01:55:27.941Z] Checked if tokens are valid: true, expires at: 1771210524661
[debug] [2026-02-16T01:55:27.941Z] >>> [apiv2][query] GET https://cloudfunctions.googleapis.com/v2/projects/rocket-prompt/locations/us-central1/operations/operation-1771206926013-64ae73fa615b0-1080109a-a8262c3f [none]
[debug] [2026-02-16T01:55:28.082Z] [update-default-us-central1-reactivateSubscription] Retrying task index 0
[debug] [2026-02-16T01:55:28.083Z] Checked if tokens are valid: true, expires at: 1771210524661
[debug] [2026-02-16T01:55:28.083Z] Checked if tokens are valid: true, expires at: 1771210524661
[debug] [2026-02-16T01:55:28.083Z] >>> [apiv2][query] GET https://cloudfunctions.googleapis.com/v1/operations/cm9ja2V0LXByb21wdC91cy1jZW50cmFsMS9yZWFjdGl2YXRlU3Vic2NyaXB0aW9uL3VxeGZwYkJJUF9n [none]
[debug] [2026-02-16T01:55:28.084Z] [update-default-us-central1-sendTestEmail] Retrying task index 0
[debug] [2026-02-16T01:55:28.084Z] Checked if tokens are valid: true, expires at: 1771210524661
[debug] [2026-02-16T01:55:28.084Z] Checked if tokens are valid: true, expires at: 1771210524661
[debug] [2026-02-16T01:55:28.084Z] >>> [apiv2][query] GET https://cloudfunctions.googleapis.com/v1/operations/cm9ja2V0LXByb21wdC91cy1jZW50cmFsMS9zZW5kVGVzdEVtYWlsL0VHWDNkSFhnUmdF [none]
[debug] [2026-02-16T01:55:28.089Z] <<< [apiv2][status] GET https://cloudfunctions.googleapis.com/v2/projects/rocket-prompt/locations/us-central1/operations/operation-1771206926013-64ae73fa615b0-1080109a-a8262c3f 200
[debug] [2026-02-16T01:55:28.089Z] <<< [apiv2][body] GET https://cloudfunctions.googleapis.com/v2/projects/rocket-prompt/locations/us-central1/operations/operation-1771206926013-64ae73fa615b0-1080109a-a8262c3f {"name":"projects/rocket-prompt/locations/us-central1/operations/operation-1771206926013-64ae73fa615b0-1080109a-a8262c3f","metadata":{"@type":"type.googleapis.com/google.cloud.functions.v2.OperationMetadata","createTime":"2026-02-16T01:55:27.031705695Z","target":"projects/rocket-prompt/locations/us-central1/functions/initiateHeyGenVideo","verb":"update","cancelRequested":false,"apiVersion":"v2","requestResource":{"@type":"type.googleapis.com/google.cloud.functions.v2.Function","name":"projects/rocket-prompt/locations/us-central1/functions/initiateHeyGenVideo","buildConfig":{"runtime":"nodejs22","entryPoint":"initiateHeyGenVideo","source":{"storageSource":{"bucket":"gcf-v2-sources-169050684401-us-central1","object":"initiateHeyGenVideo/function-source.zip","generation":"1771206926949437"}},"environmentVariables":{"GOOGLE_NODE_RUN_SCRIPTS":""},"dockerRepository":"projects/rocket-prompt/locations/us-central1/repositories/gcf-artifacts","sourceProvenance":{"resolvedStorageSource":{"bucket":"gcf-v2-sources-169050684401-us-central1","object":"initiateHeyGenVideo/function-source.zip","generation":"1770913847451323"}},"dockerRegistry":"ARTIFACT_REGISTRY","serviceAccount":"projects/rocket-prompt/serviceAccounts/169050684401-compute@developer.gserviceaccount.com","automaticUpdatePolicy":{}},"serviceConfig":{"service":"projects/rocket-prompt/locations/us-central1/services/initiateheygenvideo","timeoutSeconds":60,"environmentVariables":{"GA_PROPERTY_ID":"G-6HCB340LRG","FIREBASE_CONFIG":"{\"projectId\":\"rocket-prompt\",\"storageBucket\":\"rocket-prompt.firebasestorage.app\"}","GCLOUD_PROJECT":"rocket-prompt","EVENTARC_CLOUD_EVENT_SOURCE":"projects/rocket-prompt/locations/us-central1/services/initiateHeyGenVideo","FUNCTION_TARGET":"initiateHeyGenVideo","LOG_EXECUTION_ID":"true"},"ingressSettings":"ALLOW_ALL","uri":"https://initiateheygenvideo-dqcmto3fqa-uc.a.run.app","serviceAccountEmail":"169050684401-compute@developer.gserviceaccount.com","availableMemory":"256Mi","allTrafficOnLatestRevision":true,"secretEnvironmentVariables":[{"key":"HEYGEN_API_KEY","projectId":"rocket-prompt","secret":"HEYGEN_API_KEY","version":"1"}],"revision":"initiateheygenvideo-00019-jug","maxInstanceRequestConcurrency":80,"availableCpu":"1"},"state":"ACTIVE","labels":{"deployment-tool":"cli-firebase","deployment-callable":"true","firebase-functions-hash":"620e194a4b43642976db4b0f2213df68c7f8e6c1"},"environment":"GEN_2","url":"https://us-central1-rocket-prompt.cloudfunctions.net/initiateHeyGenVideo","satisfiesPzi":true},"stages":[{"name":"BUILD","message":"Build in progress","state":"IN_PROGRESS","resource":"projects/169050684401/locations/us-central1/builds/9e44cf1f-1744-4066-a0e4-e265509b628e","resourceUri":"https://console.cloud.google.com/cloud-build/builds;region=us-central1/9e44cf1f-1744-4066-a0e4-e265509b628e?project=169050684401"},{"name":"SERVICE","state":"NOT_STARTED"}],"operationType":"UPDATE_FUNCTION","buildName":"projects/169050684401/locations/us-central1/builds/9e44cf1f-1744-4066-a0e4-e265509b628e"},"done":false}
[debug] [2026-02-16T01:55:28.089Z] [update-default-us-central1-updateScheduledReminder] Retrying task index 0
[debug] [2026-02-16T01:55:28.090Z] Checked if tokens are valid: true, expires at: 1771210524661
[debug] [2026-02-16T01:55:28.090Z] Checked if tokens are valid: true, expires at: 1771210524661
[debug] [2026-02-16T01:55:28.090Z] >>> [apiv2][query] GET https://cloudfunctions.googleapis.com/v1/operations/cm9ja2V0LXByb21wdC91cy1jZW50cmFsMS91cGRhdGVTY2hlZHVsZWRSZW1pbmRlci9UeGlDZWtGVm5Waw [none]
[debug] [2026-02-16T01:55:28.091Z] [update-default-us-central1-sendTestGoalReminder] Retrying task index 0
[debug] [2026-02-16T01:55:28.091Z] Checked if tokens are valid: true, expires at: 1771210524661
[debug] [2026-02-16T01:55:28.091Z] Checked if tokens are valid: true, expires at: 1771210524661
[debug] [2026-02-16T01:55:28.091Z] >>> [apiv2][query] GET https://cloudfunctions.googleapis.com/v1/operations/cm9ja2V0LXByb21wdC91cy1jZW50cmFsMS9zZW5kVGVzdEdvYWxSZW1pbmRlci9Qel95cEFMaWZQSQ [none]
[debug] [2026-02-16T01:55:28.092Z] [update-default-us-central1-processWeeklyResets] Retrying task index 0
[debug] [2026-02-16T01:55:28.092Z] Checked if tokens are valid: true, expires at: 1771210524661
[debug] [2026-02-16T01:55:28.092Z] Checked if tokens are valid: true, expires at: 1771210524661
[debug] [2026-02-16T01:55:28.092Z] >>> [apiv2][query] GET https://cloudfunctions.googleapis.com/v1/operations/cm9ja2V0LXByb21wdC91cy1jZW50cmFsMS9wcm9jZXNzV2Vla2x5UmVzZXRzL2Y1eEZXMUhGbC1z [none]
[debug] [2026-02-16T01:55:28.092Z] [update-default-us-central1-sendVerificationEmail] Retrying task index 0
[debug] [2026-02-16T01:55:28.092Z] Checked if tokens are valid: true, expires at: 1771210524661
[debug] [2026-02-16T01:55:28.092Z] Checked if tokens are valid: true, expires at: 1771210524661
[debug] [2026-02-16T01:55:28.092Z] >>> [apiv2][query] GET https://cloudfunctions.googleapis.com/v1/operations/cm9ja2V0LXByb21wdC91cy1jZW50cmFsMS9zZW5kVmVyaWZpY2F0aW9uRW1haWwvdUd3Z2xtVHBKU0U [none]
[debug] [2026-02-16T01:55:28.096Z] [update-default-us-central1-processScheduledReminders] Retrying task index 0
[debug] [2026-02-16T01:55:28.096Z] Checked if tokens are valid: true, expires at: 1771210524661
[debug] [2026-02-16T01:55:28.096Z] Checked if tokens are valid: true, expires at: 1771210524661
[debug] [2026-02-16T01:55:28.096Z] >>> [apiv2][query] GET https://cloudfunctions.googleapis.com/v1/operations/cm9ja2V0LXByb21wdC91cy1jZW50cmFsMS9wcm9jZXNzU2NoZWR1bGVkUmVtaW5kZXJzL3pRT1hQUVJhRkY0 [none]
[debug] [2026-02-16T01:55:28.097Z] [update-default-us-central1-deleteScheduledReminder] Retrying task index 0
[debug] [2026-02-16T01:55:28.097Z] Checked if tokens are valid: true, expires at: 1771210524661
[debug] [2026-02-16T01:55:28.097Z] Checked if tokens are valid: true, expires at: 1771210524661
[debug] [2026-02-16T01:55:28.097Z] >>> [apiv2][query] GET https://cloudfunctions.googleapis.com/v1/operations/cm9ja2V0LXByb21wdC91cy1jZW50cmFsMS9kZWxldGVTY2hlZHVsZWRSZW1pbmRlci9PZWEzMDU1WmdtUQ [none]
[debug] [2026-02-16T01:55:28.097Z] [update-default-us-central1-scheduleDemoEmail] Retrying task index 0
[debug] [2026-02-16T01:55:28.097Z] Checked if tokens are valid: true, expires at: 1771210524661
[debug] [2026-02-16T01:55:28.097Z] Checked if tokens are valid: true, expires at: 1771210524661
[debug] [2026-02-16T01:55:28.097Z] >>> [apiv2][query] GET https://cloudfunctions.googleapis.com/v1/operations/cm9ja2V0LXByb21wdC91cy1jZW50cmFsMS9zY2hlZHVsZURlbW9FbWFpbC9oSFFkNWlmTDBoYw [none]
[debug] [2026-02-16T01:55:28.098Z] [update-default-us-central1-createCheckoutSession] Retrying task index 0
[debug] [2026-02-16T01:55:28.098Z] Checked if tokens are valid: true, expires at: 1771210524661
[debug] [2026-02-16T01:55:28.098Z] Checked if tokens are valid: true, expires at: 1771210524661
[debug] [2026-02-16T01:55:28.098Z] >>> [apiv2][query] GET https://cloudfunctions.googleapis.com/v1/operations/cm9ja2V0LXByb21wdC91cy1jZW50cmFsMS9jcmVhdGVDaGVja291dFNlc3Npb24vdzlLNFJhdVdEU2M [none]
[debug] [2026-02-16T01:55:28.109Z] [update-default-us-central1-runWeeklyResetTest] Retrying task index 0
[debug] [2026-02-16T01:55:28.109Z] Checked if tokens are valid: true, expires at: 1771210524661
[debug] [2026-02-16T01:55:28.109Z] Checked if tokens are valid: true, expires at: 1771210524661
[debug] [2026-02-16T01:55:28.109Z] >>> [apiv2][query] GET https://cloudfunctions.googleapis.com/v1/operations/cm9ja2V0LXByb21wdC91cy1jZW50cmFsMS9ydW5XZWVrbHlSZXNldFRlc3QvUFJrUjFaTV9LVjQ [none]
[debug] [2026-02-16T01:55:28.109Z] [update-default-us-central1-sendGoalCreatedEmail] Retrying task index 0
[debug] [2026-02-16T01:55:28.109Z] Checked if tokens are valid: true, expires at: 1771210524661
[debug] [2026-02-16T01:55:28.109Z] Checked if tokens are valid: true, expires at: 1771210524661
[debug] [2026-02-16T01:55:28.109Z] >>> [apiv2][query] GET https://cloudfunctions.googleapis.com/v1/operations/cm9ja2V0LXByb21wdC91cy1jZW50cmFsMS9zZW5kR29hbENyZWF0ZWRFbWFpbC9MZDV2cFJjOFBIVQ [none]
[debug] [2026-02-16T01:55:28.110Z] [update-default-us-central1-stripeWebhookRocketGoals] Retrying task index 0
[debug] [2026-02-16T01:55:28.110Z] Checked if tokens are valid: true, expires at: 1771210524661
[debug] [2026-02-16T01:55:28.110Z] Checked if tokens are valid: true, expires at: 1771210524661
[debug] [2026-02-16T01:55:28.110Z] >>> [apiv2][query] GET https://cloudfunctions.googleapis.com/v1/operations/cm9ja2V0LXByb21wdC91cy1jZW50cmFsMS9zdHJpcGVXZWJob29rUm9ja2V0R29hbHMvSWxURHhUMlc1Wnc [none]
[debug] [2026-02-16T01:55:28.110Z] [update-default-us-central1-sendWelcomeEmail] Retrying task index 0
[debug] [2026-02-16T01:55:28.110Z] Checked if tokens are valid: true, expires at: 1771210524661
[debug] [2026-02-16T01:55:28.110Z] Checked if tokens are valid: true, expires at: 1771210524661
[debug] [2026-02-16T01:55:28.110Z] >>> [apiv2][query] GET https://cloudfunctions.googleapis.com/v1/operations/cm9ja2V0LXByb21wdC91cy1jZW50cmFsMS9zZW5kV2VsY29tZUVtYWlsLzQzZFg3ZVJjT3Bz [none]
[debug] [2026-02-16T01:55:28.111Z] [update-default-us-central1-sendFanInviteEmail] Retrying task index 0
[debug] [2026-02-16T01:55:28.111Z] Checked if tokens are valid: true, expires at: 1771210524661
[debug] [2026-02-16T01:55:28.111Z] Checked if tokens are valid: true, expires at: 1771210524661
[debug] [2026-02-16T01:55:28.111Z] >>> [apiv2][query] GET https://cloudfunctions.googleapis.com/v1/operations/cm9ja2V0LXByb21wdC91cy1jZW50cmFsMS9zZW5kRmFuSW52aXRlRW1haWwvX3MtMzdKNUwzcUk [none]
[debug] [2026-02-16T01:55:28.111Z] [update-default-us-central1-processAIPrompt] Retrying task index 0
[debug] [2026-02-16T01:55:28.111Z] Checked if tokens are valid: true, expires at: 1771210524661
[debug] [2026-02-16T01:55:28.111Z] Checked if tokens are valid: true, expires at: 1771210524661
[debug] [2026-02-16T01:55:28.111Z] >>> [apiv2][query] GET https://cloudfunctions.googleapis.com/v1/operations/cm9ja2V0LXByb21wdC91cy1jZW50cmFsMS9wcm9jZXNzQUlQcm9tcHQvT0V2MUVOYXpPOGc [none]
[debug] [2026-02-16T01:55:28.111Z] [update-default-us-central1-redeemPromoCode] Retrying task index 0
[debug] [2026-02-16T01:55:28.111Z] Checked if tokens are valid: true, expires at: 1771210524661
[debug] [2026-02-16T01:55:28.111Z] Checked if tokens are valid: true, expires at: 1771210524661
[debug] [2026-02-16T01:55:28.111Z] >>> [apiv2][query] GET https://cloudfunctions.googleapis.com/v1/operations/cm9ja2V0LXByb21wdC91cy1jZW50cmFsMS9yZWRlZW1Qcm9tb0NvZGUvZnM5T2F3b1NEUDA [none]
[debug] [2026-02-16T01:55:28.111Z] [update-default-us-central1-cancelSubscription] Retrying task index 0
[debug] [2026-02-16T01:55:28.111Z] Checked if tokens are valid: true, expires at: 1771210524661
[debug] [2026-02-16T01:55:28.111Z] Checked if tokens are valid: true, expires at: 1771210524661
[debug] [2026-02-16T01:55:28.112Z] >>> [apiv2][query] GET https://cloudfunctions.googleapis.com/v1/operations/cm9ja2V0LXByb21wdC91cy1jZW50cmFsMS9jYW5jZWxTdWJzY3JpcHRpb24vaXREdThuWkppUVE [none]
[debug] [2026-02-16T01:55:28.113Z] [update-default-us-central1-getDefaultEmailTemplate] Retrying task index 0
[debug] [2026-02-16T01:55:28.113Z] Checked if tokens are valid: true, expires at: 1771210524661
[debug] [2026-02-16T01:55:28.113Z] Checked if tokens are valid: true, expires at: 1771210524661
[debug] [2026-02-16T01:55:28.113Z] >>> [apiv2][query] GET https://cloudfunctions.googleapis.com/v1/operations/cm9ja2V0LXByb21wdC91cy1jZW50cmFsMS9nZXREZWZhdWx0RW1haWxUZW1wbGF0ZS9VdVJxdEVxS3RfVQ [none]
[debug] [2026-02-16T01:55:28.117Z] [update-default-us-central1-createBillingPortalSession] Retrying task index 0
[debug] [2026-02-16T01:55:28.117Z] Checked if tokens are valid: true, expires at: 1771210524661
[debug] [2026-02-16T01:55:28.117Z] Checked if tokens are valid: true, expires at: 1771210524661
[debug] [2026-02-16T01:55:28.117Z] >>> [apiv2][query] GET https://cloudfunctions.googleapis.com/v1/operations/cm9ja2V0LXByb21wdC91cy1jZW50cmFsMS9jcmVhdGVCaWxsaW5nUG9ydGFsU2Vzc2lvbi9URzgwQ1Q5bU5uUQ [none]
[debug] [2026-02-16T01:55:28.122Z] [update-default-us-central1-sendTestDailyReminder] Retrying task index 0
[debug] [2026-02-16T01:55:28.123Z] Checked if tokens are valid: true, expires at: 1771210524661
[debug] [2026-02-16T01:55:28.123Z] Checked if tokens are valid: true, expires at: 1771210524661
[debug] [2026-02-16T01:55:28.123Z] >>> [apiv2][query] GET https://cloudfunctions.googleapis.com/v1/operations/cm9ja2V0LXByb21wdC91cy1jZW50cmFsMS9zZW5kVGVzdERhaWx5UmVtaW5kZXIvT3JjX0tBY0ZkZ2s [none]
[debug] [2026-02-16T01:55:28.133Z] [update-default-us-central1-previewGoalReminder] Retrying task index 0
[debug] [2026-02-16T01:55:28.133Z] Checked if tokens are valid: true, expires at: 1771210524661
[debug] [2026-02-16T01:55:28.133Z] Checked if tokens are valid: true, expires at: 1771210524661
[debug] [2026-02-16T01:55:28.134Z] >>> [apiv2][query] GET https://cloudfunctions.googleapis.com/v1/operations/cm9ja2V0LXByb21wdC91cy1jZW50cmFsMS9wcmV2aWV3R29hbFJlbWluZGVyL0d5TDNUMEIwM3M4 [none]
[debug] [2026-02-16T01:55:28.134Z] [update-default-us-central1-addScheduledReminder] Retrying task index 0
[debug] [2026-02-16T01:55:28.134Z] Checked if tokens are valid: true, expires at: 1771210524661
[debug] [2026-02-16T01:55:28.134Z] Checked if tokens are valid: true, expires at: 1771210524661
[debug] [2026-02-16T01:55:28.134Z] >>> [apiv2][query] GET https://cloudfunctions.googleapis.com/v1/operations/cm9ja2V0LXByb21wdC91cy1jZW50cmFsMS9hZGRTY2hlZHVsZWRSZW1pbmRlci9Gd1RVbUhic1VIRQ [none]
[debug] [2026-02-16T01:55:28.147Z] [update-default-us-central1-sendTestSMS] Retrying task index 0
[debug] [2026-02-16T01:55:28.148Z] Checked if tokens are valid: true, expires at: 1771210524661
[debug] [2026-02-16T01:55:28.148Z] Checked if tokens are valid: true, expires at: 1771210524661
[debug] [2026-02-16T01:55:28.148Z] >>> [apiv2][query] GET https://cloudfunctions.googleapis.com/v1/operations/cm9ja2V0LXByb21wdC91cy1jZW50cmFsMS9zZW5kVGVzdFNNUy9GaTBrYVhrV2IyTQ [none]
[debug] [2026-02-16T01:55:28.152Z] [update-default-us-central1-getScheduledReminders] Retrying task index 0
[debug] [2026-02-16T01:55:28.152Z] Checked if tokens are valid: true, expires at: 1771210524661
[debug] [2026-02-16T01:55:28.152Z] Checked if tokens are valid: true, expires at: 1771210524661
[debug] [2026-02-16T01:55:28.152Z] >>> [apiv2][query] GET https://cloudfunctions.googleapis.com/v1/operations/cm9ja2V0LXByb21wdC91cy1jZW50cmFsMS9nZXRTY2hlZHVsZWRSZW1pbmRlcnMvT3liUEJod21YU2M [none]
[debug] [2026-02-16T01:55:28.188Z] <<< [apiv2][status] GET https://cloudfunctions.googleapis.com/v1/operations/cm9ja2V0LXByb21wdC91cy1jZW50cmFsMS9zZW5kVGVzdEdvYWxSZW1pbmRlci9Qel95cEFMaWZQSQ 200
[debug] [2026-02-16T01:55:28.188Z] <<< [apiv2][body] GET https://cloudfunctions.googleapis.com/v1/operations/cm9ja2V0LXByb21wdC91cy1jZW50cmFsMS9zZW5kVGVzdEdvYWxSZW1pbmRlci9Qel95cEFMaWZQSQ {"name":"operations/cm9ja2V0LXByb21wdC91cy1jZW50cmFsMS9zZW5kVGVzdEdvYWxSZW1pbmRlci9Qel95cEFMaWZQSQ","metadata":{"@type":"type.googleapis.com/google.cloud.functions.v1.OperationMetadataV1","target":"projects/rocket-prompt/locations/us-central1/functions/sendTestGoalReminder","type":"UPDATE_FUNCTION","request":{"@type":"type.googleapis.com/google.cloud.functions.v1.CloudFunction","name":"projects/rocket-prompt/locations/us-central1/functions/sendTestGoalReminder","httpsTrigger":{"url":"https://us-central1-rocket-prompt.cloudfunctions.net/sendTestGoalReminder","securityLevel":"SECURE_ALWAYS"},"status":"ACTIVE","entryPoint":"sendTestGoalReminder","updateTime":"2026-02-12T16:31:02.374Z","versionId":"30","labels":{"deployment-tool":"cli-firebase","deployment-callable":"true","firebase-functions-hash":"618a15276845177c7983eb5c1f991571ba8e7902"},"sourceUploadUrl":"https://storage.googleapis.com/uploads-17286520875.us-central1.cloudfunctions.appspot.com/e6460765-ab51-4992-8a95-38410992706c.zip?GoogleAccessId=service-169050684401@gcf-admin-robot.iam.gserviceaccount.com&Expires=1771205456&Signature=bumF7EQ7rFtyeJ3xEAzgNFGiEFpLle9UqsdRYwFi0t5fl1Aa7zmD6aaG3vAC4diZrzMEy6bsk49SCZTyIbaZzoNttyeYaVldVMjZK%2FYu3xQHSADL%2B4iYcjrtzVrQfiTENDASn%2FNKAv8bMQGrxMtfZIQxtgUbcDDR8DXjZQlttdK9yX0lcTjVLUwgoOkbaLr1QPw%2BXo%2BoxpRZt2w3VSpq3qTJTyFV2PEojeOXsGWeWMlYkX5JYUcBhoU98%2FzdqgOT%2BKj0JZoQ8SzAI6ehg6jdlSjMDTuJwhiWDSoGIobrb5vYlLD9oQrX6ma6tQICF54ZUs%2Fg81VtemQply1bYpkJAg%3D%3D","environmentVariables":{"GA_PROPERTY_ID":"G-6HCB340LRG","FIREBASE_CONFIG":"{\"projectId\":\"rocket-prompt\",\"storageBucket\":\"rocket-prompt.firebasestorage.app\"}","GCLOUD_PROJECT":"rocket-prompt","EVENTARC_CLOUD_EVENT_SOURCE":"projects/rocket-prompt/locations/us-central1/functions/sendTestGoalReminder"},"runtime":"nodejs22","buildId":"db98ec2a-9c20-4155-bb86-0dcb1f2da107","buildEnvironmentVariables":{"GOOGLE_NODE_RUN_SCRIPTS":""},"secretEnvironmentVariables":[{"key":"SENDGRID_API_KEY","projectId":"rocket-prompt","secret":"SENDGRID_API_KEY","version":"3"}],"buildName":"projects/169050684401/locations/us-central1/builds/db98ec2a-9c20-4155-bb86-0dcb1f2da107","dockerRegistry":"ARTIFACT_REGISTRY","automaticUpdatePolicy":{},"buildServiceAccount":"projects/rocket-prompt/serviceAccounts/169050684401-compute@developer.gserviceaccount.com"},"versionId":"31","updateTime":"2026-02-16T01:55:28Z"},"done":true,"error":{"code":3,"message":"Failed to verify the provided Cloud Storage Signed URL"}}
[debug] [2026-02-16T01:55:28.188Z] Got source token undefined for region us-central1
[error] Failed to verify the provided Cloud Storage Signed URL
[debug] [2026-02-16T01:55:28.188Z] <<< [apiv2][status] GET https://cloudfunctions.googleapis.com/v1/operations/cm9ja2V0LXByb21wdC91cy1jZW50cmFsMS9yZWFjdGl2YXRlU3Vic2NyaXB0aW9uL3VxeGZwYkJJUF9n 200
[debug] [2026-02-16T01:55:28.188Z] <<< [apiv2][body] GET https://cloudfunctions.googleapis.com/v1/operations/cm9ja2V0LXByb21wdC91cy1jZW50cmFsMS9yZWFjdGl2YXRlU3Vic2NyaXB0aW9uL3VxeGZwYkJJUF9n {"name":"operations/cm9ja2V0LXByb21wdC91cy1jZW50cmFsMS9yZWFjdGl2YXRlU3Vic2NyaXB0aW9uL3VxeGZwYkJJUF9n","metadata":{"@type":"type.googleapis.com/google.cloud.functions.v1.OperationMetadataV1","target":"projects/rocket-prompt/locations/us-central1/functions/reactivateSubscription","type":"UPDATE_FUNCTION","request":{"@type":"type.googleapis.com/google.cloud.functions.v1.CloudFunction","name":"projects/rocket-prompt/locations/us-central1/functions/reactivateSubscription","httpsTrigger":{"url":"https://us-central1-rocket-prompt.cloudfunctions.net/reactivateSubscription","securityLevel":"SECURE_ALWAYS"},"status":"ACTIVE","entryPoint":"reactivateSubscription","updateTime":"2026-02-12T16:30:55.269Z","versionId":"37","labels":{"deployment-tool":"cli-firebase","deployment-callable":"true","firebase-functions-hash":"2b734fd2536973b9b7ef964d880b2d948f20adbd"},"sourceUploadUrl":"https://storage.googleapis.com/uploads-17286520875.us-central1.cloudfunctions.appspot.com/e6460765-ab51-4992-8a95-38410992706c.zip?GoogleAccessId=service-169050684401@gcf-admin-robot.iam.gserviceaccount.com&Expires=1771205456&Signature=bumF7EQ7rFtyeJ3xEAzgNFGiEFpLle9UqsdRYwFi0t5fl1Aa7zmD6aaG3vAC4diZrzMEy6bsk49SCZTyIbaZzoNttyeYaVldVMjZK%2FYu3xQHSADL%2B4iYcjrtzVrQfiTENDASn%2FNKAv8bMQGrxMtfZIQxtgUbcDDR8DXjZQlttdK9yX0lcTjVLUwgoOkbaLr1QPw%2BXo%2BoxpRZt2w3VSpq3qTJTyFV2PEojeOXsGWeWMlYkX5JYUcBhoU98%2FzdqgOT%2BKj0JZoQ8SzAI6ehg6jdlSjMDTuJwhiWDSoGIobrb5vYlLD9oQrX6ma6tQICF54ZUs%2Fg81VtemQply1bYpkJAg%3D%3D","environmentVariables":{"GA_PROPERTY_ID":"G-6HCB340LRG","FIREBASE_CONFIG":"{\"projectId\":\"rocket-prompt\",\"storageBucket\":\"rocket-prompt.firebasestorage.app\"}","GCLOUD_PROJECT":"rocket-prompt","EVENTARC_CLOUD_EVENT_SOURCE":"projects/rocket-prompt/locations/us-central1/functions/reactivateSubscription"},"runtime":"nodejs22","buildId":"db98ec2a-9c20-4155-bb86-0dcb1f2da107","buildEnvironmentVariables":{"GOOGLE_NODE_RUN_SCRIPTS":""},"secretEnvironmentVariables":[{"key":"STRIPE_SECRET_KEY","projectId":"rocket-prompt","secret":"STRIPE_SECRET_KEY","version":"2"}],"buildName":"projects/169050684401/locations/us-central1/builds/db98ec2a-9c20-4155-bb86-0dcb1f2da107","dockerRegistry":"ARTIFACT_REGISTRY","automaticUpdatePolicy":{},"buildServiceAccount":"projects/rocket-prompt/serviceAccounts/169050684401-compute@developer.gserviceaccount.com"},"versionId":"38","updateTime":"2026-02-16T01:55:27Z"},"done":true,"error":{"code":3,"message":"Failed to verify the provided Cloud Storage Signed URL"}}
[debug] [2026-02-16T01:55:28.189Z] Got source token undefined for region us-central1
[error] Failed to verify the provided Cloud Storage Signed URL
[debug] [2026-02-16T01:55:28.197Z] <<< [apiv2][status] GET https://cloudfunctions.googleapis.com/v1/operations/cm9ja2V0LXByb21wdC91cy1jZW50cmFsMS9zZW5kVGVzdEVtYWlsL0VHWDNkSFhnUmdF 200
[debug] [2026-02-16T01:55:28.197Z] <<< [apiv2][body] GET https://cloudfunctions.googleapis.com/v1/operations/cm9ja2V0LXByb21wdC91cy1jZW50cmFsMS9zZW5kVGVzdEVtYWlsL0VHWDNkSFhnUmdF {"name":"operations/cm9ja2V0LXByb21wdC91cy1jZW50cmFsMS9zZW5kVGVzdEVtYWlsL0VHWDNkSFhnUmdF","metadata":{"@type":"type.googleapis.com/google.cloud.functions.v1.OperationMetadataV1","target":"projects/rocket-prompt/locations/us-central1/functions/sendTestEmail","type":"UPDATE_FUNCTION","request":{"@type":"type.googleapis.com/google.cloud.functions.v1.CloudFunction","name":"projects/rocket-prompt/locations/us-central1/functions/sendTestEmail","httpsTrigger":{"url":"https://us-central1-rocket-prompt.cloudfunctions.net/sendTestEmail","securityLevel":"SECURE_ALWAYS"},"status":"ACTIVE","entryPoint":"sendTestEmail","updateTime":"2026-02-12T16:31:05.937Z","versionId":"71","labels":{"deployment-tool":"cli-firebase","deployment-callable":"true","firebase-functions-hash":"618a15276845177c7983eb5c1f991571ba8e7902"},"sourceUploadUrl":"https://storage.googleapis.com/uploads-17286520875.us-central1.cloudfunctions.appspot.com/e6460765-ab51-4992-8a95-38410992706c.zip?GoogleAccessId=service-169050684401@gcf-admin-robot.iam.gserviceaccount.com&Expires=1771205456&Signature=bumF7EQ7rFtyeJ3xEAzgNFGiEFpLle9UqsdRYwFi0t5fl1Aa7zmD6aaG3vAC4diZrzMEy6bsk49SCZTyIbaZzoNttyeYaVldVMjZK%2FYu3xQHSADL%2B4iYcjrtzVrQfiTENDASn%2FNKAv8bMQGrxMtfZIQxtgUbcDDR8DXjZQlttdK9yX0lcTjVLUwgoOkbaLr1QPw%2BXo%2BoxpRZt2w3VSpq3qTJTyFV2PEojeOXsGWeWMlYkX5JYUcBhoU98%2FzdqgOT%2BKj0JZoQ8SzAI6ehg6jdlSjMDTuJwhiWDSoGIobrb5vYlLD9oQrX6ma6tQICF54ZUs%2Fg81VtemQply1bYpkJAg%3D%3D","environmentVariables":{"GA_PROPERTY_ID":"G-6HCB340LRG","FIREBASE_CONFIG":"{\"projectId\":\"rocket-prompt\",\"storageBucket\":\"rocket-prompt.firebasestorage.app\"}","GCLOUD_PROJECT":"rocket-prompt","EVENTARC_CLOUD_EVENT_SOURCE":"projects/rocket-prompt/locations/us-central1/functions/sendTestEmail"},"runtime":"nodejs22","buildId":"db98ec2a-9c20-4155-bb86-0dcb1f2da107","buildEnvironmentVariables":{"GOOGLE_NODE_RUN_SCRIPTS":""},"secretEnvironmentVariables":[{"key":"SENDGRID_API_KEY","projectId":"rocket-prompt","secret":"SENDGRID_API_KEY","version":"3"}],"buildName":"projects/169050684401/locations/us-central1/builds/db98ec2a-9c20-4155-bb86-0dcb1f2da107","dockerRegistry":"ARTIFACT_REGISTRY","automaticUpdatePolicy":{},"buildServiceAccount":"projects/rocket-prompt/serviceAccounts/169050684401-compute@developer.gserviceaccount.com"},"versionId":"72","updateTime":"2026-02-16T01:55:27Z"}}
[debug] [2026-02-16T01:55:28.197Z] <<< [apiv2][status] GET https://cloudfunctions.googleapis.com/v1/operations/cm9ja2V0LXByb21wdC91cy1jZW50cmFsMS9zY2hlZHVsZURlbW9FbWFpbC9oSFFkNWlmTDBoYw 200
[debug] [2026-02-16T01:55:28.197Z] <<< [apiv2][body] GET https://cloudfunctions.googleapis.com/v1/operations/cm9ja2V0LXByb21wdC91cy1jZW50cmFsMS9zY2hlZHVsZURlbW9FbWFpbC9oSFFkNWlmTDBoYw {"name":"operations/cm9ja2V0LXByb21wdC91cy1jZW50cmFsMS9zY2hlZHVsZURlbW9FbWFpbC9oSFFkNWlmTDBoYw","metadata":{"@type":"type.googleapis.com/google.cloud.functions.v1.OperationMetadataV1","target":"projects/rocket-prompt/locations/us-central1/functions/scheduleDemoEmail","type":"UPDATE_FUNCTION","request":{"@type":"type.googleapis.com/google.cloud.functions.v1.CloudFunction","name":"projects/rocket-prompt/locations/us-central1/functions/scheduleDemoEmail","httpsTrigger":{"url":"https://us-central1-rocket-prompt.cloudfunctions.net/scheduleDemoEmail","securityLevel":"SECURE_ALWAYS"},"status":"ACTIVE","entryPoint":"scheduleDemoEmail","updateTime":"2026-02-12T16:31:05.637Z","versionId":"29","labels":{"deployment-tool":"cli-firebase","deployment-callable":"true","firebase-functions-hash":"618a15276845177c7983eb5c1f991571ba8e7902"},"sourceUploadUrl":"https://storage.googleapis.com/uploads-17286520875.us-central1.cloudfunctions.appspot.com/e6460765-ab51-4992-8a95-38410992706c.zip?GoogleAccessId=service-169050684401@gcf-admin-robot.iam.gserviceaccount.com&Expires=1771205456&Signature=bumF7EQ7rFtyeJ3xEAzgNFGiEFpLle9UqsdRYwFi0t5fl1Aa7zmD6aaG3vAC4diZrzMEy6bsk49SCZTyIbaZzoNttyeYaVldVMjZK%2FYu3xQHSADL%2B4iYcjrtzVrQfiTENDASn%2FNKAv8bMQGrxMtfZIQxtgUbcDDR8DXjZQlttdK9yX0lcTjVLUwgoOkbaLr1QPw%2BXo%2BoxpRZt2w3VSpq3qTJTyFV2PEojeOXsGWeWMlYkX5JYUcBhoU98%2FzdqgOT%2BKj0JZoQ8SzAI6ehg6jdlSjMDTuJwhiWDSoGIobrb5vYlLD9oQrX6ma6tQICF54ZUs%2Fg81VtemQply1bYpkJAg%3D%3D","environmentVariables":{"GA_PROPERTY_ID":"G-6HCB340LRG","FIREBASE_CONFIG":"{\"projectId\":\"rocket-prompt\",\"storageBucket\":\"rocket-prompt.firebasestorage.app\"}","GCLOUD_PROJECT":"rocket-prompt","EVENTARC_CLOUD_EVENT_SOURCE":"projects/rocket-prompt/locations/us-central1/functions/scheduleDemoEmail"},"runtime":"nodejs22","buildId":"db98ec2a-9c20-4155-bb86-0dcb1f2da107","buildEnvironmentVariables":{"GOOGLE_NODE_RUN_SCRIPTS":""},"secretEnvironmentVariables":[{"key":"SENDGRID_API_KEY","projectId":"rocket-prompt","secret":"SENDGRID_API_KEY","version":"3"}],"buildName":"projects/169050684401/locations/us-central1/builds/db98ec2a-9c20-4155-bb86-0dcb1f2da107","dockerRegistry":"ARTIFACT_REGISTRY","automaticUpdatePolicy":{},"buildServiceAccount":"projects/rocket-prompt/serviceAccounts/169050684401-compute@developer.gserviceaccount.com"},"versionId":"30","updateTime":"2026-02-16T01:55:27Z"}}
[debug] [2026-02-16T01:55:28.200Z] <<< [apiv2][status] GET https://cloudfunctions.googleapis.com/v1/operations/cm9ja2V0LXByb21wdC91cy1jZW50cmFsMS9wcm9jZXNzV2Vla2x5UmVzZXRzL2Y1eEZXMUhGbC1z 200
[debug] [2026-02-16T01:55:28.200Z] <<< [apiv2][body] GET https://cloudfunctions.googleapis.com/v1/operations/cm9ja2V0LXByb21wdC91cy1jZW50cmFsMS9wcm9jZXNzV2Vla2x5UmVzZXRzL2Y1eEZXMUhGbC1z {"name":"operations/cm9ja2V0LXByb21wdC91cy1jZW50cmFsMS9wcm9jZXNzV2Vla2x5UmVzZXRzL2Y1eEZXMUhGbC1z","metadata":{"@type":"type.googleapis.com/google.cloud.functions.v1.OperationMetadataV1","target":"projects/rocket-prompt/locations/us-central1/functions/processWeeklyResets","type":"UPDATE_FUNCTION","request":{"@type":"type.googleapis.com/google.cloud.functions.v1.CloudFunction","name":"projects/rocket-prompt/locations/us-central1/functions/processWeeklyResets","eventTrigger":{"eventType":"google.pubsub.topic.publish","resource":"projects/rocket-prompt/topics/firebase-schedule-processWeeklyResets-us-central1","service":"pubsub.googleapis.com","failurePolicy":{}},"status":"ACTIVE","entryPoint":"processWeeklyResets","timeout":"540s","availableMemoryMb":512,"updateTime":"2026-02-12T16:31:20.023Z","versionId":"15","labels":{"deployment-tool":"cli-firebase","deployment-scheduled":"true","firebase-functions-hash":"618a15276845177c7983eb5c1f991571ba8e7902"},"sourceUploadUrl":"https://storage.googleapis.com/uploads-17286520875.us-central1.cloudfunctions.appspot.com/e6460765-ab51-4992-8a95-38410992706c.zip?GoogleAccessId=service-169050684401@gcf-admin-robot.iam.gserviceaccount.com&Expires=1771205456&Signature=bumF7EQ7rFtyeJ3xEAzgNFGiEFpLle9UqsdRYwFi0t5fl1Aa7zmD6aaG3vAC4diZrzMEy6bsk49SCZTyIbaZzoNttyeYaVldVMjZK%2FYu3xQHSADL%2B4iYcjrtzVrQfiTENDASn%2FNKAv8bMQGrxMtfZIQxtgUbcDDR8DXjZQlttdK9yX0lcTjVLUwgoOkbaLr1QPw%2BXo%2BoxpRZt2w3VSpq3qTJTyFV2PEojeOXsGWeWMlYkX5JYUcBhoU98%2FzdqgOT%2BKj0JZoQ8SzAI6ehg6jdlSjMDTuJwhiWDSoGIobrb5vYlLD9oQrX6ma6tQICF54ZUs%2Fg81VtemQply1bYpkJAg%3D%3D","environmentVariables":{"GA_PROPERTY_ID":"G-6HCB340LRG","FIREBASE_CONFIG":"{\"projectId\":\"rocket-prompt\",\"storageBucket\":\"rocket-prompt.firebasestorage.app\"}","GCLOUD_PROJECT":"rocket-prompt","EVENTARC_CLOUD_EVENT_SOURCE":"projects/rocket-prompt/locations/us-central1/functions/processWeeklyResets"},"runtime":"nodejs22","buildId":"143cbe67-682a-4ca1-85c0-3897bd88aa23","buildEnvironmentVariables":{"GOOGLE_NODE_RUN_SCRIPTS":""},"secretEnvironmentVariables":[{"key":"SENDGRID_API_KEY","projectId":"rocket-prompt","secret":"SENDGRID_API_KEY","version":"3"}],"buildName":"projects/169050684401/locations/us-central1/builds/143cbe67-682a-4ca1-85c0-3897bd88aa23","dockerRegistry":"ARTIFACT_REGISTRY","automaticUpdatePolicy":{},"buildServiceAccount":"projects/rocket-prompt/serviceAccounts/169050684401-compute@developer.gserviceaccount.com"},"versionId":"16","updateTime":"2026-02-16T01:55:27Z"}}
[debug] [2026-02-16T01:55:28.203Z] <<< [apiv2][status] GET https://cloudfunctions.googleapis.com/v1/operations/cm9ja2V0LXByb21wdC91cy1jZW50cmFsMS9zZW5kVmVyaWZpY2F0aW9uRW1haWwvdUd3Z2xtVHBKU0U 200
[debug] [2026-02-16T01:55:28.203Z] <<< [apiv2][body] GET https://cloudfunctions.googleapis.com/v1/operations/cm9ja2V0LXByb21wdC91cy1jZW50cmFsMS9zZW5kVmVyaWZpY2F0aW9uRW1haWwvdUd3Z2xtVHBKU0U {"name":"operations/cm9ja2V0LXByb21wdC91cy1jZW50cmFsMS9zZW5kVmVyaWZpY2F0aW9uRW1haWwvdUd3Z2xtVHBKU0U","metadata":{"@type":"type.googleapis.com/google.cloud.functions.v1.OperationMetadataV1","target":"projects/rocket-prompt/locations/us-central1/functions/sendVerificationEmail","type":"UPDATE_FUNCTION","request":{"@type":"type.googleapis.com/google.cloud.functions.v1.CloudFunction","name":"projects/rocket-prompt/locations/us-central1/functions/sendVerificationEmail","httpsTrigger":{"url":"https://us-central1-rocket-prompt.cloudfunctions.net/sendVerificationEmail","securityLevel":"SECURE_ALWAYS"},"status":"ACTIVE","entryPoint":"sendVerificationEmail","updateTime":"2026-02-12T16:30:57.969Z","versionId":"54","labels":{"deployment-tool":"cli-firebase","deployment-callable":"true","firebase-functions-hash":"618a15276845177c7983eb5c1f991571ba8e7902"},"sourceUploadUrl":"https://storage.googleapis.com/uploads-17286520875.us-central1.cloudfunctions.appspot.com/e6460765-ab51-4992-8a95-38410992706c.zip?GoogleAccessId=service-169050684401@gcf-admin-robot.iam.gserviceaccount.com&Expires=1771205456&Signature=bumF7EQ7rFtyeJ3xEAzgNFGiEFpLle9UqsdRYwFi0t5fl1Aa7zmD6aaG3vAC4diZrzMEy6bsk49SCZTyIbaZzoNttyeYaVldVMjZK%2FYu3xQHSADL%2B4iYcjrtzVrQfiTENDASn%2FNKAv8bMQGrxMtfZIQxtgUbcDDR8DXjZQlttdK9yX0lcTjVLUwgoOkbaLr1QPw%2BXo%2BoxpRZt2w3VSpq3qTJTyFV2PEojeOXsGWeWMlYkX5JYUcBhoU98%2FzdqgOT%2BKj0JZoQ8SzAI6ehg6jdlSjMDTuJwhiWDSoGIobrb5vYlLD9oQrX6ma6tQICF54ZUs%2Fg81VtemQply1bYpkJAg%3D%3D","environmentVariables":{"GA_PROPERTY_ID":"G-6HCB340LRG","FIREBASE_CONFIG":"{\"projectId\":\"rocket-prompt\",\"storageBucket\":\"rocket-prompt.firebasestorage.app\"}","GCLOUD_PROJECT":"rocket-prompt","EVENTARC_CLOUD_EVENT_SOURCE":"projects/rocket-prompt/locations/us-central1/functions/sendVerificationEmail"},"runtime":"nodejs22","buildId":"db98ec2a-9c20-4155-bb86-0dcb1f2da107","buildEnvironmentVariables":{"GOOGLE_NODE_RUN_SCRIPTS":""},"secretEnvironmentVariables":[{"key":"SENDGRID_API_KEY","projectId":"rocket-prompt","secret":"SENDGRID_API_KEY","version":"3"}],"buildName":"projects/169050684401/locations/us-central1/builds/db98ec2a-9c20-4155-bb86-0dcb1f2da107","dockerRegistry":"ARTIFACT_REGISTRY","automaticUpdatePolicy":{},"buildServiceAccount":"projects/rocket-prompt/serviceAccounts/169050684401-compute@developer.gserviceaccount.com"},"versionId":"55","updateTime":"2026-02-16T01:55:28Z"},"done":true,"error":{"code":3,"message":"Failed to verify the provided Cloud Storage Signed URL"}}
[debug] [2026-02-16T01:55:28.203Z] Got source token undefined for region us-central1
[error] Failed to verify the provided Cloud Storage Signed URL
[debug] [2026-02-16T01:55:28.204Z] <<< [apiv2][status] GET https://cloudfunctions.googleapis.com/v1/operations/cm9ja2V0LXByb21wdC91cy1jZW50cmFsMS91cGRhdGVTY2hlZHVsZWRSZW1pbmRlci9UeGlDZWtGVm5Waw 200
[debug] [2026-02-16T01:55:28.204Z] <<< [apiv2][body] GET https://cloudfunctions.googleapis.com/v1/operations/cm9ja2V0LXByb21wdC91cy1jZW50cmFsMS91cGRhdGVTY2hlZHVsZWRSZW1pbmRlci9UeGlDZWtGVm5Waw {"name":"operations/cm9ja2V0LXByb21wdC91cy1jZW50cmFsMS91cGRhdGVTY2hlZHVsZWRSZW1pbmRlci9UeGlDZWtGVm5Waw","metadata":{"@type":"type.googleapis.com/google.cloud.functions.v1.OperationMetadataV1","target":"projects/rocket-prompt/locations/us-central1/functions/updateScheduledReminder","type":"UPDATE_FUNCTION","request":{"@type":"type.googleapis.com/google.cloud.functions.v1.CloudFunction","name":"projects/rocket-prompt/locations/us-central1/functions/updateScheduledReminder","httpsTrigger":{"url":"https://us-central1-rocket-prompt.cloudfunctions.net/updateScheduledReminder","securityLevel":"SECURE_ALWAYS"},"status":"ACTIVE","entryPoint":"updateScheduledReminder","updateTime":"2026-02-12T16:31:01.698Z","versionId":"28","labels":{"deployment-tool":"cli-firebase","deployment-callable":"true","firebase-functions-hash":"41bc74008db6748b3d763b884d070ba33406658c"},"sourceUploadUrl":"https://storage.googleapis.com/uploads-17286520875.us-central1.cloudfunctions.appspot.com/e6460765-ab51-4992-8a95-38410992706c.zip?GoogleAccessId=service-169050684401@gcf-admin-robot.iam.gserviceaccount.com&Expires=1771205456&Signature=bumF7EQ7rFtyeJ3xEAzgNFGiEFpLle9UqsdRYwFi0t5fl1Aa7zmD6aaG3vAC4diZrzMEy6bsk49SCZTyIbaZzoNttyeYaVldVMjZK%2FYu3xQHSADL%2B4iYcjrtzVrQfiTENDASn%2FNKAv8bMQGrxMtfZIQxtgUbcDDR8DXjZQlttdK9yX0lcTjVLUwgoOkbaLr1QPw%2BXo%2BoxpRZt2w3VSpq3qTJTyFV2PEojeOXsGWeWMlYkX5JYUcBhoU98%2FzdqgOT%2BKj0JZoQ8SzAI6ehg6jdlSjMDTuJwhiWDSoGIobrb5vYlLD9oQrX6ma6tQICF54ZUs%2Fg81VtemQply1bYpkJAg%3D%3D","environmentVariables":{"GA_PROPERTY_ID":"G-6HCB340LRG","FIREBASE_CONFIG":"{\"projectId\":\"rocket-prompt\",\"storageBucket\":\"rocket-prompt.firebasestorage.app\"}","GCLOUD_PROJECT":"rocket-prompt","EVENTARC_CLOUD_EVENT_SOURCE":"projects/rocket-prompt/locations/us-central1/functions/updateScheduledReminder"},"runtime":"nodejs22","buildId":"db98ec2a-9c20-4155-bb86-0dcb1f2da107","buildEnvironmentVariables":{"GOOGLE_NODE_RUN_SCRIPTS":""},"buildName":"projects/169050684401/locations/us-central1/builds/db98ec2a-9c20-4155-bb86-0dcb1f2da107","dockerRegistry":"ARTIFACT_REGISTRY","automaticUpdatePolicy":{},"buildServiceAccount":"projects/rocket-prompt/serviceAccounts/169050684401-compute@developer.gserviceaccount.com"},"versionId":"29","updateTime":"2026-02-16T01:55:27Z"},"done":true,"error":{"code":3,"message":"Failed to verify the provided Cloud Storage Signed URL"}}
[debug] [2026-02-16T01:55:28.204Z] Got source token undefined for region us-central1
[error] Failed to verify the provided Cloud Storage Signed URL
[debug] [2026-02-16T01:55:28.205Z] <<< [apiv2][status] GET https://cloudfunctions.googleapis.com/v1/operations/cm9ja2V0LXByb21wdC91cy1jZW50cmFsMS9wcm9jZXNzU2NoZWR1bGVkUmVtaW5kZXJzL3pRT1hQUVJhRkY0 200
[debug] [2026-02-16T01:55:28.205Z] <<< [apiv2][body] GET https://cloudfunctions.googleapis.com/v1/operations/cm9ja2V0LXByb21wdC91cy1jZW50cmFsMS9wcm9jZXNzU2NoZWR1bGVkUmVtaW5kZXJzL3pRT1hQUVJhRkY0 {"name":"operations/cm9ja2V0LXByb21wdC91cy1jZW50cmFsMS9wcm9jZXNzU2NoZWR1bGVkUmVtaW5kZXJzL3pRT1hQUVJhRkY0","metadata":{"@type":"type.googleapis.com/google.cloud.functions.v1.OperationMetadataV1","target":"projects/rocket-prompt/locations/us-central1/functions/processScheduledReminders","type":"UPDATE_FUNCTION","request":{"@type":"type.googleapis.com/google.cloud.functions.v1.CloudFunction","name":"projects/rocket-prompt/locations/us-central1/functions/processScheduledReminders","eventTrigger":{"eventType":"google.pubsub.topic.publish","resource":"projects/rocket-prompt/topics/firebase-schedule-processScheduledReminders-us-central1","service":"pubsub.googleapis.com","failurePolicy":{}},"status":"ACTIVE","entryPoint":"processScheduledReminders","timeout":"540s","availableMemoryMb":512,"updateTime":"2026-02-12T16:31:12.513Z","versionId":"29","labels":{"deployment-tool":"cli-firebase","deployment-scheduled":"true","firebase-functions-hash":"618a15276845177c7983eb5c1f991571ba8e7902"},"sourceUploadUrl":"https://storage.googleapis.com/uploads-17286520875.us-central1.cloudfunctions.appspot.com/e6460765-ab51-4992-8a95-38410992706c.zip?GoogleAccessId=service-169050684401@gcf-admin-robot.iam.gserviceaccount.com&Expires=1771205456&Signature=bumF7EQ7rFtyeJ3xEAzgNFGiEFpLle9UqsdRYwFi0t5fl1Aa7zmD6aaG3vAC4diZrzMEy6bsk49SCZTyIbaZzoNttyeYaVldVMjZK%2FYu3xQHSADL%2B4iYcjrtzVrQfiTENDASn%2FNKAv8bMQGrxMtfZIQxtgUbcDDR8DXjZQlttdK9yX0lcTjVLUwgoOkbaLr1QPw%2BXo%2BoxpRZt2w3VSpq3qTJTyFV2PEojeOXsGWeWMlYkX5JYUcBhoU98%2FzdqgOT%2BKj0JZoQ8SzAI6ehg6jdlSjMDTuJwhiWDSoGIobrb5vYlLD9oQrX6ma6tQICF54ZUs%2Fg81VtemQply1bYpkJAg%3D%3D","environmentVariables":{"GA_PROPERTY_ID":"G-6HCB340LRG","FIREBASE_CONFIG":"{\"projectId\":\"rocket-prompt\",\"storageBucket\":\"rocket-prompt.firebasestorage.app\"}","GCLOUD_PROJECT":"rocket-prompt","EVENTARC_CLOUD_EVENT_SOURCE":"projects/rocket-prompt/locations/us-central1/functions/processScheduledReminders"},"runtime":"nodejs22","buildId":"143cbe67-682a-4ca1-85c0-3897bd88aa23","buildEnvironmentVariables":{"GOOGLE_NODE_RUN_SCRIPTS":""},"secretEnvironmentVariables":[{"key":"SENDGRID_API_KEY","projectId":"rocket-prompt","secret":"SENDGRID_API_KEY","version":"3"}],"buildName":"projects/169050684401/locations/us-central1/builds/143cbe67-682a-4ca1-85c0-3897bd88aa23","dockerRegistry":"ARTIFACT_REGISTRY","automaticUpdatePolicy":{},"buildServiceAccount":"projects/rocket-prompt/serviceAccounts/169050684401-compute@developer.gserviceaccount.com"},"versionId":"30","updateTime":"2026-02-16T01:55:27Z"},"done":true,"error":{"code":3,"message":"Failed to verify the provided Cloud Storage Signed URL"}}
[debug] [2026-02-16T01:55:28.205Z] Got source token undefined for region us-central1
[error] Failed to verify the provided Cloud Storage Signed URL
[debug] [2026-02-16T01:55:28.207Z] <<< [apiv2][status] GET https://cloudfunctions.googleapis.com/v1/operations/cm9ja2V0LXByb21wdC91cy1jZW50cmFsMS9kZWxldGVTY2hlZHVsZWRSZW1pbmRlci9PZWEzMDU1WmdtUQ 200
[debug] [2026-02-16T01:55:28.207Z] <<< [apiv2][body] GET https://cloudfunctions.googleapis.com/v1/operations/cm9ja2V0LXByb21wdC91cy1jZW50cmFsMS9kZWxldGVTY2hlZHVsZWRSZW1pbmRlci9PZWEzMDU1WmdtUQ {"name":"operations/cm9ja2V0LXByb21wdC91cy1jZW50cmFsMS9kZWxldGVTY2hlZHVsZWRSZW1pbmRlci9PZWEzMDU1WmdtUQ","metadata":{"@type":"type.googleapis.com/google.cloud.functions.v1.OperationMetadataV1","target":"projects/rocket-prompt/locations/us-central1/functions/deleteScheduledReminder","type":"UPDATE_FUNCTION","request":{"@type":"type.googleapis.com/google.cloud.functions.v1.CloudFunction","name":"projects/rocket-prompt/locations/us-central1/functions/deleteScheduledReminder","httpsTrigger":{"url":"https://us-central1-rocket-prompt.cloudfunctions.net/deleteScheduledReminder","securityLevel":"SECURE_ALWAYS"},"status":"ACTIVE","entryPoint":"deleteScheduledReminder","updateTime":"2026-02-12T16:31:00.941Z","versionId":"28","labels":{"deployment-tool":"cli-firebase","deployment-callable":"true","firebase-functions-hash":"41bc74008db6748b3d763b884d070ba33406658c"},"sourceUploadUrl":"https://storage.googleapis.com/uploads-17286520875.us-central1.cloudfunctions.appspot.com/e6460765-ab51-4992-8a95-38410992706c.zip?GoogleAccessId=service-169050684401@gcf-admin-robot.iam.gserviceaccount.com&Expires=1771205456&Signature=bumF7EQ7rFtyeJ3xEAzgNFGiEFpLle9UqsdRYwFi0t5fl1Aa7zmD6aaG3vAC4diZrzMEy6bsk49SCZTyIbaZzoNttyeYaVldVMjZK%2FYu3xQHSADL%2B4iYcjrtzVrQfiTENDASn%2FNKAv8bMQGrxMtfZIQxtgUbcDDR8DXjZQlttdK9yX0lcTjVLUwgoOkbaLr1QPw%2BXo%2BoxpRZt2w3VSpq3qTJTyFV2PEojeOXsGWeWMlYkX5JYUcBhoU98%2FzdqgOT%2BKj0JZoQ8SzAI6ehg6jdlSjMDTuJwhiWDSoGIobrb5vYlLD9oQrX6ma6tQICF54ZUs%2Fg81VtemQply1bYpkJAg%3D%3D","environmentVariables":{"GA_PROPERTY_ID":"G-6HCB340LRG","FIREBASE_CONFIG":"{\"projectId\":\"rocket-prompt\",\"storageBucket\":\"rocket-prompt.firebasestorage.app\"}","GCLOUD_PROJECT":"rocket-prompt","EVENTARC_CLOUD_EVENT_SOURCE":"projects/rocket-prompt/locations/us-central1/functions/deleteScheduledReminder"},"runtime":"nodejs22","buildId":"db98ec2a-9c20-4155-bb86-0dcb1f2da107","buildEnvironmentVariables":{"GOOGLE_NODE_RUN_SCRIPTS":""},"buildName":"projects/169050684401/locations/us-central1/builds/db98ec2a-9c20-4155-bb86-0dcb1f2da107","dockerRegistry":"ARTIFACT_REGISTRY","automaticUpdatePolicy":{},"buildServiceAccount":"projects/rocket-prompt/serviceAccounts/169050684401-compute@developer.gserviceaccount.com"},"versionId":"29","updateTime":"2026-02-16T01:55:27Z"}}
[debug] [2026-02-16T01:55:28.207Z] <<< [apiv2][status] GET https://cloudfunctions.googleapis.com/v1/operations/cm9ja2V0LXByb21wdC91cy1jZW50cmFsMS9zZW5kRmFuSW52aXRlRW1haWwvX3MtMzdKNUwzcUk 200
[debug] [2026-02-16T01:55:28.207Z] <<< [apiv2][body] GET https://cloudfunctions.googleapis.com/v1/operations/cm9ja2V0LXByb21wdC91cy1jZW50cmFsMS9zZW5kRmFuSW52aXRlRW1haWwvX3MtMzdKNUwzcUk {"name":"operations/cm9ja2V0LXByb21wdC91cy1jZW50cmFsMS9zZW5kRmFuSW52aXRlRW1haWwvX3MtMzdKNUwzcUk","metadata":{"@type":"type.googleapis.com/google.cloud.functions.v1.OperationMetadataV1","target":"projects/rocket-prompt/locations/us-central1/functions/sendFanInviteEmail","type":"UPDATE_FUNCTION","request":{"@type":"type.googleapis.com/google.cloud.functions.v1.CloudFunction","name":"projects/rocket-prompt/locations/us-central1/functions/sendFanInviteEmail","httpsTrigger":{"url":"https://us-central1-rocket-prompt.cloudfunctions.net/sendFanInviteEmail","securityLevel":"SECURE_ALWAYS"},"status":"ACTIVE","entryPoint":"sendFanInviteEmail","updateTime":"2026-02-12T16:30:53.303Z","versionId":"29","labels":{"deployment-tool":"cli-firebase","deployment-callable":"true","firebase-functions-hash":"618a15276845177c7983eb5c1f991571ba8e7902"},"sourceUploadUrl":"https://storage.googleapis.com/uploads-17286520875.us-central1.cloudfunctions.appspot.com/e6460765-ab51-4992-8a95-38410992706c.zip?GoogleAccessId=service-169050684401@gcf-admin-robot.iam.gserviceaccount.com&Expires=1771205456&Signature=bumF7EQ7rFtyeJ3xEAzgNFGiEFpLle9UqsdRYwFi0t5fl1Aa7zmD6aaG3vAC4diZrzMEy6bsk49SCZTyIbaZzoNttyeYaVldVMjZK%2FYu3xQHSADL%2B4iYcjrtzVrQfiTENDASn%2FNKAv8bMQGrxMtfZIQxtgUbcDDR8DXjZQlttdK9yX0lcTjVLUwgoOkbaLr1QPw%2BXo%2BoxpRZt2w3VSpq3qTJTyFV2PEojeOXsGWeWMlYkX5JYUcBhoU98%2FzdqgOT%2BKj0JZoQ8SzAI6ehg6jdlSjMDTuJwhiWDSoGIobrb5vYlLD9oQrX6ma6tQICF54ZUs%2Fg81VtemQply1bYpkJAg%3D%3D","environmentVariables":{"GA_PROPERTY_ID":"G-6HCB340LRG","FIREBASE_CONFIG":"{\"projectId\":\"rocket-prompt\",\"storageBucket\":\"rocket-prompt.firebasestorage.app\"}","GCLOUD_PROJECT":"rocket-prompt","EVENTARC_CLOUD_EVENT_SOURCE":"projects/rocket-prompt/locations/us-central1/functions/sendFanInviteEmail"},"runtime":"nodejs22","buildId":"db98ec2a-9c20-4155-bb86-0dcb1f2da107","buildEnvironmentVariables":{"GOOGLE_NODE_RUN_SCRIPTS":""},"secretEnvironmentVariables":[{"key":"SENDGRID_API_KEY","projectId":"rocket-prompt","secret":"SENDGRID_API_KEY","version":"3"}],"buildName":"projects/169050684401/locations/us-central1/builds/db98ec2a-9c20-4155-bb86-0dcb1f2da107","dockerRegistry":"ARTIFACT_REGISTRY","automaticUpdatePolicy":{},"buildServiceAccount":"projects/rocket-prompt/serviceAccounts/169050684401-compute@developer.gserviceaccount.com"},"versionId":"30","updateTime":"2026-02-16T01:55:27Z"}}
[debug] [2026-02-16T01:55:28.213Z] <<< [apiv2][status] GET https://cloudfunctions.googleapis.com/v1/operations/cm9ja2V0LXByb21wdC91cy1jZW50cmFsMS9jcmVhdGVDaGVja291dFNlc3Npb24vdzlLNFJhdVdEU2M 200
[debug] [2026-02-16T01:55:28.213Z] <<< [apiv2][body] GET https://cloudfunctions.googleapis.com/v1/operations/cm9ja2V0LXByb21wdC91cy1jZW50cmFsMS9jcmVhdGVDaGVja291dFNlc3Npb24vdzlLNFJhdVdEU2M {"name":"operations/cm9ja2V0LXByb21wdC91cy1jZW50cmFsMS9jcmVhdGVDaGVja291dFNlc3Npb24vdzlLNFJhdVdEU2M","metadata":{"@type":"type.googleapis.com/google.cloud.functions.v1.OperationMetadataV1","target":"projects/rocket-prompt/locations/us-central1/functions/createCheckoutSession","type":"UPDATE_FUNCTION","request":{"@type":"type.googleapis.com/google.cloud.functions.v1.CloudFunction","name":"projects/rocket-prompt/locations/us-central1/functions/createCheckoutSession","httpsTrigger":{"url":"https://us-central1-rocket-prompt.cloudfunctions.net/createCheckoutSession","securityLevel":"SECURE_ALWAYS"},"status":"ACTIVE","entryPoint":"createCheckoutSession","updateTime":"2026-02-12T16:31:01.071Z","versionId":"55","labels":{"deployment-tool":"cli-firebase","deployment-callable":"true","firebase-functions-hash":"2b734fd2536973b9b7ef964d880b2d948f20adbd"},"sourceUploadUrl":"https://storage.googleapis.com/uploads-17286520875.us-central1.cloudfunctions.appspot.com/e6460765-ab51-4992-8a95-38410992706c.zip?GoogleAccessId=service-169050684401@gcf-admin-robot.iam.gserviceaccount.com&Expires=1771205456&Signature=bumF7EQ7rFtyeJ3xEAzgNFGiEFpLle9UqsdRYwFi0t5fl1Aa7zmD6aaG3vAC4diZrzMEy6bsk49SCZTyIbaZzoNttyeYaVldVMjZK%2FYu3xQHSADL%2B4iYcjrtzVrQfiTENDASn%2FNKAv8bMQGrxMtfZIQxtgUbcDDR8DXjZQlttdK9yX0lcTjVLUwgoOkbaLr1QPw%2BXo%2BoxpRZt2w3VSpq3qTJTyFV2PEojeOXsGWeWMlYkX5JYUcBhoU98%2FzdqgOT%2BKj0JZoQ8SzAI6ehg6jdlSjMDTuJwhiWDSoGIobrb5vYlLD9oQrX6ma6tQICF54ZUs%2Fg81VtemQply1bYpkJAg%3D%3D","environmentVariables":{"GA_PROPERTY_ID":"G-6HCB340LRG","FIREBASE_CONFIG":"{\"projectId\":\"rocket-prompt\",\"storageBucket\":\"rocket-prompt.firebasestorage.app\"}","GCLOUD_PROJECT":"rocket-prompt","EVENTARC_CLOUD_EVENT_SOURCE":"projects/rocket-prompt/locations/us-central1/functions/createCheckoutSession"},"runtime":"nodejs22","buildId":"db98ec2a-9c20-4155-bb86-0dcb1f2da107","buildEnvironmentVariables":{"GOOGLE_NODE_RUN_SCRIPTS":""},"secretEnvironmentVariables":[{"key":"STRIPE_SECRET_KEY","projectId":"rocket-prompt","secret":"STRIPE_SECRET_KEY","version":"2"}],"buildName":"projects/169050684401/locations/us-central1/builds/db98ec2a-9c20-4155-bb86-0dcb1f2da107","dockerRegistry":"ARTIFACT_REGISTRY","automaticUpdatePolicy":{},"buildServiceAccount":"projects/rocket-prompt/serviceAccounts/169050684401-compute@developer.gserviceaccount.com"},"versionId":"56","updateTime":"2026-02-16T01:55:27Z"}}
[debug] [2026-02-16T01:55:28.214Z] <<< [apiv2][status] GET https://cloudfunctions.googleapis.com/v1/operations/cm9ja2V0LXByb21wdC91cy1jZW50cmFsMS9wcm9jZXNzQUlQcm9tcHQvT0V2MUVOYXpPOGc 200
[debug] [2026-02-16T01:55:28.214Z] <<< [apiv2][body] GET https://cloudfunctions.googleapis.com/v1/operations/cm9ja2V0LXByb21wdC91cy1jZW50cmFsMS9wcm9jZXNzQUlQcm9tcHQvT0V2MUVOYXpPOGc {"name":"operations/cm9ja2V0LXByb21wdC91cy1jZW50cmFsMS9wcm9jZXNzQUlQcm9tcHQvT0V2MUVOYXpPOGc","metadata":{"@type":"type.googleapis.com/google.cloud.functions.v1.OperationMetadataV1","target":"projects/rocket-prompt/locations/us-central1/functions/processAIPrompt","type":"UPDATE_FUNCTION","request":{"@type":"type.googleapis.com/google.cloud.functions.v1.CloudFunction","name":"projects/rocket-prompt/locations/us-central1/functions/processAIPrompt","eventTrigger":{"eventType":"providers/cloud.firestore/eventTypes/document.create","resource":"projects/rocket-prompt/databases/(default)/documents/public/{documentId}","service":"firestore.googleapis.com"},"status":"ACTIVE","entryPoint":"processAIPrompt","updateTime":"2026-02-12T16:31:01.309Z","versionId":"70","labels":{"deployment-tool":"cli-firebase","firebase-functions-hash":"8cccf774767a1e841527f76f60f6384852585d79"},"sourceUploadUrl":"https://storage.googleapis.com/uploads-17286520875.us-central1.cloudfunctions.appspot.com/e6460765-ab51-4992-8a95-38410992706c.zip?GoogleAccessId=service-169050684401@gcf-admin-robot.iam.gserviceaccount.com&Expires=1771205456&Signature=bumF7EQ7rFtyeJ3xEAzgNFGiEFpLle9UqsdRYwFi0t5fl1Aa7zmD6aaG3vAC4diZrzMEy6bsk49SCZTyIbaZzoNttyeYaVldVMjZK%2FYu3xQHSADL%2B4iYcjrtzVrQfiTENDASn%2FNKAv8bMQGrxMtfZIQxtgUbcDDR8DXjZQlttdK9yX0lcTjVLUwgoOkbaLr1QPw%2BXo%2BoxpRZt2w3VSpq3qTJTyFV2PEojeOXsGWeWMlYkX5JYUcBhoU98%2FzdqgOT%2BKj0JZoQ8SzAI6ehg6jdlSjMDTuJwhiWDSoGIobrb5vYlLD9oQrX6ma6tQICF54ZUs%2Fg81VtemQply1bYpkJAg%3D%3D","environmentVariables":{"GA_PROPERTY_ID":"G-6HCB340LRG","FIREBASE_CONFIG":"{\"projectId\":\"rocket-prompt\",\"storageBucket\":\"rocket-prompt.firebasestorage.app\"}","GCLOUD_PROJECT":"rocket-prompt","EVENTARC_CLOUD_EVENT_SOURCE":"projects/rocket-prompt/locations/us-central1/functions/processAIPrompt"},"runtime":"nodejs22","buildId":"db98ec2a-9c20-4155-bb86-0dcb1f2da107","buildEnvironmentVariables":{"GOOGLE_NODE_RUN_SCRIPTS":""},"secretEnvironmentVariables":[{"key":"GEMINI_API_KEY","projectId":"rocket-prompt","secret":"GEMINI_API_KEY","version":"3"}],"buildName":"projects/169050684401/locations/us-central1/builds/db98ec2a-9c20-4155-bb86-0dcb1f2da107","dockerRegistry":"ARTIFACT_REGISTRY","automaticUpdatePolicy":{},"buildServiceAccount":"projects/rocket-prompt/serviceAccounts/169050684401-compute@developer.gserviceaccount.com"},"versionId":"71","updateTime":"2026-02-16T01:55:27Z"}}
[debug] [2026-02-16T01:55:28.214Z] <<< [apiv2][status] GET https://cloudfunctions.googleapis.com/v1/operations/cm9ja2V0LXByb21wdC91cy1jZW50cmFsMS9yZWRlZW1Qcm9tb0NvZGUvZnM5T2F3b1NEUDA 200
[debug] [2026-02-16T01:55:28.214Z] <<< [apiv2][body] GET https://cloudfunctions.googleapis.com/v1/operations/cm9ja2V0LXByb21wdC91cy1jZW50cmFsMS9yZWRlZW1Qcm9tb0NvZGUvZnM5T2F3b1NEUDA {"name":"operations/cm9ja2V0LXByb21wdC91cy1jZW50cmFsMS9yZWRlZW1Qcm9tb0NvZGUvZnM5T2F3b1NEUDA","metadata":{"@type":"type.googleapis.com/google.cloud.functions.v1.OperationMetadataV1","target":"projects/rocket-prompt/locations/us-central1/functions/redeemPromoCode","type":"UPDATE_FUNCTION","request":{"@type":"type.googleapis.com/google.cloud.functions.v1.CloudFunction","name":"projects/rocket-prompt/locations/us-central1/functions/redeemPromoCode","httpsTrigger":{"url":"https://us-central1-rocket-prompt.cloudfunctions.net/redeemPromoCode","securityLevel":"SECURE_ALWAYS"},"status":"ACTIVE","entryPoint":"redeemPromoCode","updateTime":"2026-02-12T16:31:01.210Z","versionId":"35","labels":{"deployment-tool":"cli-firebase","deployment-callable":"true","firebase-functions-hash":"41bc74008db6748b3d763b884d070ba33406658c"},"sourceUploadUrl":"https://storage.googleapis.com/uploads-17286520875.us-central1.cloudfunctions.appspot.com/e6460765-ab51-4992-8a95-38410992706c.zip?GoogleAccessId=service-169050684401@gcf-admin-robot.iam.gserviceaccount.com&Expires=1771205456&Signature=bumF7EQ7rFtyeJ3xEAzgNFGiEFpLle9UqsdRYwFi0t5fl1Aa7zmD6aaG3vAC4diZrzMEy6bsk49SCZTyIbaZzoNttyeYaVldVMjZK%2FYu3xQHSADL%2B4iYcjrtzVrQfiTENDASn%2FNKAv8bMQGrxMtfZIQxtgUbcDDR8DXjZQlttdK9yX0lcTjVLUwgoOkbaLr1QPw%2BXo%2BoxpRZt2w3VSpq3qTJTyFV2PEojeOXsGWeWMlYkX5JYUcBhoU98%2FzdqgOT%2BKj0JZoQ8SzAI6ehg6jdlSjMDTuJwhiWDSoGIobrb5vYlLD9oQrX6ma6tQICF54ZUs%2Fg81VtemQply1bYpkJAg%3D%3D","environmentVariables":{"GA_PROPERTY_ID":"G-6HCB340LRG","FIREBASE_CONFIG":"{\"projectId\":\"rocket-prompt\",\"storageBucket\":\"rocket-prompt.firebasestorage.app\"}","GCLOUD_PROJECT":"rocket-prompt","EVENTARC_CLOUD_EVENT_SOURCE":"projects/rocket-prompt/locations/us-central1/functions/redeemPromoCode"},"runtime":"nodejs22","buildId":"db98ec2a-9c20-4155-bb86-0dcb1f2da107","buildEnvironmentVariables":{"GOOGLE_NODE_RUN_SCRIPTS":""},"buildName":"projects/169050684401/locations/us-central1/builds/db98ec2a-9c20-4155-bb86-0dcb1f2da107","dockerRegistry":"ARTIFACT_REGISTRY","automaticUpdatePolicy":{},"buildServiceAccount":"projects/rocket-prompt/serviceAccounts/169050684401-compute@developer.gserviceaccount.com"},"versionId":"36","updateTime":"2026-02-16T01:55:28Z"},"done":true,"error":{"code":3,"message":"Failed to verify the provided Cloud Storage Signed URL"}}
[debug] [2026-02-16T01:55:28.214Z] Got source token undefined for region us-central1
[error] Failed to verify the provided Cloud Storage Signed URL
[debug] [2026-02-16T01:55:28.217Z] <<< [apiv2][status] GET https://cloudfunctions.googleapis.com/v1/operations/cm9ja2V0LXByb21wdC91cy1jZW50cmFsMS9jYW5jZWxTdWJzY3JpcHRpb24vaXREdThuWkppUVE 200
[debug] [2026-02-16T01:55:28.217Z] <<< [apiv2][body] GET https://cloudfunctions.googleapis.com/v1/operations/cm9ja2V0LXByb21wdC91cy1jZW50cmFsMS9jYW5jZWxTdWJzY3JpcHRpb24vaXREdThuWkppUVE {"name":"operations/cm9ja2V0LXByb21wdC91cy1jZW50cmFsMS9jYW5jZWxTdWJzY3JpcHRpb24vaXREdThuWkppUVE","metadata":{"@type":"type.googleapis.com/google.cloud.functions.v1.OperationMetadataV1","target":"projects/rocket-prompt/locations/us-central1/functions/cancelSubscription","type":"UPDATE_FUNCTION","request":{"@type":"type.googleapis.com/google.cloud.functions.v1.CloudFunction","name":"projects/rocket-prompt/locations/us-central1/functions/cancelSubscription","httpsTrigger":{"url":"https://us-central1-rocket-prompt.cloudfunctions.net/cancelSubscription","securityLevel":"SECURE_ALWAYS"},"status":"ACTIVE","entryPoint":"cancelSubscription","updateTime":"2026-02-12T16:30:54.155Z","versionId":"37","labels":{"deployment-tool":"cli-firebase","deployment-callable":"true","firebase-functions-hash":"2b734fd2536973b9b7ef964d880b2d948f20adbd"},"sourceUploadUrl":"https://storage.googleapis.com/uploads-17286520875.us-central1.cloudfunctions.appspot.com/e6460765-ab51-4992-8a95-38410992706c.zip?GoogleAccessId=service-169050684401@gcf-admin-robot.iam.gserviceaccount.com&Expires=1771205456&Signature=bumF7EQ7rFtyeJ3xEAzgNFGiEFpLle9UqsdRYwFi0t5fl1Aa7zmD6aaG3vAC4diZrzMEy6bsk49SCZTyIbaZzoNttyeYaVldVMjZK%2FYu3xQHSADL%2B4iYcjrtzVrQfiTENDASn%2FNKAv8bMQGrxMtfZIQxtgUbcDDR8DXjZQlttdK9yX0lcTjVLUwgoOkbaLr1QPw%2BXo%2BoxpRZt2w3VSpq3qTJTyFV2PEojeOXsGWeWMlYkX5JYUcBhoU98%2FzdqgOT%2BKj0JZoQ8SzAI6ehg6jdlSjMDTuJwhiWDSoGIobrb5vYlLD9oQrX6ma6tQICF54ZUs%2Fg81VtemQply1bYpkJAg%3D%3D","environmentVariables":{"GA_PROPERTY_ID":"G-6HCB340LRG","FIREBASE_CONFIG":"{\"projectId\":\"rocket-prompt\",\"storageBucket\":\"rocket-prompt.firebasestorage.app\"}","GCLOUD_PROJECT":"rocket-prompt","EVENTARC_CLOUD_EVENT_SOURCE":"projects/rocket-prompt/locations/us-central1/functions/cancelSubscription"},"runtime":"nodejs22","buildId":"db98ec2a-9c20-4155-bb86-0dcb1f2da107","buildEnvironmentVariables":{"GOOGLE_NODE_RUN_SCRIPTS":""},"secretEnvironmentVariables":[{"key":"STRIPE_SECRET_KEY","projectId":"rocket-prompt","secret":"STRIPE_SECRET_KEY","version":"2"}],"buildName":"projects/169050684401/locations/us-central1/builds/db98ec2a-9c20-4155-bb86-0dcb1f2da107","dockerRegistry":"ARTIFACT_REGISTRY","automaticUpdatePolicy":{},"buildServiceAccount":"projects/rocket-prompt/serviceAccounts/169050684401-compute@developer.gserviceaccount.com"},"versionId":"38","updateTime":"2026-02-16T01:55:27Z"}}
[debug] [2026-02-16T01:55:28.225Z] <<< [apiv2][status] GET https://cloudfunctions.googleapis.com/v1/operations/cm9ja2V0LXByb21wdC91cy1jZW50cmFsMS9zZW5kVGVzdERhaWx5UmVtaW5kZXIvT3JjX0tBY0ZkZ2s 200
[debug] [2026-02-16T01:55:28.225Z] <<< [apiv2][body] GET https://cloudfunctions.googleapis.com/v1/operations/cm9ja2V0LXByb21wdC91cy1jZW50cmFsMS9zZW5kVGVzdERhaWx5UmVtaW5kZXIvT3JjX0tBY0ZkZ2s {"name":"operations/cm9ja2V0LXByb21wdC91cy1jZW50cmFsMS9zZW5kVGVzdERhaWx5UmVtaW5kZXIvT3JjX0tBY0ZkZ2s","metadata":{"@type":"type.googleapis.com/google.cloud.functions.v1.OperationMetadataV1","target":"projects/rocket-prompt/locations/us-central1/functions/sendTestDailyReminder","type":"UPDATE_FUNCTION","request":{"@type":"type.googleapis.com/google.cloud.functions.v1.CloudFunction","name":"projects/rocket-prompt/locations/us-central1/functions/sendTestDailyReminder","httpsTrigger":{"url":"https://us-central1-rocket-prompt.cloudfunctions.net/sendTestDailyReminder","securityLevel":"SECURE_ALWAYS"},"status":"ACTIVE","entryPoint":"sendTestDailyReminder","updateTime":"2026-02-12T16:31:04.868Z","versionId":"7","labels":{"deployment-tool":"cli-firebase","deployment-callable":"true","firebase-functions-hash":"618a15276845177c7983eb5c1f991571ba8e7902"},"sourceUploadUrl":"https://storage.googleapis.com/uploads-17286520875.us-central1.cloudfunctions.appspot.com/e6460765-ab51-4992-8a95-38410992706c.zip?GoogleAccessId=service-169050684401@gcf-admin-robot.iam.gserviceaccount.com&Expires=1771205456&Signature=bumF7EQ7rFtyeJ3xEAzgNFGiEFpLle9UqsdRYwFi0t5fl1Aa7zmD6aaG3vAC4diZrzMEy6bsk49SCZTyIbaZzoNttyeYaVldVMjZK%2FYu3xQHSADL%2B4iYcjrtzVrQfiTENDASn%2FNKAv8bMQGrxMtfZIQxtgUbcDDR8DXjZQlttdK9yX0lcTjVLUwgoOkbaLr1QPw%2BXo%2BoxpRZt2w3VSpq3qTJTyFV2PEojeOXsGWeWMlYkX5JYUcBhoU98%2FzdqgOT%2BKj0JZoQ8SzAI6ehg6jdlSjMDTuJwhiWDSoGIobrb5vYlLD9oQrX6ma6tQICF54ZUs%2Fg81VtemQply1bYpkJAg%3D%3D","environmentVariables":{"GA_PROPERTY_ID":"G-6HCB340LRG","FIREBASE_CONFIG":"{\"projectId\":\"rocket-prompt\",\"storageBucket\":\"rocket-prompt.firebasestorage.app\"}","GCLOUD_PROJECT":"rocket-prompt","EVENTARC_CLOUD_EVENT_SOURCE":"projects/rocket-prompt/locations/us-central1/functions/sendTestDailyReminder"},"runtime":"nodejs22","buildId":"db98ec2a-9c20-4155-bb86-0dcb1f2da107","buildEnvironmentVariables":{"GOOGLE_NODE_RUN_SCRIPTS":""},"secretEnvironmentVariables":[{"key":"SENDGRID_API_KEY","projectId":"rocket-prompt","secret":"SENDGRID_API_KEY","version":"3"}],"buildName":"projects/169050684401/locations/us-central1/builds/db98ec2a-9c20-4155-bb86-0dcb1f2da107","dockerRegistry":"ARTIFACT_REGISTRY","automaticUpdatePolicy":{},"buildServiceAccount":"projects/rocket-prompt/serviceAccounts/169050684401-compute@developer.gserviceaccount.com"},"versionId":"8","updateTime":"2026-02-16T01:55:27Z"},"done":true,"error":{"code":3,"message":"Failed to verify the provided Cloud Storage Signed URL"}}
[debug] [2026-02-16T01:55:28.226Z] Got source token undefined for region us-central1
[error] Failed to verify the provided Cloud Storage Signed URL
[debug] [2026-02-16T01:55:28.226Z] <<< [apiv2][status] GET https://cloudfunctions.googleapis.com/v1/operations/cm9ja2V0LXByb21wdC91cy1jZW50cmFsMS9zdHJpcGVXZWJob29rUm9ja2V0R29hbHMvSWxURHhUMlc1Wnc 200
[debug] [2026-02-16T01:55:28.226Z] <<< [apiv2][body] GET https://cloudfunctions.googleapis.com/v1/operations/cm9ja2V0LXByb21wdC91cy1jZW50cmFsMS9zdHJpcGVXZWJob29rUm9ja2V0R29hbHMvSWxURHhUMlc1Wnc {"name":"operations/cm9ja2V0LXByb21wdC91cy1jZW50cmFsMS9zdHJpcGVXZWJob29rUm9ja2V0R29hbHMvSWxURHhUMlc1Wnc","metadata":{"@type":"type.googleapis.com/google.cloud.functions.v1.OperationMetadataV1","target":"projects/rocket-prompt/locations/us-central1/functions/stripeWebhookRocketGoals","type":"UPDATE_FUNCTION","request":{"@type":"type.googleapis.com/google.cloud.functions.v1.CloudFunction","name":"projects/rocket-prompt/locations/us-central1/functions/stripeWebhookRocketGoals","httpsTrigger":{"url":"https://us-central1-rocket-prompt.cloudfunctions.net/stripeWebhookRocketGoals","securityLevel":"SECURE_ALWAYS"},"status":"ACTIVE","entryPoint":"stripeWebhookRocketGoals","updateTime":"2026-02-12T16:30:55.632Z","versionId":"39","labels":{"deployment-tool":"cli-firebase","firebase-functions-hash":"a3ddf38ce16b4251110999bbf7e25664ba4b1bfb"},"sourceUploadUrl":"https://storage.googleapis.com/uploads-17286520875.us-central1.cloudfunctions.appspot.com/e6460765-ab51-4992-8a95-38410992706c.zip?GoogleAccessId=service-169050684401@gcf-admin-robot.iam.gserviceaccount.com&Expires=1771205456&Signature=bumF7EQ7rFtyeJ3xEAzgNFGiEFpLle9UqsdRYwFi0t5fl1Aa7zmD6aaG3vAC4diZrzMEy6bsk49SCZTyIbaZzoNttyeYaVldVMjZK%2FYu3xQHSADL%2B4iYcjrtzVrQfiTENDASn%2FNKAv8bMQGrxMtfZIQxtgUbcDDR8DXjZQlttdK9yX0lcTjVLUwgoOkbaLr1QPw%2BXo%2BoxpRZt2w3VSpq3qTJTyFV2PEojeOXsGWeWMlYkX5JYUcBhoU98%2FzdqgOT%2BKj0JZoQ8SzAI6ehg6jdlSjMDTuJwhiWDSoGIobrb5vYlLD9oQrX6ma6tQICF54ZUs%2Fg81VtemQply1bYpkJAg%3D%3D","environmentVariables":{"GA_PROPERTY_ID":"G-6HCB340LRG","FIREBASE_CONFIG":"{\"projectId\":\"rocket-prompt\",\"storageBucket\":\"rocket-prompt.firebasestorage.app\"}","GCLOUD_PROJECT":"rocket-prompt","EVENTARC_CLOUD_EVENT_SOURCE":"projects/rocket-prompt/locations/us-central1/functions/stripeWebhookRocketGoals"},"runtime":"nodejs22","buildId":"db98ec2a-9c20-4155-bb86-0dcb1f2da107","buildEnvironmentVariables":{"GOOGLE_NODE_RUN_SCRIPTS":""},"secretEnvironmentVariables":[{"key":"STRIPE_WEBHOOK_SECRET_GOALS","projectId":"rocket-prompt","secret":"STRIPE_WEBHOOK_SECRET_GOALS","version":"1"}],"buildName":"projects/169050684401/locations/us-central1/builds/db98ec2a-9c20-4155-bb86-0dcb1f2da107","dockerRegistry":"ARTIFACT_REGISTRY","automaticUpdatePolicy":{},"buildServiceAccount":"projects/rocket-prompt/serviceAccounts/169050684401-compute@developer.gserviceaccount.com"},"versionId":"40","updateTime":"2026-02-16T01:55:27Z"}}
[debug] [2026-02-16T01:55:28.229Z] <<< [apiv2][status] GET https://cloudfunctions.googleapis.com/v1/operations/cm9ja2V0LXByb21wdC91cy1jZW50cmFsMS9wcmV2aWV3R29hbFJlbWluZGVyL0d5TDNUMEIwM3M4 200
[debug] [2026-02-16T01:55:28.229Z] <<< [apiv2][body] GET https://cloudfunctions.googleapis.com/v1/operations/cm9ja2V0LXByb21wdC91cy1jZW50cmFsMS9wcmV2aWV3R29hbFJlbWluZGVyL0d5TDNUMEIwM3M4 {"name":"operations/cm9ja2V0LXByb21wdC91cy1jZW50cmFsMS9wcmV2aWV3R29hbFJlbWluZGVyL0d5TDNUMEIwM3M4","metadata":{"@type":"type.googleapis.com/google.cloud.functions.v1.OperationMetadataV1","target":"projects/rocket-prompt/locations/us-central1/functions/previewGoalReminder","type":"UPDATE_FUNCTION","request":{"@type":"type.googleapis.com/google.cloud.functions.v1.CloudFunction","name":"projects/rocket-prompt/locations/us-central1/functions/previewGoalReminder","httpsTrigger":{"url":"https://us-central1-rocket-prompt.cloudfunctions.net/previewGoalReminder","securityLevel":"SECURE_ALWAYS"},"status":"ACTIVE","entryPoint":"previewGoalReminder","updateTime":"2026-02-12T16:31:01.109Z","versionId":"30","labels":{"deployment-tool":"cli-firebase","deployment-callable":"true","firebase-functions-hash":"618a15276845177c7983eb5c1f991571ba8e7902"},"sourceUploadUrl":"https://storage.googleapis.com/uploads-17286520875.us-central1.cloudfunctions.appspot.com/e6460765-ab51-4992-8a95-38410992706c.zip?GoogleAccessId=service-169050684401@gcf-admin-robot.iam.gserviceaccount.com&Expires=1771205456&Signature=bumF7EQ7rFtyeJ3xEAzgNFGiEFpLle9UqsdRYwFi0t5fl1Aa7zmD6aaG3vAC4diZrzMEy6bsk49SCZTyIbaZzoNttyeYaVldVMjZK%2FYu3xQHSADL%2B4iYcjrtzVrQfiTENDASn%2FNKAv8bMQGrxMtfZIQxtgUbcDDR8DXjZQlttdK9yX0lcTjVLUwgoOkbaLr1QPw%2BXo%2BoxpRZt2w3VSpq3qTJTyFV2PEojeOXsGWeWMlYkX5JYUcBhoU98%2FzdqgOT%2BKj0JZoQ8SzAI6ehg6jdlSjMDTuJwhiWDSoGIobrb5vYlLD9oQrX6ma6tQICF54ZUs%2Fg81VtemQply1bYpkJAg%3D%3D","environmentVariables":{"GA_PROPERTY_ID":"G-6HCB340LRG","FIREBASE_CONFIG":"{\"projectId\":\"rocket-prompt\",\"storageBucket\":\"rocket-prompt.firebasestorage.app\"}","GCLOUD_PROJECT":"rocket-prompt","EVENTARC_CLOUD_EVENT_SOURCE":"projects/rocket-prompt/locations/us-central1/functions/previewGoalReminder"},"runtime":"nodejs22","buildId":"db98ec2a-9c20-4155-bb86-0dcb1f2da107","buildEnvironmentVariables":{"GOOGLE_NODE_RUN_SCRIPTS":""},"secretEnvironmentVariables":[{"key":"SENDGRID_API_KEY","projectId":"rocket-prompt","secret":"SENDGRID_API_KEY","version":"3"}],"buildName":"projects/169050684401/locations/us-central1/builds/db98ec2a-9c20-4155-bb86-0dcb1f2da107","dockerRegistry":"ARTIFACT_REGISTRY","automaticUpdatePolicy":{},"buildServiceAccount":"projects/rocket-prompt/serviceAccounts/169050684401-compute@developer.gserviceaccount.com"},"versionId":"31","updateTime":"2026-02-16T01:55:27Z"},"done":true,"error":{"code":3,"message":"Failed to verify the provided Cloud Storage Signed URL"}}
[debug] [2026-02-16T01:55:28.230Z] Got source token undefined for region us-central1
[error] Failed to verify the provided Cloud Storage Signed URL
[debug] [2026-02-16T01:55:28.230Z] <<< [apiv2][status] GET https://cloudfunctions.googleapis.com/v1/operations/cm9ja2V0LXByb21wdC91cy1jZW50cmFsMS9ydW5XZWVrbHlSZXNldFRlc3QvUFJrUjFaTV9LVjQ 200
[debug] [2026-02-16T01:55:28.230Z] <<< [apiv2][body] GET https://cloudfunctions.googleapis.com/v1/operations/cm9ja2V0LXByb21wdC91cy1jZW50cmFsMS9ydW5XZWVrbHlSZXNldFRlc3QvUFJrUjFaTV9LVjQ {"name":"operations/cm9ja2V0LXByb21wdC91cy1jZW50cmFsMS9ydW5XZWVrbHlSZXNldFRlc3QvUFJrUjFaTV9LVjQ","metadata":{"@type":"type.googleapis.com/google.cloud.functions.v1.OperationMetadataV1","target":"projects/rocket-prompt/locations/us-central1/functions/runWeeklyResetTest","type":"UPDATE_FUNCTION","request":{"@type":"type.googleapis.com/google.cloud.functions.v1.CloudFunction","name":"projects/rocket-prompt/locations/us-central1/functions/runWeeklyResetTest","httpsTrigger":{"url":"https://us-central1-rocket-prompt.cloudfunctions.net/runWeeklyResetTest","securityLevel":"SECURE_ALWAYS"},"status":"ACTIVE","entryPoint":"runWeeklyResetTest","timeout":"540s","availableMemoryMb":512,"updateTime":"2026-02-12T16:31:18.155Z","versionId":"15","labels":{"deployment-tool":"cli-firebase","deployment-callable":"true","firebase-functions-hash":"618a15276845177c7983eb5c1f991571ba8e7902"},"sourceUploadUrl":"https://storage.googleapis.com/uploads-17286520875.us-central1.cloudfunctions.appspot.com/e6460765-ab51-4992-8a95-38410992706c.zip?GoogleAccessId=service-169050684401@gcf-admin-robot.iam.gserviceaccount.com&Expires=1771205456&Signature=bumF7EQ7rFtyeJ3xEAzgNFGiEFpLle9UqsdRYwFi0t5fl1Aa7zmD6aaG3vAC4diZrzMEy6bsk49SCZTyIbaZzoNttyeYaVldVMjZK%2FYu3xQHSADL%2B4iYcjrtzVrQfiTENDASn%2FNKAv8bMQGrxMtfZIQxtgUbcDDR8DXjZQlttdK9yX0lcTjVLUwgoOkbaLr1QPw%2BXo%2BoxpRZt2w3VSpq3qTJTyFV2PEojeOXsGWeWMlYkX5JYUcBhoU98%2FzdqgOT%2BKj0JZoQ8SzAI6ehg6jdlSjMDTuJwhiWDSoGIobrb5vYlLD9oQrX6ma6tQICF54ZUs%2Fg81VtemQply1bYpkJAg%3D%3D","environmentVariables":{"GA_PROPERTY_ID":"G-6HCB340LRG","FIREBASE_CONFIG":"{\"projectId\":\"rocket-prompt\",\"storageBucket\":\"rocket-prompt.firebasestorage.app\"}","GCLOUD_PROJECT":"rocket-prompt","EVENTARC_CLOUD_EVENT_SOURCE":"projects/rocket-prompt/locations/us-central1/functions/runWeeklyResetTest"},"runtime":"nodejs22","buildId":"143cbe67-682a-4ca1-85c0-3897bd88aa23","buildEnvironmentVariables":{"GOOGLE_NODE_RUN_SCRIPTS":""},"secretEnvironmentVariables":[{"key":"SENDGRID_API_KEY","projectId":"rocket-prompt","secret":"SENDGRID_API_KEY","version":"3"}],"buildName":"projects/169050684401/locations/us-central1/builds/143cbe67-682a-4ca1-85c0-3897bd88aa23","dockerRegistry":"ARTIFACT_REGISTRY","automaticUpdatePolicy":{},"buildServiceAccount":"projects/rocket-prompt/serviceAccounts/169050684401-compute@developer.gserviceaccount.com"},"versionId":"16","updateTime":"2026-02-16T01:55:28Z"},"done":true,"error":{"code":3,"message":"Failed to verify the provided Cloud Storage Signed URL"}}
[debug] [2026-02-16T01:55:28.230Z] Got source token undefined for region us-central1
[error] Failed to verify the provided Cloud Storage Signed URL
[debug] [2026-02-16T01:55:28.232Z] <<< [apiv2][status] GET https://cloudfunctions.googleapis.com/v1/operations/cm9ja2V0LXByb21wdC91cy1jZW50cmFsMS9zZW5kV2VsY29tZUVtYWlsLzQzZFg3ZVJjT3Bz 200
[debug] [2026-02-16T01:55:28.232Z] <<< [apiv2][body] GET https://cloudfunctions.googleapis.com/v1/operations/cm9ja2V0LXByb21wdC91cy1jZW50cmFsMS9zZW5kV2VsY29tZUVtYWlsLzQzZFg3ZVJjT3Bz {"name":"operations/cm9ja2V0LXByb21wdC91cy1jZW50cmFsMS9zZW5kV2VsY29tZUVtYWlsLzQzZFg3ZVJjT3Bz","metadata":{"@type":"type.googleapis.com/google.cloud.functions.v1.OperationMetadataV1","target":"projects/rocket-prompt/locations/us-central1/functions/sendWelcomeEmail","type":"UPDATE_FUNCTION","request":{"@type":"type.googleapis.com/google.cloud.functions.v1.CloudFunction","name":"projects/rocket-prompt/locations/us-central1/functions/sendWelcomeEmail","httpsTrigger":{"url":"https://us-central1-rocket-prompt.cloudfunctions.net/sendWelcomeEmail","securityLevel":"SECURE_ALWAYS"},"status":"ACTIVE","entryPoint":"sendWelcomeEmail","updateTime":"2026-02-12T16:30:58.551Z","versionId":"12","labels":{"deployment-tool":"cli-firebase","deployment-callable":"true","firebase-functions-hash":"618a15276845177c7983eb5c1f991571ba8e7902"},"sourceUploadUrl":"https://storage.googleapis.com/uploads-17286520875.us-central1.cloudfunctions.appspot.com/e6460765-ab51-4992-8a95-38410992706c.zip?GoogleAccessId=service-169050684401@gcf-admin-robot.iam.gserviceaccount.com&Expires=1771205456&Signature=bumF7EQ7rFtyeJ3xEAzgNFGiEFpLle9UqsdRYwFi0t5fl1Aa7zmD6aaG3vAC4diZrzMEy6bsk49SCZTyIbaZzoNttyeYaVldVMjZK%2FYu3xQHSADL%2B4iYcjrtzVrQfiTENDASn%2FNKAv8bMQGrxMtfZIQxtgUbcDDR8DXjZQlttdK9yX0lcTjVLUwgoOkbaLr1QPw%2BXo%2BoxpRZt2w3VSpq3qTJTyFV2PEojeOXsGWeWMlYkX5JYUcBhoU98%2FzdqgOT%2BKj0JZoQ8SzAI6ehg6jdlSjMDTuJwhiWDSoGIobrb5vYlLD9oQrX6ma6tQICF54ZUs%2Fg81VtemQply1bYpkJAg%3D%3D","environmentVariables":{"GA_PROPERTY_ID":"G-6HCB340LRG","FIREBASE_CONFIG":"{\"projectId\":\"rocket-prompt\",\"storageBucket\":\"rocket-prompt.firebasestorage.app\"}","GCLOUD_PROJECT":"rocket-prompt","EVENTARC_CLOUD_EVENT_SOURCE":"projects/rocket-prompt/locations/us-central1/functions/sendWelcomeEmail"},"runtime":"nodejs22","buildId":"db98ec2a-9c20-4155-bb86-0dcb1f2da107","buildEnvironmentVariables":{"GOOGLE_NODE_RUN_SCRIPTS":""},"secretEnvironmentVariables":[{"key":"SENDGRID_API_KEY","projectId":"rocket-prompt","secret":"SENDGRID_API_KEY","version":"3"}],"buildName":"projects/169050684401/locations/us-central1/builds/db98ec2a-9c20-4155-bb86-0dcb1f2da107","dockerRegistry":"ARTIFACT_REGISTRY","automaticUpdatePolicy":{},"buildServiceAccount":"projects/rocket-prompt/serviceAccounts/169050684401-compute@developer.gserviceaccount.com"},"versionId":"13","updateTime":"2026-02-16T01:55:27Z"}}
[debug] [2026-02-16T01:55:28.237Z] <<< [apiv2][status] GET https://cloudfunctions.googleapis.com/v1/operations/cm9ja2V0LXByb21wdC91cy1jZW50cmFsMS9zZW5kR29hbENyZWF0ZWRFbWFpbC9MZDV2cFJjOFBIVQ 200
[debug] [2026-02-16T01:55:28.237Z] <<< [apiv2][body] GET https://cloudfunctions.googleapis.com/v1/operations/cm9ja2V0LXByb21wdC91cy1jZW50cmFsMS9zZW5kR29hbENyZWF0ZWRFbWFpbC9MZDV2cFJjOFBIVQ {"name":"operations/cm9ja2V0LXByb21wdC91cy1jZW50cmFsMS9zZW5kR29hbENyZWF0ZWRFbWFpbC9MZDV2cFJjOFBIVQ","metadata":{"@type":"type.googleapis.com/google.cloud.functions.v1.OperationMetadataV1","target":"projects/rocket-prompt/locations/us-central1/functions/sendGoalCreatedEmail","type":"UPDATE_FUNCTION","request":{"@type":"type.googleapis.com/google.cloud.functions.v1.CloudFunction","name":"projects/rocket-prompt/locations/us-central1/functions/sendGoalCreatedEmail","httpsTrigger":{"url":"https://us-central1-rocket-prompt.cloudfunctions.net/sendGoalCreatedEmail","securityLevel":"SECURE_ALWAYS"},"status":"ACTIVE","entryPoint":"sendGoalCreatedEmail","updateTime":"2026-02-12T16:31:01.533Z","versionId":"53","labels":{"deployment-tool":"cli-firebase","deployment-callable":"true","firebase-functions-hash":"618a15276845177c7983eb5c1f991571ba8e7902"},"sourceUploadUrl":"https://storage.googleapis.com/uploads-17286520875.us-central1.cloudfunctions.appspot.com/e6460765-ab51-4992-8a95-38410992706c.zip?GoogleAccessId=service-169050684401@gcf-admin-robot.iam.gserviceaccount.com&Expires=1771205456&Signature=bumF7EQ7rFtyeJ3xEAzgNFGiEFpLle9UqsdRYwFi0t5fl1Aa7zmD6aaG3vAC4diZrzMEy6bsk49SCZTyIbaZzoNttyeYaVldVMjZK%2FYu3xQHSADL%2B4iYcjrtzVrQfiTENDASn%2FNKAv8bMQGrxMtfZIQxtgUbcDDR8DXjZQlttdK9yX0lcTjVLUwgoOkbaLr1QPw%2BXo%2BoxpRZt2w3VSpq3qTJTyFV2PEojeOXsGWeWMlYkX5JYUcBhoU98%2FzdqgOT%2BKj0JZoQ8SzAI6ehg6jdlSjMDTuJwhiWDSoGIobrb5vYlLD9oQrX6ma6tQICF54ZUs%2Fg81VtemQply1bYpkJAg%3D%3D","environmentVariables":{"GA_PROPERTY_ID":"G-6HCB340LRG","FIREBASE_CONFIG":"{\"projectId\":\"rocket-prompt\",\"storageBucket\":\"rocket-prompt.firebasestorage.app\"}","GCLOUD_PROJECT":"rocket-prompt","EVENTARC_CLOUD_EVENT_SOURCE":"projects/rocket-prompt/locations/us-central1/functions/sendGoalCreatedEmail"},"runtime":"nodejs22","buildId":"db98ec2a-9c20-4155-bb86-0dcb1f2da107","buildEnvironmentVariables":{"GOOGLE_NODE_RUN_SCRIPTS":""},"secretEnvironmentVariables":[{"key":"SENDGRID_API_KEY","projectId":"rocket-prompt","secret":"SENDGRID_API_KEY","version":"3"}],"buildName":"projects/169050684401/locations/us-central1/builds/db98ec2a-9c20-4155-bb86-0dcb1f2da107","dockerRegistry":"ARTIFACT_REGISTRY","automaticUpdatePolicy":{},"buildServiceAccount":"projects/rocket-prompt/serviceAccounts/169050684401-compute@developer.gserviceaccount.com"},"versionId":"54","updateTime":"2026-02-16T01:55:27Z"}}
[debug] [2026-02-16T01:55:28.241Z] <<< [apiv2][status] GET https://cloudfunctions.googleapis.com/v1/operations/cm9ja2V0LXByb21wdC91cy1jZW50cmFsMS9jcmVhdGVCaWxsaW5nUG9ydGFsU2Vzc2lvbi9URzgwQ1Q5bU5uUQ 200
[debug] [2026-02-16T01:55:28.241Z] <<< [apiv2][body] GET https://cloudfunctions.googleapis.com/v1/operations/cm9ja2V0LXByb21wdC91cy1jZW50cmFsMS9jcmVhdGVCaWxsaW5nUG9ydGFsU2Vzc2lvbi9URzgwQ1Q5bU5uUQ {"name":"operations/cm9ja2V0LXByb21wdC91cy1jZW50cmFsMS9jcmVhdGVCaWxsaW5nUG9ydGFsU2Vzc2lvbi9URzgwQ1Q5bU5uUQ","metadata":{"@type":"type.googleapis.com/google.cloud.functions.v1.OperationMetadataV1","target":"projects/rocket-prompt/locations/us-central1/functions/createBillingPortalSession","type":"UPDATE_FUNCTION","request":{"@type":"type.googleapis.com/google.cloud.functions.v1.CloudFunction","name":"projects/rocket-prompt/locations/us-central1/functions/createBillingPortalSession","httpsTrigger":{"url":"https://us-central1-rocket-prompt.cloudfunctions.net/createBillingPortalSession","securityLevel":"SECURE_ALWAYS"},"status":"ACTIVE","entryPoint":"createBillingPortalSession","updateTime":"2026-02-12T16:30:55.684Z","versionId":"37","labels":{"deployment-tool":"cli-firebase","deployment-callable":"true","firebase-functions-hash":"2b734fd2536973b9b7ef964d880b2d948f20adbd"},"sourceUploadUrl":"https://storage.googleapis.com/uploads-17286520875.us-central1.cloudfunctions.appspot.com/e6460765-ab51-4992-8a95-38410992706c.zip?GoogleAccessId=service-169050684401@gcf-admin-robot.iam.gserviceaccount.com&Expires=1771205456&Signature=bumF7EQ7rFtyeJ3xEAzgNFGiEFpLle9UqsdRYwFi0t5fl1Aa7zmD6aaG3vAC4diZrzMEy6bsk49SCZTyIbaZzoNttyeYaVldVMjZK%2FYu3xQHSADL%2B4iYcjrtzVrQfiTENDASn%2FNKAv8bMQGrxMtfZIQxtgUbcDDR8DXjZQlttdK9yX0lcTjVLUwgoOkbaLr1QPw%2BXo%2BoxpRZt2w3VSpq3qTJTyFV2PEojeOXsGWeWMlYkX5JYUcBhoU98%2FzdqgOT%2BKj0JZoQ8SzAI6ehg6jdlSjMDTuJwhiWDSoGIobrb5vYlLD9oQrX6ma6tQICF54ZUs%2Fg81VtemQply1bYpkJAg%3D%3D","environmentVariables":{"GA_PROPERTY_ID":"G-6HCB340LRG","FIREBASE_CONFIG":"{\"projectId\":\"rocket-prompt\",\"storageBucket\":\"rocket-prompt.firebasestorage.app\"}","GCLOUD_PROJECT":"rocket-prompt","EVENTARC_CLOUD_EVENT_SOURCE":"projects/rocket-prompt/locations/us-central1/functions/createBillingPortalSession"},"runtime":"nodejs22","buildId":"db98ec2a-9c20-4155-bb86-0dcb1f2da107","buildEnvironmentVariables":{"GOOGLE_NODE_RUN_SCRIPTS":""},"secretEnvironmentVariables":[{"key":"STRIPE_SECRET_KEY","projectId":"rocket-prompt","secret":"STRIPE_SECRET_KEY","version":"2"}],"buildName":"projects/169050684401/locations/us-central1/builds/db98ec2a-9c20-4155-bb86-0dcb1f2da107","dockerRegistry":"ARTIFACT_REGISTRY","automaticUpdatePolicy":{},"buildServiceAccount":"projects/rocket-prompt/serviceAccounts/169050684401-compute@developer.gserviceaccount.com"},"versionId":"38","updateTime":"2026-02-16T01:55:27Z"}}
[debug] [2026-02-16T01:55:28.241Z] <<< [apiv2][status] GET https://cloudfunctions.googleapis.com/v1/operations/cm9ja2V0LXByb21wdC91cy1jZW50cmFsMS9nZXREZWZhdWx0RW1haWxUZW1wbGF0ZS9VdVJxdEVxS3RfVQ 200
[debug] [2026-02-16T01:55:28.241Z] <<< [apiv2][body] GET https://cloudfunctions.googleapis.com/v1/operations/cm9ja2V0LXByb21wdC91cy1jZW50cmFsMS9nZXREZWZhdWx0RW1haWxUZW1wbGF0ZS9VdVJxdEVxS3RfVQ {"name":"operations/cm9ja2V0LXByb21wdC91cy1jZW50cmFsMS9nZXREZWZhdWx0RW1haWxUZW1wbGF0ZS9VdVJxdEVxS3RfVQ","metadata":{"@type":"type.googleapis.com/google.cloud.functions.v1.OperationMetadataV1","target":"projects/rocket-prompt/locations/us-central1/functions/getDefaultEmailTemplate","type":"UPDATE_FUNCTION","request":{"@type":"type.googleapis.com/google.cloud.functions.v1.CloudFunction","name":"projects/rocket-prompt/locations/us-central1/functions/getDefaultEmailTemplate","httpsTrigger":{"url":"https://us-central1-rocket-prompt.cloudfunctions.net/getDefaultEmailTemplate","securityLevel":"SECURE_ALWAYS"},"status":"ACTIVE","entryPoint":"getDefaultEmailTemplate","updateTime":"2026-02-12T16:30:57.994Z","versionId":"28","labels":{"deployment-tool":"cli-firebase","deployment-callable":"true","firebase-functions-hash":"41bc74008db6748b3d763b884d070ba33406658c"},"sourceUploadUrl":"https://storage.googleapis.com/uploads-17286520875.us-central1.cloudfunctions.appspot.com/e6460765-ab51-4992-8a95-38410992706c.zip?GoogleAccessId=service-169050684401@gcf-admin-robot.iam.gserviceaccount.com&Expires=1771205456&Signature=bumF7EQ7rFtyeJ3xEAzgNFGiEFpLle9UqsdRYwFi0t5fl1Aa7zmD6aaG3vAC4diZrzMEy6bsk49SCZTyIbaZzoNttyeYaVldVMjZK%2FYu3xQHSADL%2B4iYcjrtzVrQfiTENDASn%2FNKAv8bMQGrxMtfZIQxtgUbcDDR8DXjZQlttdK9yX0lcTjVLUwgoOkbaLr1QPw%2BXo%2BoxpRZt2w3VSpq3qTJTyFV2PEojeOXsGWeWMlYkX5JYUcBhoU98%2FzdqgOT%2BKj0JZoQ8SzAI6ehg6jdlSjMDTuJwhiWDSoGIobrb5vYlLD9oQrX6ma6tQICF54ZUs%2Fg81VtemQply1bYpkJAg%3D%3D","environmentVariables":{"GA_PROPERTY_ID":"G-6HCB340LRG","FIREBASE_CONFIG":"{\"projectId\":\"rocket-prompt\",\"storageBucket\":\"rocket-prompt.firebasestorage.app\"}","GCLOUD_PROJECT":"rocket-prompt","EVENTARC_CLOUD_EVENT_SOURCE":"projects/rocket-prompt/locations/us-central1/functions/getDefaultEmailTemplate"},"runtime":"nodejs22","buildId":"db98ec2a-9c20-4155-bb86-0dcb1f2da107","buildEnvironmentVariables":{"GOOGLE_NODE_RUN_SCRIPTS":""},"buildName":"projects/169050684401/locations/us-central1/builds/db98ec2a-9c20-4155-bb86-0dcb1f2da107","dockerRegistry":"ARTIFACT_REGISTRY","automaticUpdatePolicy":{},"buildServiceAccount":"projects/rocket-prompt/serviceAccounts/169050684401-compute@developer.gserviceaccount.com"},"versionId":"29","updateTime":"2026-02-16T01:55:27Z"},"done":true,"error":{"code":3,"message":"Failed to verify the provided Cloud Storage Signed URL"}}
[debug] [2026-02-16T01:55:28.241Z] Got source token undefined for region us-central1
[error] Failed to verify the provided Cloud Storage Signed URL
[debug] [2026-02-16T01:55:28.246Z] <<< [apiv2][status] GET https://cloudfunctions.googleapis.com/v1/operations/cm9ja2V0LXByb21wdC91cy1jZW50cmFsMS9nZXRTY2hlZHVsZWRSZW1pbmRlcnMvT3liUEJod21YU2M 200
[debug] [2026-02-16T01:55:28.246Z] <<< [apiv2][body] GET https://cloudfunctions.googleapis.com/v1/operations/cm9ja2V0LXByb21wdC91cy1jZW50cmFsMS9nZXRTY2hlZHVsZWRSZW1pbmRlcnMvT3liUEJod21YU2M {"name":"operations/cm9ja2V0LXByb21wdC91cy1jZW50cmFsMS9nZXRTY2hlZHVsZWRSZW1pbmRlcnMvT3liUEJod21YU2M","metadata":{"@type":"type.googleapis.com/google.cloud.functions.v1.OperationMetadataV1","target":"projects/rocket-prompt/locations/us-central1/functions/getScheduledReminders","type":"UPDATE_FUNCTION","request":{"@type":"type.googleapis.com/google.cloud.functions.v1.CloudFunction","name":"projects/rocket-prompt/locations/us-central1/functions/getScheduledReminders","httpsTrigger":{"url":"https://us-central1-rocket-prompt.cloudfunctions.net/getScheduledReminders","securityLevel":"SECURE_ALWAYS"},"status":"ACTIVE","entryPoint":"getScheduledReminders","updateTime":"2026-02-12T16:30:58.486Z","versionId":"28","labels":{"deployment-tool":"cli-firebase","deployment-callable":"true","firebase-functions-hash":"41bc74008db6748b3d763b884d070ba33406658c"},"sourceUploadUrl":"https://storage.googleapis.com/uploads-17286520875.us-central1.cloudfunctions.appspot.com/e6460765-ab51-4992-8a95-38410992706c.zip?GoogleAccessId=service-169050684401@gcf-admin-robot.iam.gserviceaccount.com&Expires=1771205456&Signature=bumF7EQ7rFtyeJ3xEAzgNFGiEFpLle9UqsdRYwFi0t5fl1Aa7zmD6aaG3vAC4diZrzMEy6bsk49SCZTyIbaZzoNttyeYaVldVMjZK%2FYu3xQHSADL%2B4iYcjrtzVrQfiTENDASn%2FNKAv8bMQGrxMtfZIQxtgUbcDDR8DXjZQlttdK9yX0lcTjVLUwgoOkbaLr1QPw%2BXo%2BoxpRZt2w3VSpq3qTJTyFV2PEojeOXsGWeWMlYkX5JYUcBhoU98%2FzdqgOT%2BKj0JZoQ8SzAI6ehg6jdlSjMDTuJwhiWDSoGIobrb5vYlLD9oQrX6ma6tQICF54ZUs%2Fg81VtemQply1bYpkJAg%3D%3D","environmentVariables":{"GA_PROPERTY_ID":"G-6HCB340LRG","FIREBASE_CONFIG":"{\"projectId\":\"rocket-prompt\",\"storageBucket\":\"rocket-prompt.firebasestorage.app\"}","GCLOUD_PROJECT":"rocket-prompt","EVENTARC_CLOUD_EVENT_SOURCE":"projects/rocket-prompt/locations/us-central1/functions/getScheduledReminders"},"runtime":"nodejs22","buildId":"db98ec2a-9c20-4155-bb86-0dcb1f2da107","buildEnvironmentVariables":{"GOOGLE_NODE_RUN_SCRIPTS":""},"buildName":"projects/169050684401/locations/us-central1/builds/db98ec2a-9c20-4155-bb86-0dcb1f2da107","dockerRegistry":"ARTIFACT_REGISTRY","automaticUpdatePolicy":{},"buildServiceAccount":"projects/rocket-prompt/serviceAccounts/169050684401-compute@developer.gserviceaccount.com"},"versionId":"29","updateTime":"2026-02-16T01:55:27Z"},"done":true,"error":{"code":3,"message":"Failed to verify the provided Cloud Storage Signed URL"}}
[debug] [2026-02-16T01:55:28.246Z] Got source token undefined for region us-central1
[error] Failed to verify the provided Cloud Storage Signed URL
[debug] [2026-02-16T01:55:28.252Z] <<< [apiv2][status] GET https://cloudfunctions.googleapis.com/v1/operations/cm9ja2V0LXByb21wdC91cy1jZW50cmFsMS9hZGRTY2hlZHVsZWRSZW1pbmRlci9Gd1RVbUhic1VIRQ 200
[debug] [2026-02-16T01:55:28.252Z] <<< [apiv2][body] GET https://cloudfunctions.googleapis.com/v1/operations/cm9ja2V0LXByb21wdC91cy1jZW50cmFsMS9hZGRTY2hlZHVsZWRSZW1pbmRlci9Gd1RVbUhic1VIRQ {"name":"operations/cm9ja2V0LXByb21wdC91cy1jZW50cmFsMS9hZGRTY2hlZHVsZWRSZW1pbmRlci9Gd1RVbUhic1VIRQ","metadata":{"@type":"type.googleapis.com/google.cloud.functions.v1.OperationMetadataV1","target":"projects/rocket-prompt/locations/us-central1/functions/addScheduledReminder","type":"UPDATE_FUNCTION","request":{"@type":"type.googleapis.com/google.cloud.functions.v1.CloudFunction","name":"projects/rocket-prompt/locations/us-central1/functions/addScheduledReminder","httpsTrigger":{"url":"https://us-central1-rocket-prompt.cloudfunctions.net/addScheduledReminder","securityLevel":"SECURE_ALWAYS"},"status":"ACTIVE","entryPoint":"addScheduledReminder","updateTime":"2026-02-12T16:31:05.476Z","versionId":"28","labels":{"deployment-tool":"cli-firebase","deployment-callable":"true","firebase-functions-hash":"41bc74008db6748b3d763b884d070ba33406658c"},"sourceUploadUrl":"https://storage.googleapis.com/uploads-17286520875.us-central1.cloudfunctions.appspot.com/e6460765-ab51-4992-8a95-38410992706c.zip?GoogleAccessId=service-169050684401@gcf-admin-robot.iam.gserviceaccount.com&Expires=1771205456&Signature=bumF7EQ7rFtyeJ3xEAzgNFGiEFpLle9UqsdRYwFi0t5fl1Aa7zmD6aaG3vAC4diZrzMEy6bsk49SCZTyIbaZzoNttyeYaVldVMjZK%2FYu3xQHSADL%2B4iYcjrtzVrQfiTENDASn%2FNKAv8bMQGrxMtfZIQxtgUbcDDR8DXjZQlttdK9yX0lcTjVLUwgoOkbaLr1QPw%2BXo%2BoxpRZt2w3VSpq3qTJTyFV2PEojeOXsGWeWMlYkX5JYUcBhoU98%2FzdqgOT%2BKj0JZoQ8SzAI6ehg6jdlSjMDTuJwhiWDSoGIobrb5vYlLD9oQrX6ma6tQICF54ZUs%2Fg81VtemQply1bYpkJAg%3D%3D","environmentVariables":{"GA_PROPERTY_ID":"G-6HCB340LRG","FIREBASE_CONFIG":"{\"projectId\":\"rocket-prompt\",\"storageBucket\":\"rocket-prompt.firebasestorage.app\"}","GCLOUD_PROJECT":"rocket-prompt","EVENTARC_CLOUD_EVENT_SOURCE":"projects/rocket-prompt/locations/us-central1/functions/addScheduledReminder"},"runtime":"nodejs22","buildId":"db98ec2a-9c20-4155-bb86-0dcb1f2da107","buildEnvironmentVariables":{"GOOGLE_NODE_RUN_SCRIPTS":""},"buildName":"projects/169050684401/locations/us-central1/builds/db98ec2a-9c20-4155-bb86-0dcb1f2da107","dockerRegistry":"ARTIFACT_REGISTRY","automaticUpdatePolicy":{},"buildServiceAccount":"projects/rocket-prompt/serviceAccounts/169050684401-compute@developer.gserviceaccount.com"},"versionId":"29","updateTime":"2026-02-16T01:55:28Z"},"done":true,"error":{"code":3,"message":"Failed to verify the provided Cloud Storage Signed URL"}}
[debug] [2026-02-16T01:55:28.252Z] Got source token undefined for region us-central1
[error] Failed to verify the provided Cloud Storage Signed URL
[debug] [2026-02-16T01:55:28.263Z] <<< [apiv2][status] GET https://cloudfunctions.googleapis.com/v1/operations/cm9ja2V0LXByb21wdC91cy1jZW50cmFsMS9zZW5kVGVzdFNNUy9GaTBrYVhrV2IyTQ 200
[debug] [2026-02-16T01:55:28.263Z] <<< [apiv2][body] GET https://cloudfunctions.googleapis.com/v1/operations/cm9ja2V0LXByb21wdC91cy1jZW50cmFsMS9zZW5kVGVzdFNNUy9GaTBrYVhrV2IyTQ {"name":"operations/cm9ja2V0LXByb21wdC91cy1jZW50cmFsMS9zZW5kVGVzdFNNUy9GaTBrYVhrV2IyTQ","metadata":{"@type":"type.googleapis.com/google.cloud.functions.v1.OperationMetadataV1","target":"projects/rocket-prompt/locations/us-central1/functions/sendTestSMS","type":"UPDATE_FUNCTION","request":{"@type":"type.googleapis.com/google.cloud.functions.v1.CloudFunction","name":"projects/rocket-prompt/locations/us-central1/functions/sendTestSMS","httpsTrigger":{"url":"https://us-central1-rocket-prompt.cloudfunctions.net/sendTestSMS","securityLevel":"SECURE_ALWAYS"},"status":"ACTIVE","entryPoint":"sendTestSMS","updateTime":"2026-02-12T16:31:01.407Z","versionId":"34","labels":{"deployment-tool":"cli-firebase","deployment-callable":"true","firebase-functions-hash":"ca781756249ad7fc9598babcb3c779ba6bee6da0"},"sourceUploadUrl":"https://storage.googleapis.com/uploads-17286520875.us-central1.cloudfunctions.appspot.com/e6460765-ab51-4992-8a95-38410992706c.zip?GoogleAccessId=service-169050684401@gcf-admin-robot.iam.gserviceaccount.com&Expires=1771205456&Signature=bumF7EQ7rFtyeJ3xEAzgNFGiEFpLle9UqsdRYwFi0t5fl1Aa7zmD6aaG3vAC4diZrzMEy6bsk49SCZTyIbaZzoNttyeYaVldVMjZK%2FYu3xQHSADL%2B4iYcjrtzVrQfiTENDASn%2FNKAv8bMQGrxMtfZIQxtgUbcDDR8DXjZQlttdK9yX0lcTjVLUwgoOkbaLr1QPw%2BXo%2BoxpRZt2w3VSpq3qTJTyFV2PEojeOXsGWeWMlYkX5JYUcBhoU98%2FzdqgOT%2BKj0JZoQ8SzAI6ehg6jdlSjMDTuJwhiWDSoGIobrb5vYlLD9oQrX6ma6tQICF54ZUs%2Fg81VtemQply1bYpkJAg%3D%3D","environmentVariables":{"GA_PROPERTY_ID":"G-6HCB340LRG","FIREBASE_CONFIG":"{\"projectId\":\"rocket-prompt\",\"storageBucket\":\"rocket-prompt.firebasestorage.app\"}","GCLOUD_PROJECT":"rocket-prompt","EVENTARC_CLOUD_EVENT_SOURCE":"projects/rocket-prompt/locations/us-central1/functions/sendTestSMS"},"runtime":"nodejs22","buildId":"db98ec2a-9c20-4155-bb86-0dcb1f2da107","buildEnvironmentVariables":{"GOOGLE_NODE_RUN_SCRIPTS":""},"secretEnvironmentVariables":[{"key":"TWILIO_ACCOUNT_SID","projectId":"rocket-prompt","secret":"TWILIO_ACCOUNT_SID","version":"2"},{"key":"TWILIO_AUTH_TOKEN","projectId":"rocket-prompt","secret":"TWILIO_AUTH_TOKEN","version":"2"},{"key":"TWILIO_PHONE_NUMBER","projectId":"rocket-prompt","secret":"TWILIO_PHONE_NUMBER","version":"2"}],"buildName":"projects/169050684401/locations/us-central1/builds/db98ec2a-9c20-4155-bb86-0dcb1f2da107","dockerRegistry":"ARTIFACT_REGISTRY","automaticUpdatePolicy":{},"buildServiceAccount":"projects/rocket-prompt/serviceAccounts/169050684401-compute@developer.gserviceaccount.com"},"versionId":"35","updateTime":"2026-02-16T01:55:27Z"},"done":true,"error":{"code":3,"message":"Failed to verify the provided Cloud Storage Signed URL"}}
[debug] [2026-02-16T01:55:28.263Z] Got source token undefined for region us-central1
[error] Failed to verify the provided Cloud Storage Signed URL
[debug] [2026-02-16T01:55:29.091Z] [update-default-us-central1-initiateHeyGenVideo] Retrying task index 0
[debug] [2026-02-16T01:55:29.091Z] Checked if tokens are valid: true, expires at: 1771210524661
[debug] [2026-02-16T01:55:29.091Z] Checked if tokens are valid: true, expires at: 1771210524661
[debug] [2026-02-16T01:55:29.091Z] >>> [apiv2][query] GET https://cloudfunctions.googleapis.com/v2/projects/rocket-prompt/locations/us-central1/operations/operation-1771206926013-64ae73fa615b0-1080109a-a8262c3f [none]
[debug] [2026-02-16T01:55:29.198Z] [update-default-us-central1-sendTestEmail] Retrying task index 0
[debug] [2026-02-16T01:55:29.199Z] Checked if tokens are valid: true, expires at: 1771210524661
[debug] [2026-02-16T01:55:29.199Z] Checked if tokens are valid: true, expires at: 1771210524661
[debug] [2026-02-16T01:55:29.199Z] >>> [apiv2][query] GET https://cloudfunctions.googleapis.com/v1/operations/cm9ja2V0LXByb21wdC91cy1jZW50cmFsMS9zZW5kVGVzdEVtYWlsL0VHWDNkSFhnUmdF [none]
[debug] [2026-02-16T01:55:29.199Z] [update-default-us-central1-scheduleDemoEmail] Retrying task index 0
[debug] [2026-02-16T01:55:29.199Z] Checked if tokens are valid: true, expires at: 1771210524661
[debug] [2026-02-16T01:55:29.199Z] Checked if tokens are valid: true, expires at: 1771210524661
[debug] [2026-02-16T01:55:29.199Z] >>> [apiv2][query] GET https://cloudfunctions.googleapis.com/v1/operations/cm9ja2V0LXByb21wdC91cy1jZW50cmFsMS9zY2hlZHVsZURlbW9FbWFpbC9oSFFkNWlmTDBoYw [none]
[debug] [2026-02-16T01:55:29.200Z] [update-default-us-central1-processWeeklyResets] Retrying task index 0
[debug] [2026-02-16T01:55:29.200Z] Checked if tokens are valid: true, expires at: 1771210524661
[debug] [2026-02-16T01:55:29.200Z] Checked if tokens are valid: true, expires at: 1771210524661
[debug] [2026-02-16T01:55:29.200Z] >>> [apiv2][query] GET https://cloudfunctions.googleapis.com/v1/operations/cm9ja2V0LXByb21wdC91cy1jZW50cmFsMS9wcm9jZXNzV2Vla2x5UmVzZXRzL2Y1eEZXMUhGbC1z [none]
[debug] [2026-02-16T01:55:29.201Z] <<< [apiv2][status] GET https://cloudfunctions.googleapis.com/v2/projects/rocket-prompt/locations/us-central1/operations/operation-1771206926013-64ae73fa615b0-1080109a-a8262c3f 200
[debug] [2026-02-16T01:55:29.201Z] <<< [apiv2][body] GET https://cloudfunctions.googleapis.com/v2/projects/rocket-prompt/locations/us-central1/operations/operation-1771206926013-64ae73fa615b0-1080109a-a8262c3f {"name":"projects/rocket-prompt/locations/us-central1/operations/operation-1771206926013-64ae73fa615b0-1080109a-a8262c3f","metadata":{"@type":"type.googleapis.com/google.cloud.functions.v2.OperationMetadata","createTime":"2026-02-16T01:55:27.031705695Z","target":"projects/rocket-prompt/locations/us-central1/functions/initiateHeyGenVideo","verb":"update","cancelRequested":false,"apiVersion":"v2","requestResource":{"@type":"type.googleapis.com/google.cloud.functions.v2.Function","name":"projects/rocket-prompt/locations/us-central1/functions/initiateHeyGenVideo","buildConfig":{"runtime":"nodejs22","entryPoint":"initiateHeyGenVideo","source":{"storageSource":{"bucket":"gcf-v2-sources-169050684401-us-central1","object":"initiateHeyGenVideo/function-source.zip","generation":"1771206926949437"}},"environmentVariables":{"GOOGLE_NODE_RUN_SCRIPTS":""},"dockerRepository":"projects/rocket-prompt/locations/us-central1/repositories/gcf-artifacts","sourceProvenance":{"resolvedStorageSource":{"bucket":"gcf-v2-sources-169050684401-us-central1","object":"initiateHeyGenVideo/function-source.zip","generation":"1770913847451323"}},"dockerRegistry":"ARTIFACT_REGISTRY","serviceAccount":"projects/rocket-prompt/serviceAccounts/169050684401-compute@developer.gserviceaccount.com","automaticUpdatePolicy":{}},"serviceConfig":{"service":"projects/rocket-prompt/locations/us-central1/services/initiateheygenvideo","timeoutSeconds":60,"environmentVariables":{"GA_PROPERTY_ID":"G-6HCB340LRG","FIREBASE_CONFIG":"{\"projectId\":\"rocket-prompt\",\"storageBucket\":\"rocket-prompt.firebasestorage.app\"}","GCLOUD_PROJECT":"rocket-prompt","EVENTARC_CLOUD_EVENT_SOURCE":"projects/rocket-prompt/locations/us-central1/services/initiateHeyGenVideo","FUNCTION_TARGET":"initiateHeyGenVideo","LOG_EXECUTION_ID":"true"},"ingressSettings":"ALLOW_ALL","uri":"https://initiateheygenvideo-dqcmto3fqa-uc.a.run.app","serviceAccountEmail":"169050684401-compute@developer.gserviceaccount.com","availableMemory":"256Mi","allTrafficOnLatestRevision":true,"secretEnvironmentVariables":[{"key":"HEYGEN_API_KEY","projectId":"rocket-prompt","secret":"HEYGEN_API_KEY","version":"1"}],"revision":"initiateheygenvideo-00019-jug","maxInstanceRequestConcurrency":80,"availableCpu":"1"},"state":"ACTIVE","labels":{"deployment-tool":"cli-firebase","deployment-callable":"true","firebase-functions-hash":"620e194a4b43642976db4b0f2213df68c7f8e6c1"},"environment":"GEN_2","url":"https://us-central1-rocket-prompt.cloudfunctions.net/initiateHeyGenVideo","satisfiesPzi":true},"stages":[{"name":"BUILD","message":"Build in progress","state":"IN_PROGRESS","resource":"projects/169050684401/locations/us-central1/builds/9e44cf1f-1744-4066-a0e4-e265509b628e","resourceUri":"https://console.cloud.google.com/cloud-build/builds;region=us-central1/9e44cf1f-1744-4066-a0e4-e265509b628e?project=169050684401"},{"name":"SERVICE","state":"NOT_STARTED"}],"operationType":"UPDATE_FUNCTION","buildName":"projects/169050684401/locations/us-central1/builds/9e44cf1f-1744-4066-a0e4-e265509b628e"},"done":false}
[debug] [2026-02-16T01:55:29.208Z] [update-default-us-central1-deleteScheduledReminder] Retrying task index 0
[debug] [2026-02-16T01:55:29.209Z] Checked if tokens are valid: true, expires at: 1771210524661
[debug] [2026-02-16T01:55:29.209Z] Checked if tokens are valid: true, expires at: 1771210524661
[debug] [2026-02-16T01:55:29.209Z] >>> [apiv2][query] GET https://cloudfunctions.googleapis.com/v1/operations/cm9ja2V0LXByb21wdC91cy1jZW50cmFsMS9kZWxldGVTY2hlZHVsZWRSZW1pbmRlci9PZWEzMDU1WmdtUQ [none]
[debug] [2026-02-16T01:55:29.209Z] [update-default-us-central1-sendFanInviteEmail] Retrying task index 0
[debug] [2026-02-16T01:55:29.209Z] Checked if tokens are valid: true, expires at: 1771210524661
[debug] [2026-02-16T01:55:29.209Z] Checked if tokens are valid: true, expires at: 1771210524661
[debug] [2026-02-16T01:55:29.209Z] >>> [apiv2][query] GET https://cloudfunctions.googleapis.com/v1/operations/cm9ja2V0LXByb21wdC91cy1jZW50cmFsMS9zZW5kRmFuSW52aXRlRW1haWwvX3MtMzdKNUwzcUk [none]
[debug] [2026-02-16T01:55:29.214Z] [update-default-us-central1-createCheckoutSession] Retrying task index 0
[debug] [2026-02-16T01:55:29.214Z] Checked if tokens are valid: true, expires at: 1771210524661
[debug] [2026-02-16T01:55:29.214Z] Checked if tokens are valid: true, expires at: 1771210524661
[debug] [2026-02-16T01:55:29.214Z] >>> [apiv2][query] GET https://cloudfunctions.googleapis.com/v1/operations/cm9ja2V0LXByb21wdC91cy1jZW50cmFsMS9jcmVhdGVDaGVja291dFNlc3Npb24vdzlLNFJhdVdEU2M [none]
[debug] [2026-02-16T01:55:29.214Z] [update-default-us-central1-processAIPrompt] Retrying task index 0
[debug] [2026-02-16T01:55:29.214Z] Checked if tokens are valid: true, expires at: 1771210524661
[debug] [2026-02-16T01:55:29.214Z] Checked if tokens are valid: true, expires at: 1771210524661
[debug] [2026-02-16T01:55:29.214Z] >>> [apiv2][query] GET https://cloudfunctions.googleapis.com/v1/operations/cm9ja2V0LXByb21wdC91cy1jZW50cmFsMS9wcm9jZXNzQUlQcm9tcHQvT0V2MUVOYXpPOGc [none]
[debug] [2026-02-16T01:55:29.218Z] [update-default-us-central1-cancelSubscription] Retrying task index 0
[debug] [2026-02-16T01:55:29.218Z] Checked if tokens are valid: true, expires at: 1771210524661
[debug] [2026-02-16T01:55:29.218Z] Checked if tokens are valid: true, expires at: 1771210524661
[debug] [2026-02-16T01:55:29.218Z] >>> [apiv2][query] GET https://cloudfunctions.googleapis.com/v1/operations/cm9ja2V0LXByb21wdC91cy1jZW50cmFsMS9jYW5jZWxTdWJzY3JpcHRpb24vaXREdThuWkppUVE [none]
[debug] [2026-02-16T01:55:29.227Z] [update-default-us-central1-stripeWebhookRocketGoals] Retrying task index 0
[debug] [2026-02-16T01:55:29.228Z] Checked if tokens are valid: true, expires at: 1771210524661
[debug] [2026-02-16T01:55:29.228Z] Checked if tokens are valid: true, expires at: 1771210524661
[debug] [2026-02-16T01:55:29.228Z] >>> [apiv2][query] GET https://cloudfunctions.googleapis.com/v1/operations/cm9ja2V0LXByb21wdC91cy1jZW50cmFsMS9zdHJpcGVXZWJob29rUm9ja2V0R29hbHMvSWxURHhUMlc1Wnc [none]
[debug] [2026-02-16T01:55:29.233Z] [update-default-us-central1-sendWelcomeEmail] Retrying task index 0
[debug] [2026-02-16T01:55:29.233Z] Checked if tokens are valid: true, expires at: 1771210524661
[debug] [2026-02-16T01:55:29.233Z] Checked if tokens are valid: true, expires at: 1771210524661
[debug] [2026-02-16T01:55:29.233Z] >>> [apiv2][query] GET https://cloudfunctions.googleapis.com/v1/operations/cm9ja2V0LXByb21wdC91cy1jZW50cmFsMS9zZW5kV2VsY29tZUVtYWlsLzQzZFg3ZVJjT3Bz [none]
[debug] [2026-02-16T01:55:29.238Z] [update-default-us-central1-sendGoalCreatedEmail] Retrying task index 0
[debug] [2026-02-16T01:55:29.239Z] Checked if tokens are valid: true, expires at: 1771210524661
[debug] [2026-02-16T01:55:29.239Z] Checked if tokens are valid: true, expires at: 1771210524661
[debug] [2026-02-16T01:55:29.239Z] >>> [apiv2][query] GET https://cloudfunctions.googleapis.com/v1/operations/cm9ja2V0LXByb21wdC91cy1jZW50cmFsMS9zZW5kR29hbENyZWF0ZWRFbWFpbC9MZDV2cFJjOFBIVQ [none]
[debug] [2026-02-16T01:55:29.241Z] [update-default-us-central1-createBillingPortalSession] Retrying task index 0
[debug] [2026-02-16T01:55:29.241Z] Checked if tokens are valid: true, expires at: 1771210524661
[debug] [2026-02-16T01:55:29.241Z] Checked if tokens are valid: true, expires at: 1771210524661
[debug] [2026-02-16T01:55:29.241Z] >>> [apiv2][query] GET https://cloudfunctions.googleapis.com/v1/operations/cm9ja2V0LXByb21wdC91cy1jZW50cmFsMS9jcmVhdGVCaWxsaW5nUG9ydGFsU2Vzc2lvbi9URzgwQ1Q5bU5uUQ [none]
[debug] [2026-02-16T01:55:29.305Z] <<< [apiv2][status] GET https://cloudfunctions.googleapis.com/v1/operations/cm9ja2V0LXByb21wdC91cy1jZW50cmFsMS9zY2hlZHVsZURlbW9FbWFpbC9oSFFkNWlmTDBoYw 200
[debug] [2026-02-16T01:55:29.305Z] <<< [apiv2][body] GET https://cloudfunctions.googleapis.com/v1/operations/cm9ja2V0LXByb21wdC91cy1jZW50cmFsMS9zY2hlZHVsZURlbW9FbWFpbC9oSFFkNWlmTDBoYw {"name":"operations/cm9ja2V0LXByb21wdC91cy1jZW50cmFsMS9zY2hlZHVsZURlbW9FbWFpbC9oSFFkNWlmTDBoYw","metadata":{"@type":"type.googleapis.com/google.cloud.functions.v1.OperationMetadataV1","target":"projects/rocket-prompt/locations/us-central1/functions/scheduleDemoEmail","type":"UPDATE_FUNCTION","request":{"@type":"type.googleapis.com/google.cloud.functions.v1.CloudFunction","name":"projects/rocket-prompt/locations/us-central1/functions/scheduleDemoEmail","httpsTrigger":{"url":"https://us-central1-rocket-prompt.cloudfunctions.net/scheduleDemoEmail","securityLevel":"SECURE_ALWAYS"},"status":"ACTIVE","entryPoint":"scheduleDemoEmail","updateTime":"2026-02-12T16:31:05.637Z","versionId":"29","labels":{"deployment-tool":"cli-firebase","deployment-callable":"true","firebase-functions-hash":"618a15276845177c7983eb5c1f991571ba8e7902"},"sourceUploadUrl":"https://storage.googleapis.com/uploads-17286520875.us-central1.cloudfunctions.appspot.com/e6460765-ab51-4992-8a95-38410992706c.zip?GoogleAccessId=service-169050684401@gcf-admin-robot.iam.gserviceaccount.com&Expires=1771205456&Signature=bumF7EQ7rFtyeJ3xEAzgNFGiEFpLle9UqsdRYwFi0t5fl1Aa7zmD6aaG3vAC4diZrzMEy6bsk49SCZTyIbaZzoNttyeYaVldVMjZK%2FYu3xQHSADL%2B4iYcjrtzVrQfiTENDASn%2FNKAv8bMQGrxMtfZIQxtgUbcDDR8DXjZQlttdK9yX0lcTjVLUwgoOkbaLr1QPw%2BXo%2BoxpRZt2w3VSpq3qTJTyFV2PEojeOXsGWeWMlYkX5JYUcBhoU98%2FzdqgOT%2BKj0JZoQ8SzAI6ehg6jdlSjMDTuJwhiWDSoGIobrb5vYlLD9oQrX6ma6tQICF54ZUs%2Fg81VtemQply1bYpkJAg%3D%3D","environmentVariables":{"GA_PROPERTY_ID":"G-6HCB340LRG","FIREBASE_CONFIG":"{\"projectId\":\"rocket-prompt\",\"storageBucket\":\"rocket-prompt.firebasestorage.app\"}","GCLOUD_PROJECT":"rocket-prompt","EVENTARC_CLOUD_EVENT_SOURCE":"projects/rocket-prompt/locations/us-central1/functions/scheduleDemoEmail"},"runtime":"nodejs22","buildId":"db98ec2a-9c20-4155-bb86-0dcb1f2da107","buildEnvironmentVariables":{"GOOGLE_NODE_RUN_SCRIPTS":""},"secretEnvironmentVariables":[{"key":"SENDGRID_API_KEY","projectId":"rocket-prompt","secret":"SENDGRID_API_KEY","version":"3"}],"buildName":"projects/169050684401/locations/us-central1/builds/db98ec2a-9c20-4155-bb86-0dcb1f2da107","dockerRegistry":"ARTIFACT_REGISTRY","automaticUpdatePolicy":{},"buildServiceAccount":"projects/rocket-prompt/serviceAccounts/169050684401-compute@developer.gserviceaccount.com"},"versionId":"30","updateTime":"2026-02-16T01:55:28Z"},"done":true,"error":{"code":3,"message":"Failed to verify the provided Cloud Storage Signed URL"}}
[debug] [2026-02-16T01:55:29.305Z] Got source token undefined for region us-central1
[error] Failed to verify the provided Cloud Storage Signed URL
[debug] [2026-02-16T01:55:29.306Z] <<< [apiv2][status] GET https://cloudfunctions.googleapis.com/v1/operations/cm9ja2V0LXByb21wdC91cy1jZW50cmFsMS9zZW5kVGVzdEVtYWlsL0VHWDNkSFhnUmdF 200
[debug] [2026-02-16T01:55:29.306Z] <<< [apiv2][body] GET https://cloudfunctions.googleapis.com/v1/operations/cm9ja2V0LXByb21wdC91cy1jZW50cmFsMS9zZW5kVGVzdEVtYWlsL0VHWDNkSFhnUmdF {"name":"operations/cm9ja2V0LXByb21wdC91cy1jZW50cmFsMS9zZW5kVGVzdEVtYWlsL0VHWDNkSFhnUmdF","metadata":{"@type":"type.googleapis.com/google.cloud.functions.v1.OperationMetadataV1","target":"projects/rocket-prompt/locations/us-central1/functions/sendTestEmail","type":"UPDATE_FUNCTION","request":{"@type":"type.googleapis.com/google.cloud.functions.v1.CloudFunction","name":"projects/rocket-prompt/locations/us-central1/functions/sendTestEmail","httpsTrigger":{"url":"https://us-central1-rocket-prompt.cloudfunctions.net/sendTestEmail","securityLevel":"SECURE_ALWAYS"},"status":"ACTIVE","entryPoint":"sendTestEmail","updateTime":"2026-02-12T16:31:05.937Z","versionId":"71","labels":{"deployment-tool":"cli-firebase","deployment-callable":"true","firebase-functions-hash":"618a15276845177c7983eb5c1f991571ba8e7902"},"sourceUploadUrl":"https://storage.googleapis.com/uploads-17286520875.us-central1.cloudfunctions.appspot.com/e6460765-ab51-4992-8a95-38410992706c.zip?GoogleAccessId=service-169050684401@gcf-admin-robot.iam.gserviceaccount.com&Expires=1771205456&Signature=bumF7EQ7rFtyeJ3xEAzgNFGiEFpLle9UqsdRYwFi0t5fl1Aa7zmD6aaG3vAC4diZrzMEy6bsk49SCZTyIbaZzoNttyeYaVldVMjZK%2FYu3xQHSADL%2B4iYcjrtzVrQfiTENDASn%2FNKAv8bMQGrxMtfZIQxtgUbcDDR8DXjZQlttdK9yX0lcTjVLUwgoOkbaLr1QPw%2BXo%2BoxpRZt2w3VSpq3qTJTyFV2PEojeOXsGWeWMlYkX5JYUcBhoU98%2FzdqgOT%2BKj0JZoQ8SzAI6ehg6jdlSjMDTuJwhiWDSoGIobrb5vYlLD9oQrX6ma6tQICF54ZUs%2Fg81VtemQply1bYpkJAg%3D%3D","environmentVariables":{"GA_PROPERTY_ID":"G-6HCB340LRG","FIREBASE_CONFIG":"{\"projectId\":\"rocket-prompt\",\"storageBucket\":\"rocket-prompt.firebasestorage.app\"}","GCLOUD_PROJECT":"rocket-prompt","EVENTARC_CLOUD_EVENT_SOURCE":"projects/rocket-prompt/locations/us-central1/functions/sendTestEmail"},"runtime":"nodejs22","buildId":"db98ec2a-9c20-4155-bb86-0dcb1f2da107","buildEnvironmentVariables":{"GOOGLE_NODE_RUN_SCRIPTS":""},"secretEnvironmentVariables":[{"key":"SENDGRID_API_KEY","projectId":"rocket-prompt","secret":"SENDGRID_API_KEY","version":"3"}],"buildName":"projects/169050684401/locations/us-central1/builds/db98ec2a-9c20-4155-bb86-0dcb1f2da107","dockerRegistry":"ARTIFACT_REGISTRY","automaticUpdatePolicy":{},"buildServiceAccount":"projects/rocket-prompt/serviceAccounts/169050684401-compute@developer.gserviceaccount.com"},"versionId":"72","updateTime":"2026-02-16T01:55:28Z"},"done":true,"error":{"code":3,"message":"Failed to verify the provided Cloud Storage Signed URL"}}
[debug] [2026-02-16T01:55:29.306Z] Got source token undefined for region us-central1
[error] Failed to verify the provided Cloud Storage Signed URL
[debug] [2026-02-16T01:55:29.306Z] <<< [apiv2][status] GET https://cloudfunctions.googleapis.com/v1/operations/cm9ja2V0LXByb21wdC91cy1jZW50cmFsMS9wcm9jZXNzV2Vla2x5UmVzZXRzL2Y1eEZXMUhGbC1z 200
[debug] [2026-02-16T01:55:29.306Z] <<< [apiv2][body] GET https://cloudfunctions.googleapis.com/v1/operations/cm9ja2V0LXByb21wdC91cy1jZW50cmFsMS9wcm9jZXNzV2Vla2x5UmVzZXRzL2Y1eEZXMUhGbC1z {"name":"operations/cm9ja2V0LXByb21wdC91cy1jZW50cmFsMS9wcm9jZXNzV2Vla2x5UmVzZXRzL2Y1eEZXMUhGbC1z","metadata":{"@type":"type.googleapis.com/google.cloud.functions.v1.OperationMetadataV1","target":"projects/rocket-prompt/locations/us-central1/functions/processWeeklyResets","type":"UPDATE_FUNCTION","request":{"@type":"type.googleapis.com/google.cloud.functions.v1.CloudFunction","name":"projects/rocket-prompt/locations/us-central1/functions/processWeeklyResets","eventTrigger":{"eventType":"google.pubsub.topic.publish","resource":"projects/rocket-prompt/topics/firebase-schedule-processWeeklyResets-us-central1","service":"pubsub.googleapis.com","failurePolicy":{}},"status":"ACTIVE","entryPoint":"processWeeklyResets","timeout":"540s","availableMemoryMb":512,"updateTime":"2026-02-12T16:31:20.023Z","versionId":"15","labels":{"deployment-tool":"cli-firebase","deployment-scheduled":"true","firebase-functions-hash":"618a15276845177c7983eb5c1f991571ba8e7902"},"sourceUploadUrl":"https://storage.googleapis.com/uploads-17286520875.us-central1.cloudfunctions.appspot.com/e6460765-ab51-4992-8a95-38410992706c.zip?GoogleAccessId=service-169050684401@gcf-admin-robot.iam.gserviceaccount.com&Expires=1771205456&Signature=bumF7EQ7rFtyeJ3xEAzgNFGiEFpLle9UqsdRYwFi0t5fl1Aa7zmD6aaG3vAC4diZrzMEy6bsk49SCZTyIbaZzoNttyeYaVldVMjZK%2FYu3xQHSADL%2B4iYcjrtzVrQfiTENDASn%2FNKAv8bMQGrxMtfZIQxtgUbcDDR8DXjZQlttdK9yX0lcTjVLUwgoOkbaLr1QPw%2BXo%2BoxpRZt2w3VSpq3qTJTyFV2PEojeOXsGWeWMlYkX5JYUcBhoU98%2FzdqgOT%2BKj0JZoQ8SzAI6ehg6jdlSjMDTuJwhiWDSoGIobrb5vYlLD9oQrX6ma6tQICF54ZUs%2Fg81VtemQply1bYpkJAg%3D%3D","environmentVariables":{"GA_PROPERTY_ID":"G-6HCB340LRG","FIREBASE_CONFIG":"{\"projectId\":\"rocket-prompt\",\"storageBucket\":\"rocket-prompt.firebasestorage.app\"}","GCLOUD_PROJECT":"rocket-prompt","EVENTARC_CLOUD_EVENT_SOURCE":"projects/rocket-prompt/locations/us-central1/functions/processWeeklyResets"},"runtime":"nodejs22","buildId":"143cbe67-682a-4ca1-85c0-3897bd88aa23","buildEnvironmentVariables":{"GOOGLE_NODE_RUN_SCRIPTS":""},"secretEnvironmentVariables":[{"key":"SENDGRID_API_KEY","projectId":"rocket-prompt","secret":"SENDGRID_API_KEY","version":"3"}],"buildName":"projects/169050684401/locations/us-central1/builds/143cbe67-682a-4ca1-85c0-3897bd88aa23","dockerRegistry":"ARTIFACT_REGISTRY","automaticUpdatePolicy":{},"buildServiceAccount":"projects/rocket-prompt/serviceAccounts/169050684401-compute@developer.gserviceaccount.com"},"versionId":"16","updateTime":"2026-02-16T01:55:28Z"},"done":true,"error":{"code":3,"message":"Failed to verify the provided Cloud Storage Signed URL"}}
[debug] [2026-02-16T01:55:29.306Z] Got source token undefined for region us-central1
[error] Failed to verify the provided Cloud Storage Signed URL
[debug] [2026-02-16T01:55:29.312Z] <<< [apiv2][status] GET https://cloudfunctions.googleapis.com/v1/operations/cm9ja2V0LXByb21wdC91cy1jZW50cmFsMS9wcm9jZXNzQUlQcm9tcHQvT0V2MUVOYXpPOGc 200
[debug] [2026-02-16T01:55:29.313Z] <<< [apiv2][body] GET https://cloudfunctions.googleapis.com/v1/operations/cm9ja2V0LXByb21wdC91cy1jZW50cmFsMS9wcm9jZXNzQUlQcm9tcHQvT0V2MUVOYXpPOGc {"name":"operations/cm9ja2V0LXByb21wdC91cy1jZW50cmFsMS9wcm9jZXNzQUlQcm9tcHQvT0V2MUVOYXpPOGc","metadata":{"@type":"type.googleapis.com/google.cloud.functions.v1.OperationMetadataV1","target":"projects/rocket-prompt/locations/us-central1/functions/processAIPrompt","type":"UPDATE_FUNCTION","request":{"@type":"type.googleapis.com/google.cloud.functions.v1.CloudFunction","name":"projects/rocket-prompt/locations/us-central1/functions/processAIPrompt","eventTrigger":{"eventType":"providers/cloud.firestore/eventTypes/document.create","resource":"projects/rocket-prompt/databases/(default)/documents/public/{documentId}","service":"firestore.googleapis.com"},"status":"ACTIVE","entryPoint":"processAIPrompt","updateTime":"2026-02-12T16:31:01.309Z","versionId":"70","labels":{"deployment-tool":"cli-firebase","firebase-functions-hash":"8cccf774767a1e841527f76f60f6384852585d79"},"sourceUploadUrl":"https://storage.googleapis.com/uploads-17286520875.us-central1.cloudfunctions.appspot.com/e6460765-ab51-4992-8a95-38410992706c.zip?GoogleAccessId=service-169050684401@gcf-admin-robot.iam.gserviceaccount.com&Expires=1771205456&Signature=bumF7EQ7rFtyeJ3xEAzgNFGiEFpLle9UqsdRYwFi0t5fl1Aa7zmD6aaG3vAC4diZrzMEy6bsk49SCZTyIbaZzoNttyeYaVldVMjZK%2FYu3xQHSADL%2B4iYcjrtzVrQfiTENDASn%2FNKAv8bMQGrxMtfZIQxtgUbcDDR8DXjZQlttdK9yX0lcTjVLUwgoOkbaLr1QPw%2BXo%2BoxpRZt2w3VSpq3qTJTyFV2PEojeOXsGWeWMlYkX5JYUcBhoU98%2FzdqgOT%2BKj0JZoQ8SzAI6ehg6jdlSjMDTuJwhiWDSoGIobrb5vYlLD9oQrX6ma6tQICF54ZUs%2Fg81VtemQply1bYpkJAg%3D%3D","environmentVariables":{"GA_PROPERTY_ID":"G-6HCB340LRG","FIREBASE_CONFIG":"{\"projectId\":\"rocket-prompt\",\"storageBucket\":\"rocket-prompt.firebasestorage.app\"}","GCLOUD_PROJECT":"rocket-prompt","EVENTARC_CLOUD_EVENT_SOURCE":"projects/rocket-prompt/locations/us-central1/functions/processAIPrompt"},"runtime":"nodejs22","buildId":"db98ec2a-9c20-4155-bb86-0dcb1f2da107","buildEnvironmentVariables":{"GOOGLE_NODE_RUN_SCRIPTS":""},"secretEnvironmentVariables":[{"key":"GEMINI_API_KEY","projectId":"rocket-prompt","secret":"GEMINI_API_KEY","version":"3"}],"buildName":"projects/169050684401/locations/us-central1/builds/db98ec2a-9c20-4155-bb86-0dcb1f2da107","dockerRegistry":"ARTIFACT_REGISTRY","automaticUpdatePolicy":{},"buildServiceAccount":"projects/rocket-prompt/serviceAccounts/169050684401-compute@developer.gserviceaccount.com"},"versionId":"71","updateTime":"2026-02-16T01:55:28Z"},"done":true,"error":{"code":3,"message":"Failed to verify the provided Cloud Storage Signed URL"}}
[debug] [2026-02-16T01:55:29.313Z] Got source token undefined for region us-central1
[error] Failed to verify the provided Cloud Storage Signed URL
[debug] [2026-02-16T01:55:29.315Z] <<< [apiv2][status] GET https://cloudfunctions.googleapis.com/v1/operations/cm9ja2V0LXByb21wdC91cy1jZW50cmFsMS9zZW5kRmFuSW52aXRlRW1haWwvX3MtMzdKNUwzcUk 200
[debug] [2026-02-16T01:55:29.315Z] <<< [apiv2][body] GET https://cloudfunctions.googleapis.com/v1/operations/cm9ja2V0LXByb21wdC91cy1jZW50cmFsMS9zZW5kRmFuSW52aXRlRW1haWwvX3MtMzdKNUwzcUk {"name":"operations/cm9ja2V0LXByb21wdC91cy1jZW50cmFsMS9zZW5kRmFuSW52aXRlRW1haWwvX3MtMzdKNUwzcUk","metadata":{"@type":"type.googleapis.com/google.cloud.functions.v1.OperationMetadataV1","target":"projects/rocket-prompt/locations/us-central1/functions/sendFanInviteEmail","type":"UPDATE_FUNCTION","request":{"@type":"type.googleapis.com/google.cloud.functions.v1.CloudFunction","name":"projects/rocket-prompt/locations/us-central1/functions/sendFanInviteEmail","httpsTrigger":{"url":"https://us-central1-rocket-prompt.cloudfunctions.net/sendFanInviteEmail","securityLevel":"SECURE_ALWAYS"},"status":"ACTIVE","entryPoint":"sendFanInviteEmail","updateTime":"2026-02-12T16:30:53.303Z","versionId":"29","labels":{"deployment-tool":"cli-firebase","deployment-callable":"true","firebase-functions-hash":"618a15276845177c7983eb5c1f991571ba8e7902"},"sourceUploadUrl":"https://storage.googleapis.com/uploads-17286520875.us-central1.cloudfunctions.appspot.com/e6460765-ab51-4992-8a95-38410992706c.zip?GoogleAccessId=service-169050684401@gcf-admin-robot.iam.gserviceaccount.com&Expires=1771205456&Signature=bumF7EQ7rFtyeJ3xEAzgNFGiEFpLle9UqsdRYwFi0t5fl1Aa7zmD6aaG3vAC4diZrzMEy6bsk49SCZTyIbaZzoNttyeYaVldVMjZK%2FYu3xQHSADL%2B4iYcjrtzVrQfiTENDASn%2FNKAv8bMQGrxMtfZIQxtgUbcDDR8DXjZQlttdK9yX0lcTjVLUwgoOkbaLr1QPw%2BXo%2BoxpRZt2w3VSpq3qTJTyFV2PEojeOXsGWeWMlYkX5JYUcBhoU98%2FzdqgOT%2BKj0JZoQ8SzAI6ehg6jdlSjMDTuJwhiWDSoGIobrb5vYlLD9oQrX6ma6tQICF54ZUs%2Fg81VtemQply1bYpkJAg%3D%3D","environmentVariables":{"GA_PROPERTY_ID":"G-6HCB340LRG","FIREBASE_CONFIG":"{\"projectId\":\"rocket-prompt\",\"storageBucket\":\"rocket-prompt.firebasestorage.app\"}","GCLOUD_PROJECT":"rocket-prompt","EVENTARC_CLOUD_EVENT_SOURCE":"projects/rocket-prompt/locations/us-central1/functions/sendFanInviteEmail"},"runtime":"nodejs22","buildId":"db98ec2a-9c20-4155-bb86-0dcb1f2da107","buildEnvironmentVariables":{"GOOGLE_NODE_RUN_SCRIPTS":""},"secretEnvironmentVariables":[{"key":"SENDGRID_API_KEY","projectId":"rocket-prompt","secret":"SENDGRID_API_KEY","version":"3"}],"buildName":"projects/169050684401/locations/us-central1/builds/db98ec2a-9c20-4155-bb86-0dcb1f2da107","dockerRegistry":"ARTIFACT_REGISTRY","automaticUpdatePolicy":{},"buildServiceAccount":"projects/rocket-prompt/serviceAccounts/169050684401-compute@developer.gserviceaccount.com"},"versionId":"30","updateTime":"2026-02-16T01:55:28Z"},"done":true,"error":{"code":3,"message":"Failed to verify the provided Cloud Storage Signed URL"}}
[debug] [2026-02-16T01:55:29.315Z] Got source token undefined for region us-central1
[error] Failed to verify the provided Cloud Storage Signed URL
[debug] [2026-02-16T01:55:29.318Z] <<< [apiv2][status] GET https://cloudfunctions.googleapis.com/v1/operations/cm9ja2V0LXByb21wdC91cy1jZW50cmFsMS9zdHJpcGVXZWJob29rUm9ja2V0R29hbHMvSWxURHhUMlc1Wnc 200
[debug] [2026-02-16T01:55:29.318Z] <<< [apiv2][body] GET https://cloudfunctions.googleapis.com/v1/operations/cm9ja2V0LXByb21wdC91cy1jZW50cmFsMS9zdHJpcGVXZWJob29rUm9ja2V0R29hbHMvSWxURHhUMlc1Wnc {"name":"operations/cm9ja2V0LXByb21wdC91cy1jZW50cmFsMS9zdHJpcGVXZWJob29rUm9ja2V0R29hbHMvSWxURHhUMlc1Wnc","metadata":{"@type":"type.googleapis.com/google.cloud.functions.v1.OperationMetadataV1","target":"projects/rocket-prompt/locations/us-central1/functions/stripeWebhookRocketGoals","type":"UPDATE_FUNCTION","request":{"@type":"type.googleapis.com/google.cloud.functions.v1.CloudFunction","name":"projects/rocket-prompt/locations/us-central1/functions/stripeWebhookRocketGoals","httpsTrigger":{"url":"https://us-central1-rocket-prompt.cloudfunctions.net/stripeWebhookRocketGoals","securityLevel":"SECURE_ALWAYS"},"status":"ACTIVE","entryPoint":"stripeWebhookRocketGoals","updateTime":"2026-02-12T16:30:55.632Z","versionId":"39","labels":{"deployment-tool":"cli-firebase","firebase-functions-hash":"a3ddf38ce16b4251110999bbf7e25664ba4b1bfb"},"sourceUploadUrl":"https://storage.googleapis.com/uploads-17286520875.us-central1.cloudfunctions.appspot.com/e6460765-ab51-4992-8a95-38410992706c.zip?GoogleAccessId=service-169050684401@gcf-admin-robot.iam.gserviceaccount.com&Expires=1771205456&Signature=bumF7EQ7rFtyeJ3xEAzgNFGiEFpLle9UqsdRYwFi0t5fl1Aa7zmD6aaG3vAC4diZrzMEy6bsk49SCZTyIbaZzoNttyeYaVldVMjZK%2FYu3xQHSADL%2B4iYcjrtzVrQfiTENDASn%2FNKAv8bMQGrxMtfZIQxtgUbcDDR8DXjZQlttdK9yX0lcTjVLUwgoOkbaLr1QPw%2BXo%2BoxpRZt2w3VSpq3qTJTyFV2PEojeOXsGWeWMlYkX5JYUcBhoU98%2FzdqgOT%2BKj0JZoQ8SzAI6ehg6jdlSjMDTuJwhiWDSoGIobrb5vYlLD9oQrX6ma6tQICF54ZUs%2Fg81VtemQply1bYpkJAg%3D%3D","environmentVariables":{"GA_PROPERTY_ID":"G-6HCB340LRG","FIREBASE_CONFIG":"{\"projectId\":\"rocket-prompt\",\"storageBucket\":\"rocket-prompt.firebasestorage.app\"}","GCLOUD_PROJECT":"rocket-prompt","EVENTARC_CLOUD_EVENT_SOURCE":"projects/rocket-prompt/locations/us-central1/functions/stripeWebhookRocketGoals"},"runtime":"nodejs22","buildId":"db98ec2a-9c20-4155-bb86-0dcb1f2da107","buildEnvironmentVariables":{"GOOGLE_NODE_RUN_SCRIPTS":""},"secretEnvironmentVariables":[{"key":"STRIPE_WEBHOOK_SECRET_GOALS","projectId":"rocket-prompt","secret":"STRIPE_WEBHOOK_SECRET_GOALS","version":"1"}],"buildName":"projects/169050684401/locations/us-central1/builds/db98ec2a-9c20-4155-bb86-0dcb1f2da107","dockerRegistry":"ARTIFACT_REGISTRY","automaticUpdatePolicy":{},"buildServiceAccount":"projects/rocket-prompt/serviceAccounts/169050684401-compute@developer.gserviceaccount.com"},"versionId":"40","updateTime":"2026-02-16T01:55:28Z"},"done":true,"error":{"code":3,"message":"Failed to verify the provided Cloud Storage Signed URL"}}
[debug] [2026-02-16T01:55:29.318Z] Got source token undefined for region us-central1
[error] Failed to verify the provided Cloud Storage Signed URL
[debug] [2026-02-16T01:55:29.318Z] <<< [apiv2][status] GET https://cloudfunctions.googleapis.com/v1/operations/cm9ja2V0LXByb21wdC91cy1jZW50cmFsMS9jcmVhdGVDaGVja291dFNlc3Npb24vdzlLNFJhdVdEU2M 200
[debug] [2026-02-16T01:55:29.318Z] <<< [apiv2][body] GET https://cloudfunctions.googleapis.com/v1/operations/cm9ja2V0LXByb21wdC91cy1jZW50cmFsMS9jcmVhdGVDaGVja291dFNlc3Npb24vdzlLNFJhdVdEU2M {"name":"operations/cm9ja2V0LXByb21wdC91cy1jZW50cmFsMS9jcmVhdGVDaGVja291dFNlc3Npb24vdzlLNFJhdVdEU2M","metadata":{"@type":"type.googleapis.com/google.cloud.functions.v1.OperationMetadataV1","target":"projects/rocket-prompt/locations/us-central1/functions/createCheckoutSession","type":"UPDATE_FUNCTION","request":{"@type":"type.googleapis.com/google.cloud.functions.v1.CloudFunction","name":"projects/rocket-prompt/locations/us-central1/functions/createCheckoutSession","httpsTrigger":{"url":"https://us-central1-rocket-prompt.cloudfunctions.net/createCheckoutSession","securityLevel":"SECURE_ALWAYS"},"status":"ACTIVE","entryPoint":"createCheckoutSession","updateTime":"2026-02-12T16:31:01.071Z","versionId":"55","labels":{"deployment-tool":"cli-firebase","deployment-callable":"true","firebase-functions-hash":"2b734fd2536973b9b7ef964d880b2d948f20adbd"},"sourceUploadUrl":"https://storage.googleapis.com/uploads-17286520875.us-central1.cloudfunctions.appspot.com/e6460765-ab51-4992-8a95-38410992706c.zip?GoogleAccessId=service-169050684401@gcf-admin-robot.iam.gserviceaccount.com&Expires=1771205456&Signature=bumF7EQ7rFtyeJ3xEAzgNFGiEFpLle9UqsdRYwFi0t5fl1Aa7zmD6aaG3vAC4diZrzMEy6bsk49SCZTyIbaZzoNttyeYaVldVMjZK%2FYu3xQHSADL%2B4iYcjrtzVrQfiTENDASn%2FNKAv8bMQGrxMtfZIQxtgUbcDDR8DXjZQlttdK9yX0lcTjVLUwgoOkbaLr1QPw%2BXo%2BoxpRZt2w3VSpq3qTJTyFV2PEojeOXsGWeWMlYkX5JYUcBhoU98%2FzdqgOT%2BKj0JZoQ8SzAI6ehg6jdlSjMDTuJwhiWDSoGIobrb5vYlLD9oQrX6ma6tQICF54ZUs%2Fg81VtemQply1bYpkJAg%3D%3D","environmentVariables":{"GA_PROPERTY_ID":"G-6HCB340LRG","FIREBASE_CONFIG":"{\"projectId\":\"rocket-prompt\",\"storageBucket\":\"rocket-prompt.firebasestorage.app\"}","GCLOUD_PROJECT":"rocket-prompt","EVENTARC_CLOUD_EVENT_SOURCE":"projects/rocket-prompt/locations/us-central1/functions/createCheckoutSession"},"runtime":"nodejs22","buildId":"db98ec2a-9c20-4155-bb86-0dcb1f2da107","buildEnvironmentVariables":{"GOOGLE_NODE_RUN_SCRIPTS":""},"secretEnvironmentVariables":[{"key":"STRIPE_SECRET_KEY","projectId":"rocket-prompt","secret":"STRIPE_SECRET_KEY","version":"2"}],"buildName":"projects/169050684401/locations/us-central1/builds/db98ec2a-9c20-4155-bb86-0dcb1f2da107","dockerRegistry":"ARTIFACT_REGISTRY","automaticUpdatePolicy":{},"buildServiceAccount":"projects/rocket-prompt/serviceAccounts/169050684401-compute@developer.gserviceaccount.com"},"versionId":"56","updateTime":"2026-02-16T01:55:28Z"},"done":true,"error":{"code":3,"message":"Failed to verify the provided Cloud Storage Signed URL"}}
[debug] [2026-02-16T01:55:29.318Z] Got source token undefined for region us-central1
[error] Failed to verify the provided Cloud Storage Signed URL
[debug] [2026-02-16T01:55:29.321Z] <<< [apiv2][status] GET https://cloudfunctions.googleapis.com/v1/operations/cm9ja2V0LXByb21wdC91cy1jZW50cmFsMS9jYW5jZWxTdWJzY3JpcHRpb24vaXREdThuWkppUVE 200
[debug] [2026-02-16T01:55:29.321Z] <<< [apiv2][body] GET https://cloudfunctions.googleapis.com/v1/operations/cm9ja2V0LXByb21wdC91cy1jZW50cmFsMS9jYW5jZWxTdWJzY3JpcHRpb24vaXREdThuWkppUVE {"name":"operations/cm9ja2V0LXByb21wdC91cy1jZW50cmFsMS9jYW5jZWxTdWJzY3JpcHRpb24vaXREdThuWkppUVE","metadata":{"@type":"type.googleapis.com/google.cloud.functions.v1.OperationMetadataV1","target":"projects/rocket-prompt/locations/us-central1/functions/cancelSubscription","type":"UPDATE_FUNCTION","request":{"@type":"type.googleapis.com/google.cloud.functions.v1.CloudFunction","name":"projects/rocket-prompt/locations/us-central1/functions/cancelSubscription","httpsTrigger":{"url":"https://us-central1-rocket-prompt.cloudfunctions.net/cancelSubscription","securityLevel":"SECURE_ALWAYS"},"status":"ACTIVE","entryPoint":"cancelSubscription","updateTime":"2026-02-12T16:30:54.155Z","versionId":"37","labels":{"deployment-tool":"cli-firebase","deployment-callable":"true","firebase-functions-hash":"2b734fd2536973b9b7ef964d880b2d948f20adbd"},"sourceUploadUrl":"https://storage.googleapis.com/uploads-17286520875.us-central1.cloudfunctions.appspot.com/e6460765-ab51-4992-8a95-38410992706c.zip?GoogleAccessId=service-169050684401@gcf-admin-robot.iam.gserviceaccount.com&Expires=1771205456&Signature=bumF7EQ7rFtyeJ3xEAzgNFGiEFpLle9UqsdRYwFi0t5fl1Aa7zmD6aaG3vAC4diZrzMEy6bsk49SCZTyIbaZzoNttyeYaVldVMjZK%2FYu3xQHSADL%2B4iYcjrtzVrQfiTENDASn%2FNKAv8bMQGrxMtfZIQxtgUbcDDR8DXjZQlttdK9yX0lcTjVLUwgoOkbaLr1QPw%2BXo%2BoxpRZt2w3VSpq3qTJTyFV2PEojeOXsGWeWMlYkX5JYUcBhoU98%2FzdqgOT%2BKj0JZoQ8SzAI6ehg6jdlSjMDTuJwhiWDSoGIobrb5vYlLD9oQrX6ma6tQICF54ZUs%2Fg81VtemQply1bYpkJAg%3D%3D","environmentVariables":{"GA_PROPERTY_ID":"G-6HCB340LRG","FIREBASE_CONFIG":"{\"projectId\":\"rocket-prompt\",\"storageBucket\":\"rocket-prompt.firebasestorage.app\"}","GCLOUD_PROJECT":"rocket-prompt","EVENTARC_CLOUD_EVENT_SOURCE":"projects/rocket-prompt/locations/us-central1/functions/cancelSubscription"},"runtime":"nodejs22","buildId":"db98ec2a-9c20-4155-bb86-0dcb1f2da107","buildEnvironmentVariables":{"GOOGLE_NODE_RUN_SCRIPTS":""},"secretEnvironmentVariables":[{"key":"STRIPE_SECRET_KEY","projectId":"rocket-prompt","secret":"STRIPE_SECRET_KEY","version":"2"}],"buildName":"projects/169050684401/locations/us-central1/builds/db98ec2a-9c20-4155-bb86-0dcb1f2da107","dockerRegistry":"ARTIFACT_REGISTRY","automaticUpdatePolicy":{},"buildServiceAccount":"projects/rocket-prompt/serviceAccounts/169050684401-compute@developer.gserviceaccount.com"},"versionId":"38","updateTime":"2026-02-16T01:55:28Z"},"done":true,"error":{"code":3,"message":"Failed to verify the provided Cloud Storage Signed URL"}}
[debug] [2026-02-16T01:55:29.321Z] Got source token undefined for region us-central1
[error] Failed to verify the provided Cloud Storage Signed URL
[debug] [2026-02-16T01:55:29.332Z] <<< [apiv2][status] GET https://cloudfunctions.googleapis.com/v1/operations/cm9ja2V0LXByb21wdC91cy1jZW50cmFsMS9kZWxldGVTY2hlZHVsZWRSZW1pbmRlci9PZWEzMDU1WmdtUQ 200
[debug] [2026-02-16T01:55:29.332Z] <<< [apiv2][body] GET https://cloudfunctions.googleapis.com/v1/operations/cm9ja2V0LXByb21wdC91cy1jZW50cmFsMS9kZWxldGVTY2hlZHVsZWRSZW1pbmRlci9PZWEzMDU1WmdtUQ {"name":"operations/cm9ja2V0LXByb21wdC91cy1jZW50cmFsMS9kZWxldGVTY2hlZHVsZWRSZW1pbmRlci9PZWEzMDU1WmdtUQ","metadata":{"@type":"type.googleapis.com/google.cloud.functions.v1.OperationMetadataV1","target":"projects/rocket-prompt/locations/us-central1/functions/deleteScheduledReminder","type":"UPDATE_FUNCTION","request":{"@type":"type.googleapis.com/google.cloud.functions.v1.CloudFunction","name":"projects/rocket-prompt/locations/us-central1/functions/deleteScheduledReminder","httpsTrigger":{"url":"https://us-central1-rocket-prompt.cloudfunctions.net/deleteScheduledReminder","securityLevel":"SECURE_ALWAYS"},"status":"ACTIVE","entryPoint":"deleteScheduledReminder","updateTime":"2026-02-12T16:31:00.941Z","versionId":"28","labels":{"deployment-tool":"cli-firebase","deployment-callable":"true","firebase-functions-hash":"41bc74008db6748b3d763b884d070ba33406658c"},"sourceUploadUrl":"https://storage.googleapis.com/uploads-17286520875.us-central1.cloudfunctions.appspot.com/e6460765-ab51-4992-8a95-38410992706c.zip?GoogleAccessId=service-169050684401@gcf-admin-robot.iam.gserviceaccount.com&Expires=1771205456&Signature=bumF7EQ7rFtyeJ3xEAzgNFGiEFpLle9UqsdRYwFi0t5fl1Aa7zmD6aaG3vAC4diZrzMEy6bsk49SCZTyIbaZzoNttyeYaVldVMjZK%2FYu3xQHSADL%2B4iYcjrtzVrQfiTENDASn%2FNKAv8bMQGrxMtfZIQxtgUbcDDR8DXjZQlttdK9yX0lcTjVLUwgoOkbaLr1QPw%2BXo%2BoxpRZt2w3VSpq3qTJTyFV2PEojeOXsGWeWMlYkX5JYUcBhoU98%2FzdqgOT%2BKj0JZoQ8SzAI6ehg6jdlSjMDTuJwhiWDSoGIobrb5vYlLD9oQrX6ma6tQICF54ZUs%2Fg81VtemQply1bYpkJAg%3D%3D","environmentVariables":{"GA_PROPERTY_ID":"G-6HCB340LRG","FIREBASE_CONFIG":"{\"projectId\":\"rocket-prompt\",\"storageBucket\":\"rocket-prompt.firebasestorage.app\"}","GCLOUD_PROJECT":"rocket-prompt","EVENTARC_CLOUD_EVENT_SOURCE":"projects/rocket-prompt/locations/us-central1/functions/deleteScheduledReminder"},"runtime":"nodejs22","buildId":"db98ec2a-9c20-4155-bb86-0dcb1f2da107","buildEnvironmentVariables":{"GOOGLE_NODE_RUN_SCRIPTS":""},"buildName":"projects/169050684401/locations/us-central1/builds/db98ec2a-9c20-4155-bb86-0dcb1f2da107","dockerRegistry":"ARTIFACT_REGISTRY","automaticUpdatePolicy":{},"buildServiceAccount":"projects/rocket-prompt/serviceAccounts/169050684401-compute@developer.gserviceaccount.com"},"versionId":"29","updateTime":"2026-02-16T01:55:28Z"},"done":true,"error":{"code":3,"message":"Failed to verify the provided Cloud Storage Signed URL"}}
[debug] [2026-02-16T01:55:29.332Z] Got source token undefined for region us-central1
[error] Failed to verify the provided Cloud Storage Signed URL
[debug] [2026-02-16T01:55:29.333Z] <<< [apiv2][status] GET https://cloudfunctions.googleapis.com/v1/operations/cm9ja2V0LXByb21wdC91cy1jZW50cmFsMS9zZW5kV2VsY29tZUVtYWlsLzQzZFg3ZVJjT3Bz 200
[debug] [2026-02-16T01:55:29.333Z] <<< [apiv2][body] GET https://cloudfunctions.googleapis.com/v1/operations/cm9ja2V0LXByb21wdC91cy1jZW50cmFsMS9zZW5kV2VsY29tZUVtYWlsLzQzZFg3ZVJjT3Bz {"name":"operations/cm9ja2V0LXByb21wdC91cy1jZW50cmFsMS9zZW5kV2VsY29tZUVtYWlsLzQzZFg3ZVJjT3Bz","metadata":{"@type":"type.googleapis.com/google.cloud.functions.v1.OperationMetadataV1","target":"projects/rocket-prompt/locations/us-central1/functions/sendWelcomeEmail","type":"UPDATE_FUNCTION","request":{"@type":"type.googleapis.com/google.cloud.functions.v1.CloudFunction","name":"projects/rocket-prompt/locations/us-central1/functions/sendWelcomeEmail","httpsTrigger":{"url":"https://us-central1-rocket-prompt.cloudfunctions.net/sendWelcomeEmail","securityLevel":"SECURE_ALWAYS"},"status":"ACTIVE","entryPoint":"sendWelcomeEmail","updateTime":"2026-02-12T16:30:58.551Z","versionId":"12","labels":{"deployment-tool":"cli-firebase","deployment-callable":"true","firebase-functions-hash":"618a15276845177c7983eb5c1f991571ba8e7902"},"sourceUploadUrl":"https://storage.googleapis.com/uploads-17286520875.us-central1.cloudfunctions.appspot.com/e6460765-ab51-4992-8a95-38410992706c.zip?GoogleAccessId=service-169050684401@gcf-admin-robot.iam.gserviceaccount.com&Expires=1771205456&Signature=bumF7EQ7rFtyeJ3xEAzgNFGiEFpLle9UqsdRYwFi0t5fl1Aa7zmD6aaG3vAC4diZrzMEy6bsk49SCZTyIbaZzoNttyeYaVldVMjZK%2FYu3xQHSADL%2B4iYcjrtzVrQfiTENDASn%2FNKAv8bMQGrxMtfZIQxtgUbcDDR8DXjZQlttdK9yX0lcTjVLUwgoOkbaLr1QPw%2BXo%2BoxpRZt2w3VSpq3qTJTyFV2PEojeOXsGWeWMlYkX5JYUcBhoU98%2FzdqgOT%2BKj0JZoQ8SzAI6ehg6jdlSjMDTuJwhiWDSoGIobrb5vYlLD9oQrX6ma6tQICF54ZUs%2Fg81VtemQply1bYpkJAg%3D%3D","environmentVariables":{"GA_PROPERTY_ID":"G-6HCB340LRG","FIREBASE_CONFIG":"{\"projectId\":\"rocket-prompt\",\"storageBucket\":\"rocket-prompt.firebasestorage.app\"}","GCLOUD_PROJECT":"rocket-prompt","EVENTARC_CLOUD_EVENT_SOURCE":"projects/rocket-prompt/locations/us-central1/functions/sendWelcomeEmail"},"runtime":"nodejs22","buildId":"db98ec2a-9c20-4155-bb86-0dcb1f2da107","buildEnvironmentVariables":{"GOOGLE_NODE_RUN_SCRIPTS":""},"secretEnvironmentVariables":[{"key":"SENDGRID_API_KEY","projectId":"rocket-prompt","secret":"SENDGRID_API_KEY","version":"3"}],"buildName":"projects/169050684401/locations/us-central1/builds/db98ec2a-9c20-4155-bb86-0dcb1f2da107","dockerRegistry":"ARTIFACT_REGISTRY","automaticUpdatePolicy":{},"buildServiceAccount":"projects/rocket-prompt/serviceAccounts/169050684401-compute@developer.gserviceaccount.com"},"versionId":"13","updateTime":"2026-02-16T01:55:28Z"},"done":true,"error":{"code":3,"message":"Failed to verify the provided Cloud Storage Signed URL"}}
[debug] [2026-02-16T01:55:29.333Z] Got source token undefined for region us-central1
[error] Failed to verify the provided Cloud Storage Signed URL
[debug] [2026-02-16T01:55:29.341Z] <<< [apiv2][status] GET https://cloudfunctions.googleapis.com/v1/operations/cm9ja2V0LXByb21wdC91cy1jZW50cmFsMS9jcmVhdGVCaWxsaW5nUG9ydGFsU2Vzc2lvbi9URzgwQ1Q5bU5uUQ 200
[debug] [2026-02-16T01:55:29.341Z] <<< [apiv2][body] GET https://cloudfunctions.googleapis.com/v1/operations/cm9ja2V0LXByb21wdC91cy1jZW50cmFsMS9jcmVhdGVCaWxsaW5nUG9ydGFsU2Vzc2lvbi9URzgwQ1Q5bU5uUQ {"name":"operations/cm9ja2V0LXByb21wdC91cy1jZW50cmFsMS9jcmVhdGVCaWxsaW5nUG9ydGFsU2Vzc2lvbi9URzgwQ1Q5bU5uUQ","metadata":{"@type":"type.googleapis.com/google.cloud.functions.v1.OperationMetadataV1","target":"projects/rocket-prompt/locations/us-central1/functions/createBillingPortalSession","type":"UPDATE_FUNCTION","request":{"@type":"type.googleapis.com/google.cloud.functions.v1.CloudFunction","name":"projects/rocket-prompt/locations/us-central1/functions/createBillingPortalSession","httpsTrigger":{"url":"https://us-central1-rocket-prompt.cloudfunctions.net/createBillingPortalSession","securityLevel":"SECURE_ALWAYS"},"status":"ACTIVE","entryPoint":"createBillingPortalSession","updateTime":"2026-02-12T16:30:55.684Z","versionId":"37","labels":{"deployment-tool":"cli-firebase","deployment-callable":"true","firebase-functions-hash":"2b734fd2536973b9b7ef964d880b2d948f20adbd"},"sourceUploadUrl":"https://storage.googleapis.com/uploads-17286520875.us-central1.cloudfunctions.appspot.com/e6460765-ab51-4992-8a95-38410992706c.zip?GoogleAccessId=service-169050684401@gcf-admin-robot.iam.gserviceaccount.com&Expires=1771205456&Signature=bumF7EQ7rFtyeJ3xEAzgNFGiEFpLle9UqsdRYwFi0t5fl1Aa7zmD6aaG3vAC4diZrzMEy6bsk49SCZTyIbaZzoNttyeYaVldVMjZK%2FYu3xQHSADL%2B4iYcjrtzVrQfiTENDASn%2FNKAv8bMQGrxMtfZIQxtgUbcDDR8DXjZQlttdK9yX0lcTjVLUwgoOkbaLr1QPw%2BXo%2BoxpRZt2w3VSpq3qTJTyFV2PEojeOXsGWeWMlYkX5JYUcBhoU98%2FzdqgOT%2BKj0JZoQ8SzAI6ehg6jdlSjMDTuJwhiWDSoGIobrb5vYlLD9oQrX6ma6tQICF54ZUs%2Fg81VtemQply1bYpkJAg%3D%3D","environmentVariables":{"GA_PROPERTY_ID":"G-6HCB340LRG","FIREBASE_CONFIG":"{\"projectId\":\"rocket-prompt\",\"storageBucket\":\"rocket-prompt.firebasestorage.app\"}","GCLOUD_PROJECT":"rocket-prompt","EVENTARC_CLOUD_EVENT_SOURCE":"projects/rocket-prompt/locations/us-central1/functions/createBillingPortalSession"},"runtime":"nodejs22","buildId":"db98ec2a-9c20-4155-bb86-0dcb1f2da107","buildEnvironmentVariables":{"GOOGLE_NODE_RUN_SCRIPTS":""},"secretEnvironmentVariables":[{"key":"STRIPE_SECRET_KEY","projectId":"rocket-prompt","secret":"STRIPE_SECRET_KEY","version":"2"}],"buildName":"projects/169050684401/locations/us-central1/builds/db98ec2a-9c20-4155-bb86-0dcb1f2da107","dockerRegistry":"ARTIFACT_REGISTRY","automaticUpdatePolicy":{},"buildServiceAccount":"projects/rocket-prompt/serviceAccounts/169050684401-compute@developer.gserviceaccount.com"},"versionId":"38","updateTime":"2026-02-16T01:55:28Z"},"done":true,"error":{"code":3,"message":"Failed to verify the provided Cloud Storage Signed URL"}}
[debug] [2026-02-16T01:55:29.341Z] Got source token undefined for region us-central1
[error] Failed to verify the provided Cloud Storage Signed URL
[debug] [2026-02-16T01:55:29.348Z] <<< [apiv2][status] GET https://cloudfunctions.googleapis.com/v1/operations/cm9ja2V0LXByb21wdC91cy1jZW50cmFsMS9zZW5kR29hbENyZWF0ZWRFbWFpbC9MZDV2cFJjOFBIVQ 200
[debug] [2026-02-16T01:55:29.348Z] <<< [apiv2][body] GET https://cloudfunctions.googleapis.com/v1/operations/cm9ja2V0LXByb21wdC91cy1jZW50cmFsMS9zZW5kR29hbENyZWF0ZWRFbWFpbC9MZDV2cFJjOFBIVQ {"name":"operations/cm9ja2V0LXByb21wdC91cy1jZW50cmFsMS9zZW5kR29hbENyZWF0ZWRFbWFpbC9MZDV2cFJjOFBIVQ","metadata":{"@type":"type.googleapis.com/google.cloud.functions.v1.OperationMetadataV1","target":"projects/rocket-prompt/locations/us-central1/functions/sendGoalCreatedEmail","type":"UPDATE_FUNCTION","request":{"@type":"type.googleapis.com/google.cloud.functions.v1.CloudFunction","name":"projects/rocket-prompt/locations/us-central1/functions/sendGoalCreatedEmail","httpsTrigger":{"url":"https://us-central1-rocket-prompt.cloudfunctions.net/sendGoalCreatedEmail","securityLevel":"SECURE_ALWAYS"},"status":"ACTIVE","entryPoint":"sendGoalCreatedEmail","updateTime":"2026-02-12T16:31:01.533Z","versionId":"53","labels":{"deployment-tool":"cli-firebase","deployment-callable":"true","firebase-functions-hash":"618a15276845177c7983eb5c1f991571ba8e7902"},"sourceUploadUrl":"https://storage.googleapis.com/uploads-17286520875.us-central1.cloudfunctions.appspot.com/e6460765-ab51-4992-8a95-38410992706c.zip?GoogleAccessId=service-169050684401@gcf-admin-robot.iam.gserviceaccount.com&Expires=1771205456&Signature=bumF7EQ7rFtyeJ3xEAzgNFGiEFpLle9UqsdRYwFi0t5fl1Aa7zmD6aaG3vAC4diZrzMEy6bsk49SCZTyIbaZzoNttyeYaVldVMjZK%2FYu3xQHSADL%2B4iYcjrtzVrQfiTENDASn%2FNKAv8bMQGrxMtfZIQxtgUbcDDR8DXjZQlttdK9yX0lcTjVLUwgoOkbaLr1QPw%2BXo%2BoxpRZt2w3VSpq3qTJTyFV2PEojeOXsGWeWMlYkX5JYUcBhoU98%2FzdqgOT%2BKj0JZoQ8SzAI6ehg6jdlSjMDTuJwhiWDSoGIobrb5vYlLD9oQrX6ma6tQICF54ZUs%2Fg81VtemQply1bYpkJAg%3D%3D","environmentVariables":{"GA_PROPERTY_ID":"G-6HCB340LRG","FIREBASE_CONFIG":"{\"projectId\":\"rocket-prompt\",\"storageBucket\":\"rocket-prompt.firebasestorage.app\"}","GCLOUD_PROJECT":"rocket-prompt","EVENTARC_CLOUD_EVENT_SOURCE":"projects/rocket-prompt/locations/us-central1/functions/sendGoalCreatedEmail"},"runtime":"nodejs22","buildId":"db98ec2a-9c20-4155-bb86-0dcb1f2da107","buildEnvironmentVariables":{"GOOGLE_NODE_RUN_SCRIPTS":""},"secretEnvironmentVariables":[{"key":"SENDGRID_API_KEY","projectId":"rocket-prompt","secret":"SENDGRID_API_KEY","version":"3"}],"buildName":"projects/169050684401/locations/us-central1/builds/db98ec2a-9c20-4155-bb86-0dcb1f2da107","dockerRegistry":"ARTIFACT_REGISTRY","automaticUpdatePolicy":{},"buildServiceAccount":"projects/rocket-prompt/serviceAccounts/169050684401-compute@developer.gserviceaccount.com"},"versionId":"54","updateTime":"2026-02-16T01:55:28Z"},"done":true,"error":{"code":3,"message":"Failed to verify the provided Cloud Storage Signed URL"}}
[debug] [2026-02-16T01:55:29.348Z] Got source token undefined for region us-central1
[error] Failed to verify the provided Cloud Storage Signed URL
[debug] [2026-02-16T01:55:31.203Z] [update-default-us-central1-initiateHeyGenVideo] Retrying task index 0
[debug] [2026-02-16T01:55:31.203Z] Checked if tokens are valid: true, expires at: 1771210524661
[debug] [2026-02-16T01:55:31.203Z] Checked if tokens are valid: true, expires at: 1771210524661
[debug] [2026-02-16T01:55:31.204Z] >>> [apiv2][query] GET https://cloudfunctions.googleapis.com/v2/projects/rocket-prompt/locations/us-central1/operations/operation-1771206926013-64ae73fa615b0-1080109a-a8262c3f [none]
[debug] [2026-02-16T01:55:31.355Z] <<< [apiv2][status] GET https://cloudfunctions.googleapis.com/v2/projects/rocket-prompt/locations/us-central1/operations/operation-1771206926013-64ae73fa615b0-1080109a-a8262c3f 200
[debug] [2026-02-16T01:55:31.355Z] <<< [apiv2][body] GET https://cloudfunctions.googleapis.com/v2/projects/rocket-prompt/locations/us-central1/operations/operation-1771206926013-64ae73fa615b0-1080109a-a8262c3f {"name":"projects/rocket-prompt/locations/us-central1/operations/operation-1771206926013-64ae73fa615b0-1080109a-a8262c3f","metadata":{"@type":"type.googleapis.com/google.cloud.functions.v2.OperationMetadata","createTime":"2026-02-16T01:55:27.031705695Z","target":"projects/rocket-prompt/locations/us-central1/functions/initiateHeyGenVideo","verb":"update","cancelRequested":false,"apiVersion":"v2","requestResource":{"@type":"type.googleapis.com/google.cloud.functions.v2.Function","name":"projects/rocket-prompt/locations/us-central1/functions/initiateHeyGenVideo","buildConfig":{"runtime":"nodejs22","entryPoint":"initiateHeyGenVideo","source":{"storageSource":{"bucket":"gcf-v2-sources-169050684401-us-central1","object":"initiateHeyGenVideo/function-source.zip","generation":"1771206926949437"}},"environmentVariables":{"GOOGLE_NODE_RUN_SCRIPTS":""},"dockerRepository":"projects/rocket-prompt/locations/us-central1/repositories/gcf-artifacts","sourceProvenance":{"resolvedStorageSource":{"bucket":"gcf-v2-sources-169050684401-us-central1","object":"initiateHeyGenVideo/function-source.zip","generation":"1770913847451323"}},"dockerRegistry":"ARTIFACT_REGISTRY","serviceAccount":"projects/rocket-prompt/serviceAccounts/169050684401-compute@developer.gserviceaccount.com","automaticUpdatePolicy":{}},"serviceConfig":{"service":"projects/rocket-prompt/locations/us-central1/services/initiateheygenvideo","timeoutSeconds":60,"environmentVariables":{"GA_PROPERTY_ID":"G-6HCB340LRG","FIREBASE_CONFIG":"{\"projectId\":\"rocket-prompt\",\"storageBucket\":\"rocket-prompt.firebasestorage.app\"}","GCLOUD_PROJECT":"rocket-prompt","EVENTARC_CLOUD_EVENT_SOURCE":"projects/rocket-prompt/locations/us-central1/services/initiateHeyGenVideo","FUNCTION_TARGET":"initiateHeyGenVideo","LOG_EXECUTION_ID":"true"},"ingressSettings":"ALLOW_ALL","uri":"https://initiateheygenvideo-dqcmto3fqa-uc.a.run.app","serviceAccountEmail":"169050684401-compute@developer.gserviceaccount.com","availableMemory":"256Mi","allTrafficOnLatestRevision":true,"secretEnvironmentVariables":[{"key":"HEYGEN_API_KEY","projectId":"rocket-prompt","secret":"HEYGEN_API_KEY","version":"1"}],"revision":"initiateheygenvideo-00019-jug","maxInstanceRequestConcurrency":80,"availableCpu":"1"},"state":"ACTIVE","labels":{"deployment-tool":"cli-firebase","deployment-callable":"true","firebase-functions-hash":"620e194a4b43642976db4b0f2213df68c7f8e6c1"},"environment":"GEN_2","url":"https://us-central1-rocket-prompt.cloudfunctions.net/initiateHeyGenVideo","satisfiesPzi":true},"stages":[{"name":"BUILD","message":"Build in progress","state":"IN_PROGRESS","resource":"projects/169050684401/locations/us-central1/builds/9e44cf1f-1744-4066-a0e4-e265509b628e","resourceUri":"https://console.cloud.google.com/cloud-build/builds;region=us-central1/9e44cf1f-1744-4066-a0e4-e265509b628e?project=169050684401"},{"name":"SERVICE","state":"NOT_STARTED"}],"operationType":"UPDATE_FUNCTION","buildName":"projects/169050684401/locations/us-central1/builds/9e44cf1f-1744-4066-a0e4-e265509b628e"},"done":false}
[debug] [2026-02-16T01:55:35.356Z] [update-default-us-central1-initiateHeyGenVideo] Retrying task index 0
[debug] [2026-02-16T01:55:35.357Z] Checked if tokens are valid: true, expires at: 1771210524661
[debug] [2026-02-16T01:55:35.357Z] Checked if tokens are valid: true, expires at: 1771210524661
[debug] [2026-02-16T01:55:35.357Z] >>> [apiv2][query] GET https://cloudfunctions.googleapis.com/v2/projects/rocket-prompt/locations/us-central1/operations/operation-1771206926013-64ae73fa615b0-1080109a-a8262c3f [none]
[debug] [2026-02-16T01:55:35.659Z] <<< [apiv2][status] GET https://cloudfunctions.googleapis.com/v2/projects/rocket-prompt/locations/us-central1/operations/operation-1771206926013-64ae73fa615b0-1080109a-a8262c3f 200
[debug] [2026-02-16T01:55:35.660Z] <<< [apiv2][body] GET https://cloudfunctions.googleapis.com/v2/projects/rocket-prompt/locations/us-central1/operations/operation-1771206926013-64ae73fa615b0-1080109a-a8262c3f {"name":"projects/rocket-prompt/locations/us-central1/operations/operation-1771206926013-64ae73fa615b0-1080109a-a8262c3f","metadata":{"@type":"type.googleapis.com/google.cloud.functions.v2.OperationMetadata","createTime":"2026-02-16T01:55:27.031705695Z","target":"projects/rocket-prompt/locations/us-central1/functions/initiateHeyGenVideo","verb":"update","cancelRequested":false,"apiVersion":"v2","requestResource":{"@type":"type.googleapis.com/google.cloud.functions.v2.Function","name":"projects/rocket-prompt/locations/us-central1/functions/initiateHeyGenVideo","buildConfig":{"runtime":"nodejs22","entryPoint":"initiateHeyGenVideo","source":{"storageSource":{"bucket":"gcf-v2-sources-169050684401-us-central1","object":"initiateHeyGenVideo/function-source.zip","generation":"1771206926949437"}},"environmentVariables":{"GOOGLE_NODE_RUN_SCRIPTS":""},"dockerRepository":"projects/rocket-prompt/locations/us-central1/repositories/gcf-artifacts","sourceProvenance":{"resolvedStorageSource":{"bucket":"gcf-v2-sources-169050684401-us-central1","object":"initiateHeyGenVideo/function-source.zip","generation":"1770913847451323"}},"dockerRegistry":"ARTIFACT_REGISTRY","serviceAccount":"projects/rocket-prompt/serviceAccounts/169050684401-compute@developer.gserviceaccount.com","automaticUpdatePolicy":{}},"serviceConfig":{"service":"projects/rocket-prompt/locations/us-central1/services/initiateheygenvideo","timeoutSeconds":60,"environmentVariables":{"GA_PROPERTY_ID":"G-6HCB340LRG","FIREBASE_CONFIG":"{\"projectId\":\"rocket-prompt\",\"storageBucket\":\"rocket-prompt.firebasestorage.app\"}","GCLOUD_PROJECT":"rocket-prompt","EVENTARC_CLOUD_EVENT_SOURCE":"projects/rocket-prompt/locations/us-central1/services/initiateHeyGenVideo","FUNCTION_TARGET":"initiateHeyGenVideo","LOG_EXECUTION_ID":"true"},"ingressSettings":"ALLOW_ALL","uri":"https://initiateheygenvideo-dqcmto3fqa-uc.a.run.app","serviceAccountEmail":"169050684401-compute@developer.gserviceaccount.com","availableMemory":"256Mi","allTrafficOnLatestRevision":true,"secretEnvironmentVariables":[{"key":"HEYGEN_API_KEY","projectId":"rocket-prompt","secret":"HEYGEN_API_KEY","version":"1"}],"revision":"initiateheygenvideo-00019-jug","maxInstanceRequestConcurrency":80,"availableCpu":"1"},"state":"ACTIVE","labels":{"deployment-tool":"cli-firebase","deployment-callable":"true","firebase-functions-hash":"620e194a4b43642976db4b0f2213df68c7f8e6c1"},"environment":"GEN_2","url":"https://us-central1-rocket-prompt.cloudfunctions.net/initiateHeyGenVideo","satisfiesPzi":true},"stages":[{"name":"BUILD","message":"Build in progress","state":"IN_PROGRESS","resource":"projects/169050684401/locations/us-central1/builds/9e44cf1f-1744-4066-a0e4-e265509b628e","resourceUri":"https://console.cloud.google.com/cloud-build/builds;region=us-central1/9e44cf1f-1744-4066-a0e4-e265509b628e?project=169050684401"},{"name":"SERVICE","state":"NOT_STARTED"}],"operationType":"UPDATE_FUNCTION","buildName":"projects/169050684401/locations/us-central1/builds/9e44cf1f-1744-4066-a0e4-e265509b628e"},"done":false}
[debug] [2026-02-16T01:55:43.661Z] [update-default-us-central1-initiateHeyGenVideo] Retrying task index 0
[debug] [2026-02-16T01:55:43.662Z] Checked if tokens are valid: true, expires at: 1771210524661
[debug] [2026-02-16T01:55:43.662Z] Checked if tokens are valid: true, expires at: 1771210524661
[debug] [2026-02-16T01:55:43.662Z] >>> [apiv2][query] GET https://cloudfunctions.googleapis.com/v2/projects/rocket-prompt/locations/us-central1/operations/operation-1771206926013-64ae73fa615b0-1080109a-a8262c3f [none]
[debug] [2026-02-16T01:55:43.835Z] <<< [apiv2][status] GET https://cloudfunctions.googleapis.com/v2/projects/rocket-prompt/locations/us-central1/operations/operation-1771206926013-64ae73fa615b0-1080109a-a8262c3f 200
[debug] [2026-02-16T01:55:43.835Z] <<< [apiv2][body] GET https://cloudfunctions.googleapis.com/v2/projects/rocket-prompt/locations/us-central1/operations/operation-1771206926013-64ae73fa615b0-1080109a-a8262c3f {"name":"projects/rocket-prompt/locations/us-central1/operations/operation-1771206926013-64ae73fa615b0-1080109a-a8262c3f","metadata":{"@type":"type.googleapis.com/google.cloud.functions.v2.OperationMetadata","createTime":"2026-02-16T01:55:27.031705695Z","target":"projects/rocket-prompt/locations/us-central1/functions/initiateHeyGenVideo","verb":"update","cancelRequested":false,"apiVersion":"v2","requestResource":{"@type":"type.googleapis.com/google.cloud.functions.v2.Function","name":"projects/rocket-prompt/locations/us-central1/functions/initiateHeyGenVideo","buildConfig":{"runtime":"nodejs22","entryPoint":"initiateHeyGenVideo","source":{"storageSource":{"bucket":"gcf-v2-sources-169050684401-us-central1","object":"initiateHeyGenVideo/function-source.zip","generation":"1771206926949437"}},"environmentVariables":{"GOOGLE_NODE_RUN_SCRIPTS":""},"dockerRepository":"projects/rocket-prompt/locations/us-central1/repositories/gcf-artifacts","sourceProvenance":{"resolvedStorageSource":{"bucket":"gcf-v2-sources-169050684401-us-central1","object":"initiateHeyGenVideo/function-source.zip","generation":"1770913847451323"}},"dockerRegistry":"ARTIFACT_REGISTRY","serviceAccount":"projects/rocket-prompt/serviceAccounts/169050684401-compute@developer.gserviceaccount.com","automaticUpdatePolicy":{}},"serviceConfig":{"service":"projects/rocket-prompt/locations/us-central1/services/initiateheygenvideo","timeoutSeconds":60,"environmentVariables":{"GA_PROPERTY_ID":"G-6HCB340LRG","FIREBASE_CONFIG":"{\"projectId\":\"rocket-prompt\",\"storageBucket\":\"rocket-prompt.firebasestorage.app\"}","GCLOUD_PROJECT":"rocket-prompt","EVENTARC_CLOUD_EVENT_SOURCE":"projects/rocket-prompt/locations/us-central1/services/initiateHeyGenVideo","FUNCTION_TARGET":"initiateHeyGenVideo","LOG_EXECUTION_ID":"true"},"ingressSettings":"ALLOW_ALL","uri":"https://initiateheygenvideo-dqcmto3fqa-uc.a.run.app","serviceAccountEmail":"169050684401-compute@developer.gserviceaccount.com","availableMemory":"256Mi","allTrafficOnLatestRevision":true,"secretEnvironmentVariables":[{"key":"HEYGEN_API_KEY","projectId":"rocket-prompt","secret":"HEYGEN_API_KEY","version":"1"}],"revision":"initiateheygenvideo-00019-jug","maxInstanceRequestConcurrency":80,"availableCpu":"1"},"state":"ACTIVE","labels":{"deployment-tool":"cli-firebase","deployment-callable":"true","firebase-functions-hash":"620e194a4b43642976db4b0f2213df68c7f8e6c1"},"environment":"GEN_2","url":"https://us-central1-rocket-prompt.cloudfunctions.net/initiateHeyGenVideo","satisfiesPzi":true},"stages":[{"name":"BUILD","message":"Build in progress","state":"IN_PROGRESS","resource":"projects/169050684401/locations/us-central1/builds/9e44cf1f-1744-4066-a0e4-e265509b628e","resourceUri":"https://console.cloud.google.com/cloud-build/builds;region=us-central1/9e44cf1f-1744-4066-a0e4-e265509b628e?project=169050684401"},{"name":"SERVICE","state":"NOT_STARTED"}],"operationType":"UPDATE_FUNCTION","buildName":"projects/169050684401/locations/us-central1/builds/9e44cf1f-1744-4066-a0e4-e265509b628e"},"done":false}
